<?xml version="1.0" encoding="UTF-8"?>
<COLLADA xmlns="http://www.collada.org/2005/11/COLLADASchema" version="1.4.1">
<!--
# File generated by ImageToStl.com - Free Image and 3D model conversion tools
-->
  <asset>
    <contributor>
      <author>ImageToStl.com</author>
      <authoring_tool>ImageToStl.com</authoring_tool>
    </contributor>
    <created>2024-10-02T10:30:54</created>
    <modified>2024-10-02T10:30:54</modified>
    <up_axis>Y_UP</up_axis>
  </asset>
  <library_effects>
    <effect id="effect_0">
        <profile_COMMON>
          <technique sid="common">
            <phong>
              <emission>
                <color>0 0 0 1</color>
              </emission>
              <diffuse>
                <color>0.35153 0.35153 0.35153 1</color>
              </diffuse>
              <shininess>
                <float>0</float>
              </shininess>
              <transparency>
                <float>1</float>
              </transparency>
            </phong>
          </technique>
        </profile_COMMON>
    </effect>
    <effect id="effect_1">
        <profile_COMMON>
          <technique sid="common">
            <phong>
              <emission>
                <color>0 0 0 1</color>
              </emission>
              <diffuse>
                <color>0.02519 0.02519 0.02519 1</color>
              </diffuse>
              <shininess>
                <float>0</float>
              </shininess>
              <transparency>
                <float>1</float>
              </transparency>
            </phong>
          </technique>
        </profile_COMMON>
    </effect>
    <effect id="effect_2">
        <profile_COMMON>
          <technique sid="common">
            <phong>
              <emission>
                <color>0 0 0 1</color>
              </emission>
              <diffuse>
                <color>0.7011 0.0999 0.0999 1</color>
              </diffuse>
              <shininess>
                <float>0</float>
              </shininess>
              <transparency>
                <float>1</float>
              </transparency>
            </phong>
          </technique>
        </profile_COMMON>
    </effect>
    <effect id="effect_3">
        <profile_COMMON>
          <technique sid="common">
            <phong>
              <emission>
                <color>0 0 0 1</color>
              </emission>
              <diffuse>
                <color>0.84687 0.84687 0.84687 1</color>
              </diffuse>
              <shininess>
                <float>0</float>
              </shininess>
              <transparency>
                <float>1</float>
              </transparency>
            </phong>
          </technique>
        </profile_COMMON>
    </effect>
    <effect id="effect_4">
        <profile_COMMON>
          <technique sid="common">
            <phong>
              <emission>
                <color>0 0 0 1</color>
              </emission>
              <diffuse>
                <color>0.92158 0.92158 0.89627 1</color>
              </diffuse>
              <shininess>
                <float>0</float>
              </shininess>
              <transparency>
                <float>1</float>
              </transparency>
            </phong>
          </technique>
        </profile_COMMON>
    </effect>
    <effect id="effect_5">
        <profile_COMMON>
          <technique sid="common">
            <phong>
              <diffuse>
                <color>0.75 0.75 0.75 1</color>
              </diffuse>
            </phong>
          </technique>
        </profile_COMMON>
    </effect>
  </library_effects>
  <library_materials>
    <material id="mat_0">
      <instance_effect url="#effect_0"/>
    </material>
    <material id="mat_1">
      <instance_effect url="#effect_1"/>
    </material>
    <material id="mat_2">
      <instance_effect url="#effect_2"/>
    </material>
    <material id="mat_3">
      <instance_effect url="#effect_3"/>
    </material>
    <material id="mat_4">
      <instance_effect url="#effect_4"/>
    </material>
    <material id="mat_5">
      <instance_effect url="#effect_5"/>
    </material>
  </library_materials>
  <library_geometries>
    <geometry id="geometry_b4a91cb9_e6f1_4274_a870_de4a3edd0d4f">
      <mesh>
        <source id="pos_0">
          <float_array id="pos_0-array" count="336">-27.85262489 -17.95490837 0 -27.81088829 -17.5 0 -27.84129143 -17.88870239 -2.5 -27.81088829 -17.5 -5 -27.85262489 -17.95490837 -5 -27.93824577 -18.28775978 -2.5 -27.98641777 -18.42023659 -5 -28.10701561 -18.68022919 -2.5 -28.21840096 -18.86802483 -5 -28.34697914 -19.04695129 -2.5 -28.54312134 -19.26776695 -5 -28.65072823 -19.36918831 -2.5 -28.94286537 -19.59248924 -5 -29.00459671 -19.63157272 -2.5 -29.3906517 -19.82447052 -5 -29.3906517 -19.82447052 -2.5 -29.78955078 -19.94503784 -2.5 -29.3906517 -19.82447052 0 -29.85598183 -19.9582634 0 -30.31088829 -20 -2.5 -30.31088829 -20 0 -30.76579666 -19.9582634 0 -30.83222771 -19.94503784 -2.5 -31.23112679 -19.82447052 0 -31.36219025 -19.76820755 -2.5 -31.67891312 -19.59248924 0 -31.85783958 -19.46390915 -2.5 -32.07865524 -19.26776695 0 -32.27479935 -19.04695129 -2.5 -32.40337753 -18.86802483 0 -32.57909775 -18.55130005 -2.5 -32.63536072 -18.42023659 0 -32.75592804 -18.02133751 -2.5 -32.76915359 -17.95490837 0 -32.8108902 -17.5 0 -32.76915359 -17.95490837 -5 -32.8108902 -17.5 -5 -29.85598183 -19.9582634 -5 -30.31088829 -20 -5 -30.76579666 -19.9582634 -5 -31.23112679 -19.82447052 -5 -31.67891312 -19.59248924 -5 -32.07865524 -19.26776695 -5 -32.40337753 -18.86802483 -5 -32.63536072 -18.42023659 -5 -28.94286537 -19.59248924 0 -28.54312134 -19.26776695 0 -28.21840096 -18.86802483 0 -27.98641777 -18.42023659 0 -27.85262489 -17.04509163 -5 -27.86585236 -16.97866249 -2.5 -27.98641777 -16.57976341 -5 -28.04268074 -16.44869995 -2.5 -28.21840096 -16.13197517 -5 -28.34697914 -15.95304871 -2.5 -28.54312134 -15.73223305 -5 -28.7639389 -15.5360899 -2.5 -28.94286537 -15.40751076 -5 -29.25958824 -15.2317915 -2.5 -29.3906517 -15.17552948 -5 -29.78955078 -15.05496311 -2.5 -29.85598183 -15.0417366 -5 -30.31088829 -15 -2.5 -30.31088829 -15 -5 -30.76579666 -15.0417366 -5 -30.83222771 -15.05496311 -2.5 -31.23112679 -15.17552948 -5 -31.23112679 -15.17552948 -2.5 -31.61718178 -15.36842823 -2.5 -31.23112679 -15.17552948 0 -31.67891312 -15.40751076 0 -27.85262489 -17.04509163 0 -27.98641777 -16.57976341 0 -28.21840096 -16.13197517 0 -28.54312134 -15.73223305 0 -28.94286537 -15.40751076 0 -29.3906517 -15.17552948 0 -29.85598183 -15.0417366 0 -30.31088829 -15 0 -30.76579666 -15.0417366 0 -31.97105026 -15.63081169 -2.5 -32.07865524 -15.73223305 0 -32.27479935 -15.95304871 -2.5 -32.40337753 -16.13197517 0 -32.51476288 -16.31977081 -2.5 -32.63536072 -16.57976341 0 -32.68353271 -16.71224022 -2.5 -32.76915359 -17.04509163 0 -32.78048706 -17.11129761 -2.5 -32.76915359 -17.04509163 -5 -32.63536072 -16.57976341 -5 -32.40337753 -16.13197517 -5 -32.07865524 -15.73223305 -5 -31.67891312 -15.40751076 -5 -30.31088829 17.5 -5 -30.31088829 17.5 0 -15.15544415 8.75 -2.5 0 0 0 0 0 -5 -60.62177658 0 -5 -60.62177658 0 0 -45.4663353 8.75 -2.5 -60.62177658 -35 -5 -60.62177658 -35 0 -60.62177658 -17.5 -2.5 -30.31088829 -52.5 -5 -30.31088829 -52.5 0 -45.4663353 -43.75 -2.5 0 -35 -5 0 -35 0 -15.15544415 -43.75 -2.5 0 -17.5 -2.5</float_array>
          <technique_common>
            <accessor source="#pos_0-array" count="336" stride="3">
              <param name="X" type="float"/>
              <param name="Y" type="float"/>
              <param name="Z" type="float"/>
            </accessor>
          </technique_common>
        </source>
        <source id="norm_0">
          <float_array id="norm_0-array" count="225">-0.98331 0.18196 0 -1 0 0 -0.98784 0.15548 0 -0.94906 0.3151 0 -0.92979 0.36809 0 -0.88155 0.47209 0 -0.837 0.54721 0 -0.78556 0.61878 0 -0.70711 0.70711 0 -0.66406 0.74768 0 -0.54721 0.837 0 -0.52252 0.85263 0 -0.36809 0.92979 0 -0.20854 0.97801 0 -0.18196 0.98331 0 0 1 0 0.18196 0.98331 0 0.20854 0.97801 0 0.36809 0.92979 0 0.42052 0.90728 0 0.54721 0.837 0 0.61878 0.78556 0 0.70711 0.70711 0 0.78556 0.61878 0 0.837 0.54721 0 0.90728 0.42052 0 0.92979 0.36809 0 0.97801 0.20854 0 0.98331 0.18196 0 1 0 0 -0.98331 -0.18196 -0 -0.97801 -0.20854 -0 -0.92979 -0.36809 -0 -0.90728 -0.42052 -0 -0.837 -0.54721 -0 -0.78556 -0.61878 -0 -0.70711 -0.70711 -0 -0.61878 -0.78556 -0 -0.54721 -0.837 -0 -0.42052 -0.90728 -0 -0.36809 -0.92979 -0 -0.20854 -0.97801 -0 -0.18196 -0.98331 -0 0 -1 0 0.18196 -0.98331 0 0.20854 -0.97801 0 0.36809 -0.92979 0 0.52252 -0.85263 0 0.54721 -0.837 0 -0 -1 -0 0.66406 -0.74768 0 0.70711 -0.70711 0 0.78556 -0.61878 0 0.837 -0.54721 0 0.88155 -0.47209 0 0.92979 -0.36809 0 0.94906 -0.3151 0 0.98331 -0.18196 0 0.98784 -0.15548 0 0.5 0.86603 0 -0.5 0.86603 -0 -0.5 0.86603 -0 -0.5 0.86603 -0 -1 0 0 -1 0 0 -1 0 0 -1 0 0 -1 0 0 -0.5 -0.86603 -0 -0.5 -0.86603 -0 -0.5 -0.86603 -0 0.5 -0.86603 0 1 0 0 0 0 1 -0 -0 -1</float_array>
          <technique_common>
            <accessor source="#norm_0-array" count="225" stride="3">
              <param name="X" type="float"/>
              <param name="Y" type="float"/>
              <param name="Z" type="float"/>
            </accessor>
          </technique_common>
        </source>
        <source id="uvs_0">
          <float_array id="uvs_0-array" count="0"></float_array>
          <technique_common>
            <accessor source="#uvs_0-array" count="0" stride="2">
              <param name="S" type="float"/>
              <param name="T" type="float"/>
            </accessor>
          </technique_common>
        </source>
        <vertices id="vert_0">
          <input semantic="POSITION" source="#pos_0"/>
        </vertices>
        <triangles count="224" material="mat_0">
          <input semantic="VERTEX" source="#vert_0" offset="0"/>
          <input semantic="NORMAL" source="#norm_0" offset="1"/>
          <p>0 0 1 1 2 2 2 2 1 1 3 1 2 2 3 1 4 0 2 2 4 0 5 3 5 3 4 0 6 4 5 3 6 4 7 5 7 5 6 4 8 6 7 5 8 6 9 7 9 7 8 6 10 8 9 7 10 8 11 9 11 9 10 8 12 10 11 9 12 10 13 11 13 11 12 10 14 12 13 11 14 12 15 12 15 12 14 12 16 13 15 12 16 13 17 12 17 12 16 13 18 14 18 14 16 13 19 15 18 14 19 15 20 15 20 15 19 15 21 16 21 16 19 15 22 17 21 16 22 17 23 18 23 18 22 17 24 19 23 18 24 19 25 20 25 20 24 19 26 21 25 20 26 21 27 22 27 22 26 21 28 23 27 22 28 23 29 24 29 24 28 23 30 25 29 24 30 25 31 26 31 26 30 25 32 27 31 26 32 27 33 28 33 28 32 27 34 29 34 29 32 27 35 28 34 29 35 28 36 29 14 12 37 14 16 13 16 13 37 14 19 15 37 14 38 15 19 15 19 15 38 15 39 16 19 15 39 16 22 17 22 17 39 16 40 18 22 17 40 18 24 19 24 19 40 18 41 20 24 19 41 20 26 21 26 21 41 20 42 22 26 21 42 22 28 23 28 23 42 22 43 24 28 23 43 24 30 25 30 25 43 24 44 26 30 25 44 26 32 27 32 27 44 26 35 28 15 12 17 12 13 11 13 11 17 12 45 10 13 11 45 10 11 9 11 9 45 10 46 8 11 9 46 8 9 7 9 7 46 8 47 6 9 7 47 6 7 5 7 5 47 6 48 4 7 5 48 4 5 3 5 3 48 4 0 0 5 3 0 0 2 2 3 1 1 1 49 30 49 30 1 1 50 31 49 30 50 31 51 32 51 32 50 31 52 33 51 32 52 33 53 34 53 34 52 33 54 35 53 34 54 35 55 36 55 36 54 35 56 37 55 36 56 37 57 38 57 38 56 37 58 39 57 38 58 39 59 40 59 40 58 39 60 41 59 40 60 41 61 42 61 42 60 41 62 43 61 42 62 43 63 43 63 43 62 43 64 44 64 44 62 43 65 45 64 44 65 45 66 46 66 46 65 45 67 46 66 46 67 46 68 47 68 47 67 46 69 46 68 47 69 46 70 48 1 1 71 30 50 31 50 31 71 30 72 32 50 31 72 32 52 33 52 33 72 32 73 34 52 33 73 34 54 35 54 35 73 34 74 36 54 35 74 36 56 37 56 37 74 36 75 38 56 37 75 38 58 39 58 39 75 38 76 40 58 39 76 40 60 41 60 41 76 40 77 42 60 41 77 42 62 43 62 43 77 42 78 49 62 43 78 49 79 44 62 43 79 44 65 45 65 45 79 44 69 46 65 45 69 46 67 46 68 47 70 48 80 50 80 50 70 48 81 51 80 50 81 51 82 52 82 52 81 51 83 53 82 52 83 53 84 54 84 54 83 53 85 55 84 54 85 55 86 56 86 56 85 55 87 57 86 56 87 57 88 58 88 58 87 57 34 29 88 58 34 29 36 29 36 29 89 57 88 58 88 58 89 57 86 56 89 57 90 55 86 56 86 56 90 55 84 54 90 55 91 53 84 54 84 54 91 53 82 52 91 53 92 51 82 52 82 52 92 51 80 50 92 51 93 48 80 50 80 50 93 48 68 47 93 48 66 46 68 47 94 59 95 59 96 59 96 59 95 59 97 59 96 59 97 59 98 59 98 59 94 59 96 59 99 60 100 60 101 61 101 61 100 60 95 62 101 61 95 62 94 62 94 62 99 60 101 61 102 63 103 64 104 65 104 65 103 64 100 66 104 65 100 66 99 67 99 67 102 63 104 65 105 68 106 68 107 69 107 69 106 68 103 70 107 69 103 70 102 70 102 70 105 68 107 69 108 71 109 71 110 71 110 71 109 71 106 71 110 71 106 71 105 71 105 71 108 71 110 71 98 72 97 72 111 72 111 72 97 72 109 72 111 72 109 72 108 72 108 72 98 72 111 72 87 73 100 73 34 73 34 73 100 73 103 73 34 73 103 73 33 73 33 73 103 73 31 73 31 73 103 73 29 73 29 73 103 73 27 73 27 73 103 73 106 73 27 73 106 73 25 73 25 73 106 73 23 73 23 73 106 73 21 73 21 73 106 73 20 73 20 73 106 73 18 73 18 73 106 73 17 73 17 73 106 73 45 73 45 73 106 73 46 73 46 73 106 73 109 73 46 73 109 73 47 73 47 73 109 73 48 73 48 73 109 73 0 73 0 73 109 73 1 73 1 73 109 73 97 73 1 73 97 73 71 73 71 73 97 73 72 73 72 73 97 73 73 73 73 73 97 73 74 73 74 73 97 73 95 73 74 73 95 73 75 73 75 73 95 73 76 73 76 73 95 73 77 73 77 73 95 73 78 73 78 73 95 73 79 73 79 73 95 73 69 73 69 73 95 73 70 73 70 73 95 73 81 73 81 73 95 73 100 73 81 73 100 73 83 73 83 73 100 73 85 73 85 73 100 73 87 73 35 74 102 74 36 74 36 74 102 74 99 74 36 74 99 74 89 74 89 74 99 74 90 74 90 74 99 74 91 74 91 74 99 74 92 74 92 74 99 74 94 74 92 74 94 74 93 74 93 74 94 74 66 74 66 74 94 74 64 74 64 74 94 74 63 74 63 74 94 74 61 74 61 74 94 74 59 74 59 74 94 74 57 74 57 74 94 74 55 74 55 74 94 74 98 74 55 74 98 74 53 74 53 74 98 74 51 74 51 74 98 74 49 74 49 74 98 74 3 74 3 74 98 74 108 74 3 74 108 74 4 74 4 74 108 74 6 74 6 74 108 74 8 74 8 74 108 74 10 74 10 74 108 74 105 74 10 74 105 74 12 74 12 74 105 74 14 74 14 74 105 74 37 74 37 74 105 74 38 74 38 74 105 74 39 74 39 74 105 74 40 74 40 74 105 74 41 74 41 74 105 74 42 74 42 74 105 74 102 74 42 74 102 74 43 74 43 74 102 74 44 74 44 74 102 74 35 74</p>
        </triangles>
      </mesh>
    </geometry>
    <geometry id="geometry_097954ce_9a98_4ff9_93dc_d835132ca4ef">
      <mesh>
        <source id="pos_1">
          <float_array id="pos_1-array" count="288">-27.81088829 -17.5 0 -27.81088829 -17.5 150 -27.85262489 -17.95490837 0 -27.86585236 -18.02133751 75 -27.98641777 -18.42023659 0 -28.04268074 -18.55130005 75 -28.21840096 -18.86802483 0 -28.34697914 -19.04695129 75 -28.54312134 -19.26776695 0 -28.7639389 -19.46390915 75 -28.94286537 -19.59248924 0 -29.25958824 -19.76820755 75 -29.3906517 -19.82447052 0 -29.78955078 -19.94503784 75 -29.85598183 -19.9582634 0 -30.31088829 -20 75 -30.31088829 -20 0 -30.76579666 -19.9582634 0 -30.83222771 -19.94503784 75 -31.23112679 -19.82447052 0 -31.23112679 -19.82447052 75 -31.61718178 -19.63157272 75 -31.23112679 -19.82447052 150 -31.67891312 -19.59248924 150 -27.85262489 -17.95490837 150 -27.98641777 -18.42023659 150 -28.21840096 -18.86802483 150 -28.54312134 -19.26776695 150 -28.94286537 -19.59248924 150 -29.3906517 -19.82447052 150 -29.85598183 -19.9582634 150 -30.31088829 -20 150 -30.76579666 -19.9582634 150 -31.97105026 -19.36918831 75 -32.07865524 -19.26776695 150 -32.27479935 -19.04695129 75 -32.40337753 -18.86802483 150 -32.51476288 -18.68022919 75 -32.63536072 -18.42023659 150 -32.68353271 -18.28775978 75 -32.76915359 -17.95490837 150 -32.78048706 -17.88870239 75 -32.8108902 -17.5 150 -32.8108902 -17.5 0 -32.76915359 -17.95490837 0 -32.63536072 -18.42023659 0 -32.40337753 -18.86802483 0 -32.07865524 -19.26776695 0 -31.67891312 -19.59248924 0 -27.85262489 -17.04509163 150 -27.84129143 -17.11129761 75 -27.85262489 -17.04509163 0 -27.93824577 -16.71224022 75 -27.98641777 -16.57976341 0 -28.10701561 -16.31977081 75 -28.21840096 -16.13197517 0 -28.34697914 -15.95304871 75 -28.54312134 -15.73223305 0 -28.65072823 -15.63081169 75 -28.94286537 -15.40751076 0 -29.00459671 -15.36842823 75 -29.3906517 -15.17552948 0 -29.3906517 -15.17552948 75 -29.78955078 -15.05496311 75 -29.3906517 -15.17552948 150 -29.85598183 -15.0417366 150 -30.31088829 -15 75 -30.31088829 -15 150 -30.76579666 -15.0417366 150 -30.83222771 -15.05496311 75 -31.23112679 -15.17552948 150 -31.36219025 -15.2317915 75 -31.67891312 -15.40751076 150 -31.85783958 -15.5360899 75 -32.07865524 -15.73223305 150 -32.27479935 -15.95304871 75 -32.40337753 -16.13197517 150 -32.57909775 -16.44869995 75 -32.63536072 -16.57976341 150 -32.75592804 -16.97866249 75 -32.76915359 -17.04509163 150 -32.76915359 -17.04509163 0 -29.85598183 -15.0417366 0 -30.31088829 -15 0 -30.76579666 -15.0417366 0 -31.23112679 -15.17552948 0 -31.67891312 -15.40751076 0 -32.07865524 -15.73223305 0 -32.40337753 -16.13197517 0 -32.63536072 -16.57976341 0 -28.94286537 -15.40751076 150 -28.54312134 -15.73223305 150 -28.21840096 -16.13197517 150 -27.98641777 -16.57976341 150 -30.31088829 -17.5 150 -30.31088829 -17.5 0</float_array>
          <technique_common>
            <accessor source="#pos_1-array" count="288" stride="3">
              <param name="X" type="float"/>
              <param name="Y" type="float"/>
              <param name="Z" type="float"/>
            </accessor>
          </technique_common>
        </source>
        <source id="norm_1">
          <float_array id="norm_1-array" count="186">1 -0 0 0.98331 -0.18196 0 0.97801 -0.20854 0 0.92979 -0.36809 0 0.90728 -0.42052 0 0.837 -0.54721 0 0.78556 -0.61878 0 0.70711 -0.70711 0 0.61878 -0.78556 0 0.54721 -0.837 0 0.42052 -0.90728 0 0.36809 -0.92979 0 0.20854 -0.97801 0 0.18196 -0.98331 0 -0 -1 -0 -0 -1 0 -0.18196 -0.98331 0 -0.20854 -0.97801 0 -0.36809 -0.92979 0 -0.52252 -0.85263 0 -0.54721 -0.837 0 0 -1 0 -0.66406 -0.74768 0 -0.70711 -0.70711 0 -0.78556 -0.61878 0 -0.837 -0.54721 0 -0.88155 -0.47209 0 -0.92979 -0.36809 0 -0.94906 -0.3151 0 -0.98331 -0.18196 0 -0.98784 -0.15548 0 -1 -0 0 0.98331 0.18196 0 0.98784 0.15548 0 0.94906 0.3151 0 0.92979 0.36809 0 0.88155 0.47209 0 0.837 0.54721 0 0.78556 0.61878 0 0.70711 0.70711 0 0.66406 0.74768 0 0.54721 0.837 0 0.52252 0.85263 0 0.36809 0.92979 0 0.20854 0.97801 0 0.18196 0.98331 0 -0 1 0 -0.18196 0.98331 0 -0.20854 0.97801 0 -0.36809 0.92979 0 -0.42052 0.90728 0 -0.54721 0.837 0 -0.61878 0.78556 0 -0.70711 0.70711 0 -0.78556 0.61878 0 -0.837 0.54721 0 -0.90728 0.42052 0 -0.92979 0.36809 0 -0.97801 0.20854 0 -0.98331 0.18196 0 0 0 1 -0 -0 -1</float_array>
          <technique_common>
            <accessor source="#norm_1-array" count="186" stride="3">
              <param name="X" type="float"/>
              <param name="Y" type="float"/>
              <param name="Z" type="float"/>
            </accessor>
          </technique_common>
        </source>
        <source id="uvs_1">
          <float_array id="uvs_1-array" count="0"></float_array>
          <technique_common>
            <accessor source="#uvs_1-array" count="0" stride="2">
              <param name="S" type="float"/>
              <param name="T" type="float"/>
            </accessor>
          </technique_common>
        </source>
        <vertices id="vert_1">
          <input semantic="POSITION" source="#pos_1"/>
        </vertices>
        <triangles count="188" material="mat_1">
          <input semantic="VERTEX" source="#vert_1" offset="0"/>
          <input semantic="NORMAL" source="#norm_1" offset="1"/>
          <p>0 0 1 0 2 1 2 1 1 0 3 2 2 1 3 2 4 3 4 3 3 2 5 4 4 3 5 4 6 5 6 5 5 4 7 6 6 5 7 6 8 7 8 7 7 6 9 8 8 7 9 8 10 9 10 9 9 8 11 10 10 9 11 10 12 11 12 11 11 10 13 12 12 11 13 12 14 13 14 13 13 12 15 14 14 13 15 14 16 15 16 15 15 14 17 16 17 16 15 14 18 17 17 16 18 17 19 18 19 18 18 17 20 18 19 18 20 18 21 19 21 19 20 18 22 18 21 19 22 18 23 20 1 0 24 1 3 2 3 2 24 1 25 3 3 2 25 3 5 4 5 4 25 3 26 5 5 4 26 5 7 6 7 6 26 5 27 7 7 6 27 7 9 8 9 8 27 7 28 9 9 8 28 9 11 10 11 10 28 9 29 11 11 10 29 11 13 12 13 12 29 11 30 13 13 12 30 13 15 14 15 14 30 13 31 21 15 14 31 21 32 16 15 14 32 16 18 17 18 17 32 16 22 18 18 17 22 18 20 18 21 19 23 20 33 22 33 22 23 20 34 23 33 22 34 23 35 24 35 24 34 23 36 25 35 24 36 25 37 26 37 26 36 25 38 27 37 26 38 27 39 28 39 28 38 27 40 29 39 28 40 29 41 30 41 30 40 29 42 31 41 30 42 31 43 31 43 31 44 29 41 30 41 30 44 29 39 28 44 29 45 27 39 28 39 28 45 27 37 26 45 27 46 25 37 26 37 26 46 25 35 24 46 25 47 23 35 24 35 24 47 23 33 22 47 23 48 20 33 22 33 22 48 20 21 19 48 20 19 18 21 19 49 32 1 0 50 33 50 33 1 0 0 0 50 33 0 0 51 32 50 33 51 32 52 34 52 34 51 32 53 35 52 34 53 35 54 36 54 36 53 35 55 37 54 36 55 37 56 38 56 38 55 37 57 39 56 38 57 39 58 40 58 40 57 39 59 41 58 40 59 41 60 42 60 42 59 41 61 43 60 42 61 43 62 43 62 43 61 43 63 44 62 43 63 44 64 43 64 43 63 44 65 45 65 45 63 44 66 46 65 45 66 46 67 46 67 46 66 46 68 47 68 47 66 46 69 48 68 47 69 48 70 49 70 49 69 48 71 50 70 49 71 50 72 51 72 51 71 50 73 52 72 51 73 52 74 53 74 53 73 52 75 54 74 53 75 54 76 55 76 55 75 54 77 56 76 55 77 56 78 57 78 57 77 56 79 58 78 57 79 58 80 59 80 59 79 58 42 31 42 31 79 58 81 59 42 31 81 59 43 31 61 43 82 45 63 44 63 44 82 45 66 46 82 45 83 46 66 46 66 46 83 46 84 47 66 46 84 47 69 48 69 48 84 47 85 49 69 48 85 49 71 50 71 50 85 49 86 51 71 50 86 51 73 52 73 52 86 51 87 53 73 52 87 53 75 54 75 54 87 53 88 55 75 54 88 55 77 56 77 56 88 55 89 57 77 56 89 57 79 58 79 58 89 57 81 59 62 43 64 43 60 42 60 42 64 43 90 41 60 42 90 41 58 40 58 40 90 41 91 39 58 40 91 39 56 38 56 38 91 39 92 37 56 38 92 37 54 36 54 36 92 37 93 35 54 36 93 35 52 34 52 34 93 35 49 32 52 34 49 32 50 33 80 60 42 60 94 60 94 60 42 60 40 60 94 60 40 60 38 60 38 60 36 60 94 60 94 60 36 60 34 60 94 60 34 60 23 60 23 60 22 60 94 60 94 60 22 60 32 60 94 60 32 60 31 60 31 60 30 60 94 60 94 60 30 60 29 60 94 60 29 60 28 60 28 60 27 60 94 60 94 60 27 60 26 60 94 60 26 60 25 60 25 60 24 60 94 60 94 60 24 60 1 60 94 60 1 60 49 60 49 60 93 60 94 60 94 60 93 60 92 60 94 60 92 60 91 60 91 60 90 60 94 60 94 60 90 60 64 60 94 60 64 60 65 60 65 60 67 60 94 60 94 60 67 60 68 60 94 60 68 60 70 60 70 60 72 60 94 60 94 60 72 60 74 60 94 60 74 60 76 60 76 60 78 60 94 60 94 60 78 60 80 60 51 61 0 61 95 61 95 61 0 61 2 61 95 61 2 61 4 61 4 61 6 61 95 61 95 61 6 61 8 61 95 61 8 61 10 61 10 61 12 61 95 61 95 61 12 61 14 61 95 61 14 61 16 61 16 61 17 61 95 61 95 61 17 61 19 61 95 61 19 61 48 61 48 61 47 61 95 61 95 61 47 61 46 61 95 61 46 61 45 61 45 61 44 61 95 61 95 61 44 61 43 61 95 61 43 61 81 61 81 61 89 61 95 61 95 61 89 61 88 61 95 61 88 61 87 61 87 61 86 61 95 61 95 61 86 61 85 61 95 61 85 61 84 61 84 61 83 61 95 61 95 61 83 61 82 61 95 61 82 61 61 61 61 61 59 61 95 61 95 61 59 61 57 61 95 61 57 61 55 61 55 61 53 61 95 61 95 61 53 61 51 61</p>
        </triangles>
      </mesh>
    </geometry>
    <geometry id="geometry_25d5e5e9_1057_4f6d_bcbe_eca16d123808">
      <mesh>
        <source id="pos_2">
          <float_array id="pos_2-array" count="78">-18.57411766 -15.43050957 151.29040527 -18.57411766 -18.43050957 151.29040527 -30.33201981 -16.93050957 151.41941833 -42.08992004 -18.43050957 151.5484314 -42.08992004 -15.43050957 151.5484314 -1.76348138 -15.43050957 167.73614502 -1.76348138 -18.43050957 167.73614502 -10.1687994 -16.93050957 159.51327515 -1.5054549 -15.43050957 191.25195312 -1.5054549 -18.43050957 191.25195312 -1.6344682 -16.93050957 179.49404907 -17.95118713 -15.43050957 208.06257629 -17.95118713 -18.43050957 208.06257629 -9.72832108 -16.93050957 199.65725708 -41.46699142 -15.43050957 208.32060242 -41.46699142 -18.43050957 208.32060242 -29.70908737 -16.93050957 208.19158936 -58.27762604 -15.43050957 191.87487793 -58.27762604 -18.43050957 191.87487793 -49.87230682 -16.93050957 200.0977478 -58.53565216 -15.43050957 168.35906982 -58.53565216 -18.43050957 168.35906982 -58.4066391 -16.93050957 180.11697388 -50.3127861 -16.93050957 159.95375061 -30.02055359 -15.43050957 179.80551147 -30.02055359 -18.43050957 179.80551147</float_array>
          <technique_common>
            <accessor source="#pos_2-array" count="78" stride="3">
              <param name="X" type="float"/>
              <param name="Y" type="float"/>
              <param name="Z" type="float"/>
            </accessor>
          </technique_common>
        </source>
        <source id="norm_2">
          <float_array id="norm_2-array" count="54">-0.01097 0 -0.99994 0.69931 -0 -0.71482 0.69931 -0 -0.71482 0.69931 -0 -0.71482 0.99994 0 -0.01097 0.71482 0 0.69931 0.01097 -0 0.99994 0.01097 -0 0.99994 0.01097 -0 0.99994 -0.69931 -0 0.71482 -0.69931 -0 0.71482 -0.69931 -0 0.71482 -0.99994 0 0.01097 -0.71482 -0 -0.69931 -0.71482 -0 -0.69931 -0.71482 -0 -0.69931 0 1 0 0 -1 0</float_array>
          <technique_common>
            <accessor source="#norm_2-array" count="54" stride="3">
              <param name="X" type="float"/>
              <param name="Y" type="float"/>
              <param name="Z" type="float"/>
            </accessor>
          </technique_common>
        </source>
        <source id="uvs_2">
          <float_array id="uvs_2-array" count="0"></float_array>
          <technique_common>
            <accessor source="#uvs_2-array" count="0" stride="2">
              <param name="S" type="float"/>
              <param name="T" type="float"/>
            </accessor>
          </technique_common>
        </source>
        <vertices id="vert_2">
          <input semantic="POSITION" source="#pos_2"/>
        </vertices>
        <triangles count="48" material="mat_2">
          <input semantic="VERTEX" source="#vert_2" offset="0"/>
          <input semantic="NORMAL" source="#norm_2" offset="1"/>
          <p>0 0 1 0 2 0 2 0 1 0 3 0 2 0 3 0 4 0 4 0 0 0 2 0 5 1 6 1 7 2 7 2 6 1 1 3 7 2 1 3 0 3 0 3 5 1 7 2 8 4 9 4 10 4 10 4 9 4 6 4 10 4 6 4 5 4 5 4 8 4 10 4 11 5 12 5 13 5 13 5 12 5 9 5 13 5 9 5 8 5 8 5 11 5 13 5 14 6 15 6 16 7 16 7 15 6 12 8 16 7 12 8 11 8 11 8 14 6 16 7 17 9 18 9 19 10 19 10 18 9 15 11 19 10 15 11 14 11 14 11 17 9 19 10 20 12 21 12 22 12 22 12 21 12 18 12 22 12 18 12 17 12 17 12 20 12 22 12 4 13 3 13 23 14 23 14 3 13 21 15 23 14 21 15 20 15 20 15 4 13 23 14 0 16 4 16 24 16 24 16 4 16 20 16 24 16 20 16 17 16 17 16 14 16 24 16 24 16 14 16 11 16 24 16 11 16 8 16 8 16 5 16 24 16 24 16 5 16 0 16 18 17 21 17 25 17 25 17 21 17 3 17 25 17 3 17 1 17 1 17 6 17 25 17 25 17 6 17 9 17 25 17 9 17 12 17 12 17 15 17 25 17 25 17 15 17 18 17</p>
        </triangles>
      </mesh>
    </geometry>
    <geometry id="geometry_a4b9a97d_72b2_46ad_b274_692a23318f0f">
      <mesh>
        <source id="pos_3">
          <float_array id="pos_3-array" count="144">-58.27762604 -15.43050957 191.87487793 -58.27762604 -18.43050957 191.87487793 -58.4066391 -16.93050957 180.11697388 -58.53565216 -18.43050957 168.35906982 -58.53565216 -15.43050957 168.35906982 -41.46699142 -15.43050957 208.32060242 -41.46699142 -18.43050957 208.32060242 -49.87230682 -16.93050957 200.0977478 -17.95118713 -15.43050957 208.06257629 -17.95118713 -18.43050957 208.06257629 -29.70908737 -16.93050957 208.19158936 -1.5054549 -15.43050957 191.25195312 -1.5054549 -18.43050957 191.25195312 -9.72832108 -16.93050957 199.65725708 -1.76348138 -15.43050957 167.73614502 -1.76348138 -18.43050957 167.73614502 -1.6344682 -16.93050957 179.49404907 -18.57411766 -15.43050957 151.29040527 -18.57411766 -18.43050957 151.29040527 -10.1687994 -16.93050957 159.51327515 -42.08992004 -15.43050957 151.5484314 -42.08992004 -18.43050957 151.5484314 -30.33201981 -16.93050957 151.41941833 -50.3127861 -16.93050957 159.95375061 -42.64555359 -15.43050957 149.32606506 -42.64555359 -18.43050957 149.32606506 -51.57277679 -16.93050957 158.25328064 -60.5 -18.43050957 167.18051147 -60.5 -15.43050957 167.18051147 -17.39555359 -15.43050957 149.32606506 -17.39555359 -18.43050957 149.32606506 -30.02055359 -16.93050957 149.32606506 0.45889246 -15.43050957 167.18051147 0.45889246 -18.43050957 167.18051147 -8.46833038 -16.93050957 158.25328064 0.45889246 -15.43050957 192.43051147 0.45889246 -18.43050957 192.43051147 0.45889246 -16.93050957 179.80551147 -17.39555359 -15.43050957 210.28495789 -17.39555359 -18.43050957 210.28495789 -8.46833038 -16.93050957 201.35772705 -42.64555359 -15.43050957 210.28495789 -42.64555359 -18.43050957 210.28495789 -30.02055359 -16.93050957 210.28495789 -60.5 -15.43050957 192.43051147 -60.5 -18.43050957 192.43051147 -51.57277679 -16.93050957 201.35772705 -60.5 -16.93050957 179.80551147</float_array>
          <technique_common>
            <accessor source="#pos_3-array" count="144" stride="3">
              <param name="X" type="float"/>
              <param name="Y" type="float"/>
              <param name="Z" type="float"/>
            </accessor>
          </technique_common>
        </source>
        <source id="norm_3">
          <float_array id="norm_3-array" count="66">0.99994 0 -0.01097 0.69931 0 -0.71482 -0.01097 0 -0.99994 -0.71482 0 -0.69931 -0.99994 0 0.01097 -0.69931 0 0.71482 0.01097 0 0.99994 0.71482 -0 0.69931 0.71482 -0 0.69931 0.71482 -0 0.69931 -0.70711 -0 -0.70711 -0.70711 -0 -0.70711 -0.70711 -0 -0.70711 0 0 -1 0.70711 0 -0.70711 1 0 0 0.70711 0 0.70711 0 0 1 -0.70711 0 0.70711 -1 0 0 0 1 0 0 -1 0</float_array>
          <technique_common>
            <accessor source="#norm_3-array" count="66" stride="3">
              <param name="X" type="float"/>
              <param name="Y" type="float"/>
              <param name="Z" type="float"/>
            </accessor>
          </technique_common>
        </source>
        <source id="uvs_3">
          <float_array id="uvs_3-array" count="0"></float_array>
          <technique_common>
            <accessor source="#uvs_3-array" count="0" stride="2">
              <param name="S" type="float"/>
              <param name="T" type="float"/>
            </accessor>
          </technique_common>
        </source>
        <vertices id="vert_3">
          <input semantic="POSITION" source="#pos_3"/>
        </vertices>
        <triangles count="96" material="mat_3">
          <input semantic="VERTEX" source="#vert_3" offset="0"/>
          <input semantic="NORMAL" source="#norm_3" offset="1"/>
          <p>0 0 1 0 2 0 2 0 1 0 3 0 2 0 3 0 4 0 4 0 0 0 2 0 5 1 6 1 7 1 7 1 6 1 1 1 7 1 1 1 0 1 0 1 5 1 7 1 8 2 9 2 10 2 10 2 9 2 6 2 10 2 6 2 5 2 5 2 8 2 10 2 11 3 12 3 13 3 13 3 12 3 9 3 13 3 9 3 8 3 8 3 11 3 13 3 14 4 15 4 16 4 16 4 15 4 12 4 16 4 12 4 11 4 11 4 14 4 16 4 17 5 18 5 19 5 19 5 18 5 15 5 19 5 15 5 14 5 14 5 17 5 19 5 20 6 21 6 22 6 22 6 21 6 18 6 22 6 18 6 17 6 17 6 20 6 22 6 4 7 3 7 23 8 23 8 3 7 21 9 23 8 21 9 20 9 20 9 4 7 23 8 24 10 25 10 26 11 26 11 25 10 27 12 26 11 27 12 28 12 28 12 24 10 26 11 29 13 30 13 31 13 31 13 30 13 25 13 31 13 25 13 24 13 24 13 29 13 31 13 32 14 33 14 34 14 34 14 33 14 30 14 34 14 30 14 29 14 29 14 32 14 34 14 35 15 36 15 37 15 37 15 36 15 33 15 37 15 33 15 32 15 32 15 35 15 37 15 38 16 39 16 40 16 40 16 39 16 36 16 40 16 36 16 35 16 35 16 38 16 40 16 41 17 42 17 43 17 43 17 42 17 39 17 43 17 39 17 38 17 38 17 41 17 43 17 44 18 45 18 46 18 46 18 45 18 42 18 46 18 42 18 41 18 41 18 44 18 46 18 28 19 27 19 47 19 47 19 27 19 45 19 47 19 45 19 44 19 44 19 28 19 47 19 20 20 28 20 4 20 4 20 28 20 44 20 4 20 44 20 0 20 0 20 44 20 41 20 0 20 41 20 5 20 5 20 41 20 38 20 5 20 38 20 8 20 8 20 38 20 35 20 8 20 35 20 11 20 11 20 35 20 32 20 11 20 32 20 14 20 14 20 32 20 29 20 14 20 29 20 17 20 17 20 29 20 24 20 17 20 24 20 20 20 20 20 24 20 28 20 3 21 27 21 21 21 21 21 27 21 25 21 21 21 25 21 18 21 18 21 25 21 30 21 18 21 30 21 15 21 15 21 30 21 33 21 15 21 33 21 12 21 12 21 33 21 36 21 12 21 36 21 9 21 9 21 36 21 39 21 9 21 39 21 6 21 6 21 39 21 42 21 6 21 42 21 1 21 1 21 42 21 45 21 1 21 45 21 3 21 3 21 45 21 27 21</p>
        </triangles>
      </mesh>
    </geometry>
    <geometry id="geometry_eb345625_8727_4a1c_b74d_c3f040e07a76">
      <mesh>
        <source id="pos_4">
          <float_array id="pos_4-array" count="1122">-36.97612381 -20.43050957 177.43255615 -36.97612381 -18.43050957 177.43255615 -37.25483704 -19.43050957 177.83055115 -37.41242218 -18.43050957 178.07575989 -37.58492279 -19.43050957 178.38725281 -37.5959053 -18.43050957 178.40969849 -37.71063232 -19.43050957 178.67961121 -37.73786926 -18.43050957 178.75840759 -37.80201721 -19.43050957 178.98416138 -37.83296204 -18.43050957 179.12379456 -37.90433884 -19.43050957 179.62190247 -37.89160919 -18.43050957 179.50213623 -37.94815826 -18.43050957 180.28044128 -37.94815826 -20.43050957 180.28044128 -37.90433884 -19.93050957 179.62190247 -37.80201721 -19.93050957 178.98416138 -37.83296204 -20.43050957 179.12379456 -37.73786926 -20.43050957 178.75840759 -37.89160919 -20.43050957 179.50213623 -37.71063232 -19.93050957 178.67961121 -37.5959053 -20.43050957 178.40969849 -37.58492279 -19.93050957 178.38725281 -37.41242218 -20.43050957 178.07575989 -37.25483704 -19.93050957 177.83055115 -34.53751755 -20.43050957 176.39230347 -34.53751755 -18.43050957 176.39230347 -35.00224304 -19.43050957 176.43916321 -35.22493744 -18.43050957 176.47097778 -35.55819321 -19.43050957 176.54176331 -35.55547333 -18.43050957 176.54104614 -35.82122803 -19.43050957 176.62792969 -35.8701973 -18.43050957 176.64797974 -36.07071304 -19.43050957 176.74569702 -36.16543961 -18.43050957 176.80036926 -36.44459915 -18.43050957 176.99026489 -36.53576279 -19.43050957 177.06033325 -36.53576279 -19.93050957 177.06033325 -36.44459915 -20.43050957 176.99026489 -36.16543961 -20.43050957 176.80036926 -36.07071304 -19.93050957 176.74569702 -35.8701973 -20.43050957 176.64797974 -35.82122803 -19.93050957 176.62792969 -35.55547333 -20.43050957 176.54104614 -35.55819321 -19.93050957 176.54176331 -35.22493744 -20.43050957 176.47097778 -35.00224304 -19.93050957 176.43916321 -32.07844543 -20.43050957 177.4427948 -32.07844543 -18.43050957 177.4427948 -32.42748642 -19.43050957 177.14128113 -32.61313248 -18.43050957 176.9941864 -32.89047623 -19.43050957 176.80419922 -32.89426041 -18.43050957 176.8019104 -33.13760757 -19.43050957 176.67198181 -33.19192505 -18.43050957 176.64802551 -33.3987999 -19.43050957 176.57240295 -33.5095253 -18.43050957 176.54043579 -33.95562744 -19.43050957 176.45326233 -33.84323883 -18.43050957 176.47027588 -33.95562744 -19.93050957 176.45326233 -33.3987999 -19.93050957 176.57240295 -33.5095253 -20.43050957 176.54043579 -33.19192505 -20.43050957 176.64802551 -33.84323883 -20.43050957 176.47027588 -33.13760757 -19.93050957 176.67198181 -32.89426041 -20.43050957 176.8019104 -32.89047623 -19.93050957 176.80419922 -32.61313248 -20.43050957 176.9941864 -32.42748642 -19.93050957 177.14128113 -31.11323166 -20.43050957 180.4236908 -31.11323166 -18.43050957 180.4236908 -31.1444149 -19.43050957 179.83673096 -31.16424179 -18.43050957 179.61349487 -31.2265625 -19.43050957 179.18656921 -31.22040558 -18.43050957 179.21885681 -31.30234909 -19.43050957 178.87333679 -31.31336212 -18.43050957 178.83679199 -31.41001511 -19.43050957 178.57098389 -31.45404816 -18.43050957 178.47102356 -31.63803482 -18.43050957 178.12002563 -31.71233749 -19.43050957 177.9960022 -31.71233749 -19.93050957 177.9960022 -31.63803482 -20.43050957 178.12002563 -31.41001511 -19.93050957 178.57098389 -31.45404816 -20.43050957 178.47102356 -31.31336212 -20.43050957 178.83679199 -31.30234909 -19.93050957 178.87333679 -31.22040558 -20.43050957 179.21885681 -31.2265625 -19.93050957 179.18656921 -31.16424179 -20.43050957 179.61349487 -31.1444149 -19.93050957 179.83673096 -31.52591896 -20.43050957 182.55534363 -31.52591896 -18.43050957 182.55534363 -31.40754128 -19.43050957 182.22895813 -31.34321785 -18.43050957 182.0382843 -31.26958084 -19.43050957 181.79048157 -31.205616 -18.43050957 181.51222229 -31.17771149 -19.43050957 181.34280396 -31.13907814 -18.43050957 180.97201538 -31.13907814 -20.43050957 180.97201538 -31.17771149 -19.93050957 181.34280396 -31.205616 -20.43050957 181.51222229 -31.26958084 -19.93050957 181.79048157 -31.34321785 -20.43050957 182.0382843 -31.40754128 -19.93050957 182.22895813 -32.73328781 -20.43050957 183.96734619 -32.73328781 -18.43050957 183.96734619 -32.48510742 -19.43050957 183.77911377 -32.35858154 -18.43050957 183.67695618 -32.18658447 -19.43050957 183.52363586 -32.02410889 -18.43050957 183.352005 -31.92939186 -19.43050957 183.2326355 -31.75555229 -18.43050957 182.97039795 -31.71628189 -19.43050957 182.90376282 -31.71628189 -19.93050957 182.90376282 -31.75555229 -20.43050957 182.97039795 -31.92939186 -19.93050957 183.2326355 -32.02410889 -20.43050957 183.352005 -32.18658447 -19.93050957 183.52363586 -32.35858154 -20.43050957 183.67695618 -32.48510742 -19.93050957 183.77911377 -34.5170517 -20.43050957 184.46870422 -34.5170517 -18.43050957 184.46870422 -34.19800949 -19.43050957 184.4465332 -34.04613113 -18.43050957 184.43156433 -33.81177139 -19.43050957 184.39755249 -33.58870316 -18.43050957 184.3467865 -33.43944168 -19.43050957 184.29946899 -33.15406418 -18.43050957 184.18154907 -33.08238602 -19.43050957 184.14746094 -33.08238602 -19.93050957 184.14746094 -33.15406418 -20.43050957 184.18154907 -33.43944168 -19.93050957 184.29946899 -33.58870316 -20.43050957 184.3467865 -33.81177139 -19.93050957 184.39755249 -34.04613113 -20.43050957 184.43156433 -34.19800949 -19.93050957 184.4465332 -36.93519592 -20.43050957 183.50349426 -36.93519592 -18.43050957 183.50349426 -36.57913971 -19.43050957 183.7805481 -36.39710236 -18.43050957 183.91114807 -36.11706543 -19.43050957 184.08639526 -36.11672211 -18.43050957 184.08659363 -35.87317276 -19.43050957 184.20713806 -35.82273865 -18.43050957 184.22798157 -35.61766052 -19.43050957 184.29878235 -35.51214981 -18.43050957 184.32780457 -35.07783508 -19.43050957 184.40997314 -35.18798828 -18.43050957 184.39364624 -35.07783508 -19.93050957 184.40997314 -35.61766052 -19.93050957 184.29878235 -35.51214981 -20.43050957 184.32780457 -35.82273865 -20.43050957 184.22798157 -35.18798828 -20.43050957 184.39364624 -35.87317276 -19.93050957 184.20713806 -36.11672211 -20.43050957 184.08659363 -36.11706543 -19.93050957 184.08639526 -36.39710236 -20.43050957 183.91114807 -36.57913971 -19.93050957 183.7805481 -37.92562103 -19.43050957 180.94662476 -37.91055679 -18.43050957 181.16043091 -37.84835434 -19.43050957 181.64447021 -37.85802841 -18.43050957 181.58880615 -37.76502609 -18.43050957 182.00325012 -37.61859512 -18.43050957 182.39932251 -37.65988159 -19.43050957 182.30404663 -37.77159882 -19.43050957 181.98027039 -37.84835434 -19.93050957 181.64447021 -37.92562103 -19.93050957 180.94662476 -37.91055679 -20.43050957 181.16043091 -37.51160812 -19.43050957 182.61523438 -37.42013168 -18.43050957 182.77748108 -37.33513641 -19.43050957 182.91670227 -37.33513641 -19.93050957 182.91670227 -37.42013168 -20.43050957 182.77748108 -37.51160812 -19.93050957 182.61523438 -37.61859512 -20.43050957 182.39932251 -37.65988159 -19.93050957 182.30404663 -37.76502609 -20.43050957 182.00325012 -37.77159882 -19.93050957 181.98027039 -37.85802841 -20.43050957 181.58880615 -37.97544098 -20.43050957 184.19926453 -37.97544098 -18.43050957 184.19926453 -38.35876083 -19.43050957 183.65722656 -38.57714844 -18.43050957 183.32048035 -38.60077667 -19.43050957 183.28166199 -38.82992172 -18.43050957 182.86386108 -38.81415558 -19.43050957 182.89585876 -38.98730469 -19.43050957 182.49563599 -38.81415558 -19.93050957 182.89585876 -38.98730469 -19.93050957 182.49563599 -38.82992172 -20.43050957 182.86386108 -39.0251236 -20.43050957 182.3866272 -39.11294174 -19.93050957 182.07839966 -39.15559006 -20.43050957 181.88619995 -39.19816589 -19.93050957 181.646698 -39.23579025 -20.43050957 181.36776733 -39.25308609 -19.93050957 181.20413208 -39.31241226 -20.43050957 180.30090332 -39.25308609 -19.43050957 181.20413208 -39.31241226 -18.43050957 180.30090332 -39.23579025 -18.43050957 181.36776733 -39.19816589 -19.43050957 181.646698 -39.15559006 -18.43050957 181.88619995 -39.11294174 -19.43050957 182.07839966 -39.0251236 -18.43050957 182.3866272 -38.60077667 -19.93050957 183.28166199 -38.57714844 -20.43050957 183.32048035 -38.35876083 -19.93050957 183.65722656 -34.52387238 -20.43050957 185.60786438 -34.52387238 -18.43050957 185.60786438 -35.18769836 -19.43050957 185.54786682 -35.49122238 -18.43050957 185.50793457 -35.96838379 -19.43050957 185.41293335 -35.95739365 -18.43050957 185.41571045 -36.33888245 -19.43050957 185.29756165 -36.402565 -18.43050957 185.27278137 -36.69130707 -19.43050957 185.1385498 -36.82149506 -18.43050957 185.06648254 -37.02700806 -19.43050957 184.93913269 -37.2183876 -18.43050957 184.80697632 -37.3501358 -19.43050957 184.7093811 -37.3501358 -19.93050957 184.7093811 -37.2183876 -20.43050957 184.80697632 -37.02700806 -19.93050957 184.93913269 -36.82149506 -20.43050957 185.06648254 -36.69130707 -19.93050957 185.1385498 -36.402565 -20.43050957 185.27278137 -36.33888245 -19.93050957 185.29756165 -35.95739365 -20.43050957 185.41571045 -35.96838379 -19.93050957 185.41293335 -35.49122238 -20.43050957 185.50793457 -35.18769836 -19.93050957 185.54786682 -32.02728271 -20.43050957 184.94619751 -32.02728271 -18.43050957 184.94619751 -32.41408539 -19.43050957 185.1361084 -32.61973953 -18.43050957 185.23002625 -32.91598511 -19.43050957 185.34950256 -33.22970963 -18.43050957 185.44839478 -33.43587494 -19.43050957 185.4956665 -33.86833954 -18.43050957 185.55970764 -33.97492981 -19.43050957 185.57023621 -33.97492981 -19.93050957 185.57023621 -33.86833954 -20.43050957 185.55970764 -33.43587494 -19.93050957 185.4956665 -33.22970963 -20.43050957 185.44839478 -32.91598511 -19.93050957 185.34950256 -32.61973953 -20.43050957 185.23002625 -32.41408539 -19.93050957 185.1361084 -30.33219528 -20.43050957 183.1010437 -30.33219528 -18.43050957 183.1010437 -30.55021095 -19.43050957 183.47085571 -30.66220665 -18.43050957 183.64860535 -30.84411812 -19.43050957 183.90904236 -31.04316711 -18.43050957 184.14927673 -31.19049454 -19.43050957 184.29893494 -31.50948334 -18.43050957 184.57142639 -31.59403801 -19.43050957 184.63623047 -31.59403801 -19.93050957 184.63623047 -31.50948334 -20.43050957 184.57142639 -31.19049454 -19.93050957 184.29893494 -31.04316711 -20.43050957 184.14927673 -30.84411812 -19.93050957 183.90904236 -30.66220665 -20.43050957 183.64860535 -30.55021095 -19.93050957 183.47085571 -29.74897575 -20.43050957 180.41687012 -29.74897575 -18.43050957 180.41687012 -29.77293777 -19.43050957 180.89611816 -29.78870583 -18.43050957 181.11138916 -29.82781029 -19.43050957 181.46614075 -29.88494301 -18.43050957 181.79341125 -29.94098854 -19.43050957 182.02326965 -30.07836342 -18.43050957 182.4539032 -30.11945915 -19.43050957 182.56594849 -30.11945915 -19.93050957 182.56594849 -30.07836342 -20.43050957 182.4539032 -29.94098854 -19.93050957 182.02326965 -29.88494301 -20.43050957 181.79341125 -29.82781029 -19.93050957 181.46614075 -29.78870583 -20.43050957 181.11138916 -29.77293777 -19.93050957 180.89611816 -30.36289215 -20.43050957 177.69517517 -30.36289215 -18.43050957 177.69517517 -30.18671989 -19.43050957 178.11686707 -30.09621239 -18.43050957 178.34960938 -29.98587227 -19.43050957 178.67088318 -29.89273834 -18.43050957 179.01856995 -29.84982872 -19.43050957 179.23977661 -29.79117393 -18.43050957 179.71090698 -29.78190041 -19.43050957 179.8243103 -29.78190041 -19.93050957 179.8243103 -29.79117393 -20.43050957 179.71090698 -29.84982872 -19.93050957 179.23977661 -29.89273834 -20.43050957 179.01856995 -29.98587227 -19.93050957 178.67088318 -30.09621239 -20.43050957 178.34960938 -30.18671989 -19.93050957 178.11686707 -32.10231781 -20.43050957 175.87730408 -32.10231781 -18.43050957 175.87730408 -31.74967575 -19.43050957 176.11236572 -31.57131386 -18.43050957 176.23939514 -31.32551765 -19.43050957 176.43363953 -31.09326172 -18.43050957 176.65237427 -30.95578766 -19.43050957 176.80722046 -30.70228767 -18.43050957 177.14900208 -30.64429665 -19.43050957 177.23674011 -30.64429665 -19.93050957 177.23674011 -30.70228767 -20.43050957 177.14900208 -30.95578766 -19.93050957 176.80722046 -31.09326172 -20.43050957 176.65237427 -31.32551765 -19.93050957 176.43363953 -31.57131386 -20.43050957 176.23939514 -31.74967575 -19.93050957 176.11236572 -34.53069687 -20.43050957 175.25997925 -34.53069687 -18.43050957 175.25997925 -34.1052742 -19.43050957 175.28819275 -33.89638901 -18.43050957 175.30749512 -33.58266068 -19.43050957 175.34960938 -33.27688599 -18.43050957 175.4131012 -33.07528687 -19.43050957 175.47084045 -32.68214417 -18.43050957 175.61593628 -32.58449554 -19.43050957 175.65716553 -32.58449554 -19.93050957 175.65716553 -32.68214417 -20.43050957 175.61593628 -33.07528687 -19.93050957 175.47084045 -33.27688599 -20.43050957 175.4131012 -33.58266068 -19.93050957 175.34960938 -33.89638901 -20.43050957 175.30749512 -34.1052742 -19.93050957 175.28819275 -37.05456924 -20.43050957 175.94210815 -37.05456924 -18.43050957 175.94210815 -36.66584015 -19.43050957 175.74633789 -36.45720673 -18.43050957 175.64866638 -36.1591568 -19.43050957 175.52563477 -35.84122849 -18.43050957 175.42332458 -35.63335419 -19.43050957 175.37483215 -35.19488907 -18.43050957 175.30900574 -35.08725739 -19.43050957 175.29827881 -35.08725739 -19.93050957 175.29827881 -35.19488907 -20.43050957 175.30900574 -35.63335419 -19.93050957 175.37483215 -35.84122849 -20.43050957 175.42332458 -36.1591568 -19.93050957 175.52563477 -36.45720673 -20.43050957 175.64866638 -36.66584015 -19.93050957 175.74633789 -38.73942566 -20.43050957 177.80432129 -38.73942566 -18.43050957 177.80432129 -38.52373123 -19.43050957 177.43415833 -38.41166306 -18.43050957 177.25418091 -38.23159027 -19.43050957 176.99313354 -38.03298187 -18.43050957 176.75012207 -37.88702774 -19.43050957 176.59953308 -37.56931305 -18.43050957 176.32299805 -37.48556137 -19.43050957 176.25746155 -37.48556137 -19.93050957 176.25746155 -37.56931305 -20.43050957 176.32299805 -37.88702774 -19.93050957 176.59953308 -38.03298187 -20.43050957 176.75012207 -38.23159027 -19.93050957 176.99313354 -38.41166306 -20.43050957 177.25418091 -38.52373123 -19.93050957 177.43415833 -39.28596497 -19.43050957 179.86854553 -39.26780701 -18.43050957 179.65411377 -39.22865677 -19.43050957 179.33427429 -39.16942978 -18.43050957 179.01965332 -39.11599731 -19.43050957 178.81271362 -38.98136139 -18.43050957 178.4058075 -38.94329071 -19.43050957 178.30493164 -38.94329071 -19.93050957 178.30493164 -38.98136139 -20.43050957 178.4058075 -39.11599731 -19.93050957 178.81271362 -39.16942978 -20.43050957 179.01965332 -39.22865677 -19.93050957 179.33427429 -39.26780701 -20.43050957 179.65411377 -39.28596497 -19.93050957 179.86854553</float_array>
          <technique_common>
            <accessor source="#pos_4-array" count="1122" stride="3">
              <param name="X" type="float"/>
              <param name="Y" type="float"/>
              <param name="Z" type="float"/>
            </accessor>
          </technique_common>
        </source>
        <source id="norm_4">
          <float_array id="norm_4-array" count="627">0.8137 0 0.58128 0.82981 0 0.55805 0.85432 0 0.51975 0.8966 0 0.44285 0.89992 0 0.43605 0.93989 0 0.34148 0.9501 0 0.31196 0.97161 0 0.2366 0.98041 0 0.19695 0.99531 0 0.09672 0.99334 0 0.11523 0.99868 0 0.05139 0.08932 0 0.996 0.12244 0 0.99248 0.16328 0 0.98658 0.25915 0 0.96584 0.25818 0 0.9661 0.36734 0 0.93009 0.39071 0 0.92052 0.48131 0 0.87655 0.51765 0 0.85559 0.59962 0 0.80029 0.61844 0 0.78584 0.65861 0 0.75248 -0.66192 0 0.74958 -0.63687 0 0.77097 -0.60224 0 0.79831 -0.52051 0 0.85386 -0.51914 0 0.85469 -0.41664 0 0.90907 -0.39025 0 0.92071 -0.29853 0 0.9544 -0.25687 0 0.96645 -0.13874 0 0.99033 -0.16143 0 0.98688 -0.08712 0 0.9962 -0.9991 0 0.04245 -0.99723 0 0.07443 -0.99456 0 0.1042 -0.98153 0 0.1913 -0.98307 0 0.18324 -0.95927 0 0.28247 -0.9556 0 0.29465 -0.92195 0 0.3873 -0.90832 0 0.41828 -0.86431 0 0.50296 -0.8517 0 0.52403 -0.82481 0 0.56541 -0.93818 -0 -0.34615 -0.94379 -0 -0.33055 -0.95176 -0 -0.30684 -0.96573 -0 -0.25956 -0.98273 -0 -0.18505 -0.98998 -0 -0.14119 -0.9974 -0 -0.07204 -0.9994 -0 -0.03466 -0.59807 -0 -0.80144 -0.61674 -0 -0.78717 -0.64123 -0 -0.76735 -0.69243 -0 -0.72148 -0.7616 -0 -0.64805 -0.80291 -0 -0.5961 -0.85724 -0 -0.51491 -0.86543 -0 -0.50103 -0.88339 -0 -0.46864 -0.06159 -0 -0.9981 -0.08494 -0 -0.99639 -0.11294 -0 -0.9936 -0.17896 -0 -0.98386 -0.26873 -0 -0.96322 -0.33336 -0 -0.9428 -0.42177 -0 -0.9067 -0.43669 -0 -0.89961 -0.46924 -0 -0.88307 0.62213 0 -0.78291 0.5977 0 -0.80172 0.56564 0 -0.82465 0.48851 0 -0.87256 0.4884 0 -0.87262 0.39328 0 -0.91942 0.37049 0 -0.92884 0.28433 0 -0.95873 0.24658 0 -0.96912 0.13634 0 -0.99066 0.15776 0 -0.98748 0.08823 0 -0.9961 0.99976 0 -0.02212 0.99835 0 -0.05741 0.99642 0 -0.0845 0.98405 0 -0.1779 0.98634 0 -0.16475 0.96042 0 -0.27856 0.91086 0 -0.4127 0.9242 0 -0.38191 0.9625 0 -0.27128 0.88133 0 -0.47249 0.86121 0 -0.50825 0.84624 0 -0.5328 0.8161 0 -0.57791 -0.81099 0 0.58506 -0.8273 0 0.56176 -0.85237 0 0.52294 -0.85586 0 0.5172 -0.89884 0 0.43829 -0.89531 0 0.44545 -0.93938 0 0.34287 -0.94982 0 0.31281 -0.97148 0 0.23711 -0.98041 0 0.19696 -0.98801 0 0.15436 -0.9934 0 0.11467 -0.99537 0 0.09609 -0.99873 0 0.05044 -0.07898 0 0.99688 -0.1123 0 0.99367 -0.15109 0 0.98852 -0.24634 0 0.96918 -0.24364 0 0.96987 -0.35218 0 0.93593 -0.37323 0 0.92774 -0.46601 0 0.88478 -0.50168 0 0.86505 -0.54963 0 0.83541 -0.58514 0 0.81093 -0.60461 0 0.79652 -0.64538 0 0.76386 0.44717 0 0.89445 0.42768 0 0.90393 0.40114 0 0.91601 0.34246 0 0.93953 0.25387 0 0.96724 0.19466 0 0.98087 0.10589 0 0.99438 0.09115 0 0.99584 0.05708 0 0.99837 0.86543 0 0.50102 0.85328 0 0.52145 0.83755 0 0.54636 0.79832 0 0.60223 0.73694 0 0.67596 0.68897 0 0.72479 0.6151 0 0.78845 0.6019 0 0.79857 0.5718 0 0.82039 0.99905 0 0.04347 0.99802 0 0.06291 0.99642 0 0.08453 0.99038 0 0.13836 0.97798 0 0.20872 0.96468 0 0.26342 0.94129 0 0.33759 0.9365 0 0.35068 0.92551 0 0.37873 0.92028 0 -0.39127 0.92749 0 -0.37385 0.93708 0 -0.34911 0.95495 0 -0.29675 0.97628 0 -0.21653 0.98617 0 -0.16572 0.99612 0 -0.08803 0.99715 0 -0.07538 0.99896 0 -0.04557 0.54796 0 -0.83651 0.56798 0 -0.82304 0.59401 0 -0.80446 0.6492 0 -0.76062 0.72389 0 -0.68991 0.76944 0 -0.63872 0.82953 0 -0.55847 0.83869 0 -0.54462 0.85876 0 -0.51237 0.05931 0 -0.99824 0.08001 0 -0.99679 0.10567 0 -0.9944 0.16443 0 -0.98639 0.2459 0 -0.9693 0.3027 0 -0.95308 0.38218 0 -0.92409 0.3955 0 -0.91847 0.42508 0 -0.90515 -0.45636 -0 -0.8898 -0.43656 -0 -0.89968 -0.40928 -0 -0.91241 -0.34933 -0 -0.937 -0.25814 -0 -0.96611 -0.19781 -0 -0.98024 -0.10693 -0 -0.99427 -0.09191 -0 -0.99577 -0.05708 -0 -0.99837 -0.86789 -0 -0.49675 -0.85604 -0 -0.5169 -0.8405 -0 -0.54181 -0.80214 -0 -0.59713 -0.74168 -0 -0.67075 -0.69508 -0 -0.71893 -0.6229 -0 -0.7823 -0.61007 -0 -0.79235 -0.58066 -0 -0.81415 -0.99849 -0 -0.05485 -0.9973 -0 -0.0735 -0.9953 -0 -0.09684 -0.98872 -0 -0.14975 -0.97468 -0 -0.22359 -0.96154 -0 -0.27466 -0.93791 -0 -0.34688 -0.93334 -0 -0.359 -0.92245 -0 -0.38613 0 -1 0 0 1 0</float_array>
          <technique_common>
            <accessor source="#norm_4-array" count="627" stride="3">
              <param name="X" type="float"/>
              <param name="Y" type="float"/>
              <param name="Z" type="float"/>
            </accessor>
          </technique_common>
        </source>
        <source id="uvs_4">
          <float_array id="uvs_4-array" count="0"></float_array>
          <technique_common>
            <accessor source="#uvs_4-array" count="0" stride="2">
              <param name="S" type="float"/>
              <param name="T" type="float"/>
            </accessor>
          </technique_common>
        </source>
        <vertices id="vert_4">
          <input semantic="POSITION" source="#pos_4"/>
        </vertices>
        <triangles count="748" material="mat_3">
          <input semantic="VERTEX" source="#vert_4" offset="0"/>
          <input semantic="NORMAL" source="#norm_4" offset="1"/>
          <p>0 0 1 0 2 1 2 1 1 0 3 2 2 1 3 2 4 3 4 3 3 2 5 4 4 3 5 4 6 5 6 5 5 4 7 6 6 5 7 6 8 7 8 7 7 6 9 8 8 7 9 8 10 9 10 9 9 8 11 10 10 9 11 10 12 11 12 11 13 11 10 9 10 9 13 11 14 9 10 9 14 9 15 7 15 7 14 9 16 8 15 7 16 8 17 6 13 11 18 10 14 9 14 9 18 10 16 8 15 7 17 6 19 5 19 5 17 6 20 4 19 5 20 4 21 3 21 3 20 4 22 2 21 3 22 2 23 1 23 1 22 2 0 0 23 1 0 0 2 1 10 9 15 7 8 7 8 7 15 7 19 5 8 7 19 5 6 5 6 5 19 5 21 3 6 5 21 3 4 3 4 3 21 3 23 1 4 3 23 1 2 1 24 12 25 12 26 13 26 13 25 12 27 14 26 13 27 14 28 15 28 15 27 14 29 16 28 15 29 16 30 17 30 17 29 16 31 18 30 17 31 18 32 19 32 19 31 18 33 20 32 19 33 20 34 21 32 19 34 21 35 22 35 22 34 21 1 23 35 22 1 23 0 23 35 22 0 23 36 22 36 22 0 23 37 21 36 22 37 21 38 20 36 22 38 20 39 19 39 19 38 20 40 18 39 19 40 18 41 17 41 17 40 18 42 16 41 17 42 16 43 15 43 15 42 16 44 14 43 15 44 14 45 13 45 13 44 14 24 12 45 13 24 12 26 13 36 22 39 19 35 22 35 22 39 19 32 19 39 19 41 17 32 19 32 19 41 17 30 17 45 13 26 13 28 15 41 17 43 15 30 17 30 17 43 15 28 15 43 15 45 13 28 15 46 24 47 24 48 25 48 25 47 24 49 26 48 25 49 26 50 27 50 27 49 26 51 28 50 27 51 28 52 29 52 29 51 28 53 30 52 29 53 30 54 31 54 31 53 30 55 32 54 31 55 32 56 33 56 33 55 32 57 34 56 33 57 34 25 35 25 35 24 35 56 33 56 33 24 35 58 33 56 33 58 33 59 31 59 31 58 33 60 32 59 31 60 32 61 30 24 35 62 34 58 33 58 33 62 34 60 32 59 31 61 30 63 29 63 29 61 30 64 28 63 29 64 28 65 27 65 27 64 28 66 26 65 27 66 26 67 25 67 25 66 26 46 24 67 25 46 24 48 25 56 33 59 31 54 31 54 31 59 31 63 29 54 31 63 29 52 29 52 29 63 29 65 27 52 29 65 27 50 27 50 27 65 27 67 25 50 27 67 25 48 25 68 36 69 36 70 37 70 37 69 36 71 38 70 37 71 38 72 39 72 39 71 38 73 40 72 39 73 40 74 41 74 41 73 40 75 42 74 41 75 42 76 43 76 43 75 42 77 44 76 43 77 44 78 45 76 43 78 45 79 46 79 46 78 45 47 47 79 46 47 47 46 47 79 46 46 47 80 46 80 46 46 47 81 45 80 46 81 45 82 43 82 43 81 45 83 44 82 43 83 44 84 42 82 43 84 42 85 41 85 41 84 42 86 40 85 41 86 40 87 39 87 39 86 40 88 38 87 39 88 38 89 37 89 37 88 38 68 36 89 37 68 36 70 37 80 46 82 43 79 46 79 46 82 43 76 43 82 43 85 41 76 43 76 43 85 41 74 41 89 37 70 37 72 39 85 41 87 39 74 41 74 41 87 39 72 39 87 39 89 37 72 39 90 48 91 48 92 49 92 49 91 48 93 50 92 49 93 50 94 51 94 51 93 50 95 52 94 51 95 52 96 53 96 53 95 52 97 54 96 53 97 54 69 55 68 55 98 54 69 55 69 55 98 54 96 53 96 53 98 54 99 53 99 53 98 54 100 52 99 53 100 52 101 51 101 51 100 52 102 50 101 51 102 50 103 49 103 49 102 50 90 48 103 49 90 48 92 49 103 49 92 49 94 51 99 53 101 51 96 53 96 53 101 51 94 51 101 51 103 49 94 51 104 56 105 56 106 57 106 57 105 56 107 58 106 57 107 58 108 59 108 59 107 58 109 60 108 59 109 60 110 61 110 61 109 60 111 62 110 61 111 62 112 63 112 63 111 62 91 64 112 63 91 64 90 64 112 63 90 64 113 63 113 63 90 64 114 62 113 63 114 62 115 61 115 61 114 62 116 60 115 61 116 60 117 59 117 59 116 60 118 58 117 59 118 58 119 57 119 57 118 58 104 56 119 57 104 56 106 57 113 63 115 61 112 63 112 63 115 61 110 61 119 57 106 57 108 59 115 61 117 59 110 61 110 61 117 59 108 59 117 59 119 57 108 59 120 65 121 65 122 66 122 66 121 65 123 67 122 66 123 67 124 68 124 68 123 67 125 69 124 68 125 69 126 70 126 70 125 69 127 71 126 70 127 71 128 72 128 72 127 71 105 73 128 72 105 73 104 73 128 72 104 73 129 72 129 72 104 73 130 71 129 72 130 71 131 70 131 70 130 71 132 69 131 70 132 69 133 68 133 68 132 69 134 67 133 68 134 67 135 66 135 66 134 67 120 65 135 66 120 65 122 66 129 72 131 70 128 72 128 72 131 70 126 70 135 66 122 66 124 68 131 70 133 68 126 70 126 70 133 68 124 68 133 68 135 66 124 68 136 74 137 74 138 75 138 75 137 74 139 76 138 75 139 76 140 77 140 77 139 76 141 78 140 77 141 78 142 79 142 79 141 78 143 80 142 79 143 80 144 81 144 81 143 80 145 82 144 81 145 82 146 83 146 83 145 82 147 84 146 83 147 84 121 85 121 85 120 85 146 83 146 83 120 85 148 83 146 83 148 83 149 81 149 81 148 83 150 82 149 81 150 82 151 80 120 85 152 84 148 83 148 83 152 84 150 82 149 81 151 80 153 79 153 79 151 80 154 78 153 79 154 78 155 77 155 77 154 78 156 76 155 77 156 76 157 75 157 75 156 76 136 74 157 75 136 74 138 75 146 83 149 81 144 81 144 81 149 81 153 79 144 81 153 79 142 79 142 79 153 79 155 77 142 79 155 77 140 77 140 77 155 77 157 75 140 77 157 75 138 75 13 86 12 86 158 87 158 87 12 86 159 88 158 87 159 88 160 89 160 89 159 88 161 90 160 89 161 90 162 91 163 92 164 93 162 91 162 91 164 93 165 94 162 91 165 94 160 89 160 89 165 94 166 89 160 89 166 89 167 87 167 87 166 89 168 88 167 87 168 88 13 86 164 93 163 92 169 95 169 95 163 92 170 96 169 95 170 96 171 97 171 97 170 96 137 98 171 97 137 98 136 98 171 97 136 98 172 97 172 97 136 98 173 96 172 97 173 96 174 95 174 95 173 96 175 92 174 95 175 92 176 93 176 93 175 92 177 91 176 93 177 91 178 94 178 94 177 91 166 89 178 94 166 89 165 94 177 91 179 90 166 89 166 89 179 90 168 88 167 87 13 86 158 87 172 97 174 95 171 97 171 97 174 95 169 95 178 94 165 94 164 93 174 95 176 93 169 95 169 95 176 93 164 93 176 93 178 94 164 93 167 87 158 87 160 89 180 99 181 99 182 100 182 100 181 99 183 101 182 100 183 101 184 102 184 102 183 101 185 103 184 102 185 103 186 104 186 104 185 103 187 105 186 104 187 105 188 104 188 104 187 105 189 105 188 104 189 105 190 103 190 103 189 105 191 106 191 106 189 105 192 107 191 106 192 107 193 108 193 108 192 107 194 109 193 108 194 109 195 110 195 110 194 109 196 111 195 110 196 111 197 112 197 112 196 111 198 111 197 112 198 111 199 112 199 112 198 111 200 110 200 110 198 111 201 109 200 110 201 109 202 108 202 108 201 109 203 107 202 108 203 107 204 106 204 106 203 107 187 105 204 106 187 105 185 103 188 104 190 103 205 102 205 102 190 103 206 101 205 102 206 101 207 100 207 100 206 101 180 99 207 100 180 99 182 100 196 111 194 109 198 111 198 111 194 109 201 109 189 105 187 105 203 107 194 109 192 107 201 109 201 109 192 107 203 107 192 107 189 105 203 107 207 100 182 100 184 102 188 104 205 102 186 104 186 104 205 102 184 102 205 102 207 100 184 102 208 113 209 113 210 114 210 114 209 113 211 115 210 114 211 115 212 116 212 116 211 115 213 117 212 116 213 117 214 118 214 118 213 117 215 119 214 118 215 119 216 120 216 120 215 119 217 121 216 120 217 121 218 122 218 122 217 121 219 123 218 122 219 123 220 124 220 124 219 123 181 125 220 124 181 125 180 125 220 124 180 125 221 124 221 124 180 125 222 123 221 124 222 123 223 122 223 122 222 123 224 121 223 122 224 121 225 120 225 120 224 121 226 119 225 120 226 119 227 118 227 118 226 119 228 117 227 118 228 117 229 116 229 116 228 117 230 115 229 116 230 115 231 114 231 114 230 115 208 113 231 114 208 113 210 114 221 124 223 122 220 124 220 124 223 122 218 122 223 122 225 120 218 122 218 122 225 120 216 120 225 120 227 118 216 120 216 120 227 118 214 118 231 114 210 114 212 116 227 118 229 116 214 118 214 118 229 116 212 116 229 116 231 114 212 116 232 126 233 126 234 127 234 127 233 126 235 128 234 127 235 128 236 129 236 129 235 128 237 130 236 129 237 130 238 131 238 131 237 130 239 132 238 131 239 132 240 133 240 133 239 132 209 134 240 133 209 134 208 134 240 133 208 134 241 133 241 133 208 134 242 132 241 133 242 132 243 131 243 131 242 132 244 130 243 131 244 130 245 129 245 129 244 130 246 128 245 129 246 128 247 127 247 127 246 128 232 126 247 127 232 126 234 127 241 133 243 131 240 133 240 133 243 131 238 131 247 127 234 127 236 129 243 131 245 129 238 131 238 131 245 129 236 129 245 129 247 127 236 129 248 135 249 135 250 136 250 136 249 135 251 137 250 136 251 137 252 138 252 138 251 137 253 139 252 138 253 139 254 140 254 140 253 139 255 141 254 140 255 141 256 142 256 142 255 141 233 143 256 142 233 143 232 143 256 142 232 143 257 142 257 142 232 143 258 141 257 142 258 141 259 140 259 140 258 141 260 139 259 140 260 139 261 138 261 138 260 139 262 137 261 138 262 137 263 136 263 136 262 137 248 135 263 136 248 135 250 136 257 142 259 140 256 142 256 142 259 140 254 140 263 136 250 136 252 138 259 140 261 138 254 140 254 140 261 138 252 138 261 138 263 136 252 138 264 144 265 144 266 145 266 145 265 144 267 146 266 145 267 146 268 147 268 147 267 146 269 148 268 147 269 148 270 149 270 149 269 148 271 150 270 149 271 150 272 151 272 151 271 150 249 152 272 151 249 152 248 152 272 151 248 152 273 151 273 151 248 152 274 150 273 151 274 150 275 149 275 149 274 150 276 148 275 149 276 148 277 147 277 147 276 148 278 146 277 147 278 146 279 145 279 145 278 146 264 144 279 145 264 144 266 145 273 151 275 149 272 151 272 151 275 149 270 149 279 145 266 145 268 147 275 149 277 147 270 149 270 149 277 147 268 147 277 147 279 145 268 147 280 153 281 153 282 154 282 154 281 153 283 155 282 154 283 155 284 156 284 156 283 155 285 157 284 156 285 157 286 158 286 158 285 157 287 159 286 158 287 159 288 160 288 160 287 159 265 161 288 160 265 161 264 161 288 160 264 161 289 160 289 160 264 161 290 159 289 160 290 159 291 158 291 158 290 159 292 157 291 158 292 157 293 156 293 156 292 157 294 155 293 156 294 155 295 154 295 154 294 155 280 153 295 154 280 153 282 154 289 160 291 158 288 160 288 160 291 158 286 158 295 154 282 154 284 156 291 158 293 156 286 158 286 158 293 156 284 156 293 156 295 154 284 156 296 162 297 162 298 163 298 163 297 162 299 164 298 163 299 164 300 165 300 165 299 164 301 166 300 165 301 166 302 167 302 167 301 166 303 168 302 167 303 168 304 169 304 169 303 168 281 170 304 169 281 170 280 170 304 169 280 170 305 169 305 169 280 170 306 168 305 169 306 168 307 167 307 167 306 168 308 166 307 167 308 166 309 165 309 165 308 166 310 164 309 165 310 164 311 163 311 163 310 164 296 162 311 163 296 162 298 163 305 169 307 167 304 169 304 169 307 167 302 167 311 163 298 163 300 165 307 167 309 165 302 167 302 167 309 165 300 165 309 165 311 163 300 165 312 171 313 171 314 172 314 172 313 171 315 173 314 172 315 173 316 174 316 174 315 173 317 175 316 174 317 175 318 176 318 176 317 175 319 177 318 176 319 177 320 178 320 178 319 177 297 179 320 178 297 179 296 179 320 178 296 179 321 178 321 178 296 179 322 177 321 178 322 177 323 176 323 176 322 177 324 175 323 176 324 175 325 174 325 174 324 175 326 173 325 174 326 173 327 172 327 172 326 173 312 171 327 172 312 171 314 172 321 178 323 176 320 178 320 178 323 176 318 176 327 172 314 172 316 174 323 176 325 174 318 176 318 176 325 174 316 174 325 174 327 172 316 174 328 180 329 180 330 181 330 181 329 180 331 182 330 181 331 182 332 183 332 183 331 182 333 184 332 183 333 184 334 185 334 185 333 184 335 186 334 185 335 186 336 187 336 187 335 186 313 188 336 187 313 188 312 188 336 187 312 188 337 187 337 187 312 188 338 186 337 187 338 186 339 185 339 185 338 186 340 184 339 185 340 184 341 183 341 183 340 184 342 182 341 183 342 182 343 181 343 181 342 182 328 180 343 181 328 180 330 181 337 187 339 185 336 187 336 187 339 185 334 185 343 181 330 181 332 183 339 185 341 183 334 185 334 185 341 183 332 183 341 183 343 181 332 183 344 189 345 189 346 190 346 190 345 189 347 191 346 190 347 191 348 192 348 192 347 191 349 193 348 192 349 193 350 194 350 194 349 193 351 195 350 194 351 195 352 196 352 196 351 195 329 197 352 196 329 197 328 197 352 196 328 197 353 196 353 196 328 197 354 195 353 196 354 195 355 194 355 194 354 195 356 193 355 194 356 193 357 192 357 192 356 193 358 191 357 192 358 191 359 190 359 190 358 191 344 189 359 190 344 189 346 190 353 196 355 194 352 196 352 196 355 194 350 194 359 190 346 190 348 192 355 194 357 192 350 194 350 194 357 192 348 192 357 192 359 190 348 192 197 198 199 198 360 199 360 199 199 198 361 200 360 199 361 200 362 201 362 201 361 200 363 202 362 201 363 202 364 203 364 203 363 202 365 204 364 203 365 204 366 205 366 205 365 204 345 206 366 205 345 206 344 206 366 205 344 206 367 205 367 205 344 206 368 204 367 205 368 204 369 203 369 203 368 204 370 202 369 203 370 202 371 201 371 201 370 202 372 200 371 201 372 200 373 199 373 199 372 200 197 198 373 199 197 198 360 199 367 205 369 203 366 205 366 205 369 203 364 203 373 199 360 199 362 201 369 203 371 201 364 203 364 203 371 201 362 201 371 201 373 199 362 201 372 207 13 207 197 207 197 207 13 207 168 207 197 207 168 207 195 207 195 207 168 207 179 207 195 207 179 207 193 207 193 207 179 207 191 207 191 207 179 207 177 207 191 207 177 207 190 207 190 207 177 207 175 207 190 207 175 207 206 207 206 207 175 207 173 207 206 207 173 207 180 207 180 207 173 207 136 207 180 207 136 207 222 207 222 207 136 207 156 207 222 207 156 207 224 207 224 207 156 207 154 207 224 207 154 207 226 207 226 207 154 207 151 207 226 207 151 207 228 207 228 207 151 207 150 207 228 207 150 207 230 207 230 207 150 207 152 207 230 207 152 207 208 207 208 207 152 207 120 207 208 207 120 207 134 207 13 207 372 207 18 207 18 207 372 207 370 207 18 207 370 207 16 207 16 207 370 207 368 207 16 207 368 207 17 207 17 207 368 207 344 207 17 207 344 207 20 207 20 207 344 207 358 207 20 207 358 207 22 207 22 207 358 207 356 207 22 207 356 207 0 207 0 207 356 207 354 207 0 207 354 207 37 207 37 207 354 207 328 207 37 207 328 207 38 207 38 207 328 207 342 207 38 207 342 207 40 207 40 207 342 207 340 207 40 207 340 207 42 207 42 207 340 207 44 207 44 207 340 207 338 207 44 207 338 207 24 207 24 207 338 207 312 207 24 207 312 207 326 207 24 207 326 207 62 207 62 207 326 207 324 207 62 207 324 207 60 207 60 207 324 207 61 207 61 207 324 207 322 207 61 207 322 207 64 207 64 207 322 207 296 207 64 207 296 207 66 207 66 207 296 207 310 207 66 207 310 207 46 207 46 207 310 207 308 207 46 207 308 207 306 207 46 207 306 207 81 207 81 207 306 207 280 207 81 207 280 207 83 207 83 207 280 207 294 207 83 207 294 207 84 207 84 207 294 207 86 207 86 207 294 207 292 207 86 207 292 207 88 207 88 207 292 207 290 207 88 207 290 207 68 207 68 207 290 207 264 207 68 207 264 207 278 207 276 207 100 207 278 207 278 207 100 207 98 207 278 207 98 207 68 207 276 207 274 207 100 207 100 207 274 207 102 207 102 207 274 207 248 207 102 207 248 207 90 207 90 207 248 207 262 207 90 207 262 207 114 207 114 207 262 207 260 207 114 207 260 207 116 207 116 207 260 207 258 207 116 207 258 207 118 207 118 207 258 207 232 207 118 207 232 207 104 207 104 207 232 207 246 207 104 207 246 207 130 207 130 207 246 207 244 207 130 207 244 207 132 207 132 207 244 207 242 207 132 207 242 207 134 207 134 207 242 207 208 207 365 208 7 208 345 208 345 208 7 208 5 208 345 208 5 208 347 208 347 208 5 208 3 208 347 208 3 208 349 208 349 208 3 208 1 208 349 208 1 208 351 208 351 208 1 208 34 208 351 208 34 208 329 208 329 208 34 208 33 208 329 208 33 208 331 208 331 208 33 208 31 208 331 208 31 208 333 208 333 208 31 208 29 208 333 208 29 208 27 208 7 208 365 208 9 208 9 208 365 208 363 208 9 208 363 208 11 208 11 208 363 208 361 208 11 208 361 208 12 208 12 208 361 208 199 208 12 208 199 208 159 208 159 208 199 208 200 208 159 208 200 208 161 208 161 208 200 208 202 208 161 208 202 208 204 208 161 208 204 208 162 208 162 208 204 208 185 208 162 208 185 208 163 208 163 208 185 208 183 208 163 208 183 208 170 208 170 208 183 208 181 208 170 208 181 208 137 208 137 208 181 208 219 208 137 208 219 208 139 208 139 208 219 208 217 208 139 208 217 208 141 208 141 208 217 208 215 208 141 208 215 208 143 208 143 208 215 208 213 208 143 208 213 208 145 208 145 208 213 208 211 208 145 208 211 208 147 208 147 208 211 208 209 208 147 208 209 208 121 208 121 208 209 208 123 208 123 208 209 208 239 208 123 208 239 208 125 208 125 208 239 208 237 208 125 208 237 208 127 208 127 208 237 208 235 208 127 208 235 208 105 208 105 208 235 208 233 208 105 208 233 208 107 208 107 208 233 208 255 208 107 208 255 208 109 208 109 208 255 208 253 208 109 208 253 208 111 208 111 208 253 208 251 208 111 208 251 208 91 208 91 208 251 208 249 208 91 208 249 208 93 208 93 208 249 208 271 208 93 208 271 208 95 208 95 208 271 208 269 208 95 208 269 208 267 208 265 208 69 208 267 208 267 208 69 208 97 208 267 208 97 208 95 208 265 208 287 208 69 208 69 208 287 208 71 208 71 208 287 208 285 208 71 208 285 208 73 208 73 208 285 208 283 208 73 208 283 208 75 208 75 208 283 208 77 208 77 208 283 208 281 208 77 208 281 208 78 208 78 208 281 208 303 208 78 208 303 208 47 208 47 208 303 208 301 208 47 208 301 208 299 208 47 208 299 208 49 208 49 208 299 208 297 208 49 208 297 208 51 208 51 208 297 208 319 208 51 208 319 208 53 208 53 208 319 208 317 208 53 208 317 208 55 208 55 208 317 208 57 208 57 208 317 208 315 208 57 208 315 208 25 208 25 208 315 208 313 208 25 208 313 208 335 208 25 208 335 208 27 208 27 208 335 208 333 208</p>
        </triangles>
      </mesh>
    </geometry>
    <geometry id="geometry_f3f9bb72_f0cf_4b0e_b211_6cee6c5820c7">
      <mesh>
        <source id="pos_5">
          <float_array id="pos_5-array" count="588">-20.15825272 -20.43050957 185.43051147 -20.15825272 -18.43050957 185.43051147 -20.81991768 -19.43050957 185.43051147 -21.48158264 -18.43050957 185.43051147 -21.48158264 -20.43050957 185.43051147 -20.15825272 -20.43050957 179.65287781 -20.15825272 -18.43050957 179.65287781 -20.15825272 -19.43050957 182.54170227 -20.49931717 -20.43050957 177.25862122 -20.49931717 -18.43050957 177.25862122 -20.40172577 -19.43050957 177.60403442 -20.33860016 -18.43050957 177.84564209 -20.27929878 -19.43050957 178.10682678 -20.22290993 -18.43050957 178.43954468 -20.20228195 -19.43050957 178.61657715 -20.17268753 -18.43050957 179.04347229 -20.17268753 -20.43050957 179.04347229 -20.20228195 -19.93050957 178.61657715 -20.22290993 -20.43050957 178.43954468 -20.27929878 -19.93050957 178.10682678 -20.33860016 -20.43050957 177.84564209 -20.40172577 -19.93050957 177.60403442 -21.7305584 -20.43050957 175.81591797 -21.7305584 -18.43050957 175.81591797 -21.46072006 -19.43050957 176.01283264 -21.34030151 -18.43050957 176.1068573 -21.15428925 -19.43050957 176.26838684 -20.99416542 -18.43050957 176.43511963 -20.89336967 -19.43050957 176.56243896 -20.72346306 -18.43050957 176.82717896 -20.6830883 -19.43050957 176.89932251 -20.6830883 -19.93050957 176.89932251 -20.72346306 -20.43050957 176.82717896 -20.89336967 -19.93050957 176.56243896 -20.99416542 -20.43050957 176.43511963 -21.15428925 -19.93050957 176.26838684 -21.34030151 -20.43050957 176.1068573 -21.46072006 -19.93050957 176.01283264 -24.06684875 -20.43050957 175.25997925 -24.06684875 -18.43050957 175.25997925 -23.62400818 -19.43050957 175.27783203 -23.4552784 -18.43050957 175.28918457 -23.12877655 -19.43050957 175.32504272 -22.85787582 -18.43050957 175.37493896 -22.64817429 -19.43050957 175.43066406 -22.2858429 -18.43050957 175.56199646 -22.18475533 -19.43050957 175.60487366 -22.18475533 -19.93050957 175.60487366 -22.2858429 -20.43050957 175.56199646 -22.64817429 -19.93050957 175.43066406 -22.85787582 -20.43050957 175.37493896 -23.12877655 -19.93050957 175.32504272 -23.4552784 -20.43050957 175.28918457 -23.62400818 -19.93050957 175.27783203 -26.36561966 -20.43050957 175.74429321 -26.36561966 -18.43050957 175.74429321 -26.02904892 -19.43050957 175.60551453 -25.81310844 -18.43050957 175.52311707 -25.55652809 -19.43050957 175.43777466 -25.24769402 -18.43050957 175.36016846 -25.07089996 -19.43050957 175.32917786 -24.66273117 -18.43050957 175.28544617 -24.57219505 -19.43050957 175.27958679 -24.57219505 -19.93050957 175.27958679 -24.66273117 -20.43050957 175.28544617 -25.07089996 -19.93050957 175.32917786 -25.24769402 -20.43050957 175.36016846 -25.55652809 -19.93050957 175.43777466 -25.81310844 -20.43050957 175.52311707 -26.02904892 -19.93050957 175.60551453 -27.64119911 -20.43050957 177.14605713 -27.64119911 -18.43050957 177.14605713 -27.48938179 -19.43050957 176.85986328 -27.40769386 -18.43050957 176.71807861 -27.277174 -19.43050957 176.51855469 -27.12740326 -18.43050957 176.33259583 -27.01683998 -19.43050957 176.22096252 -26.76961899 -18.43050957 176.01745605 -26.70465088 -19.43050957 175.97042847 -26.70465088 -19.93050957 175.97042847 -26.76961899 -20.43050957 176.01745605 -27.01683998 -19.93050957 176.22096252 -27.12740326 -20.43050957 176.33259583 -27.277174 -19.93050957 176.51855469 -27.40769386 -20.43050957 176.71807861 -27.48938179 -19.93050957 176.85986328 -28.02319145 -20.43050957 179.65287781 -28.02319145 -18.43050957 179.65287781 -28.01357079 -19.43050957 179.17544556 -28.00731659 -18.43050957 179.01312256 -27.98349571 -19.43050957 178.65776062 -27.95126915 -18.43050957 178.37994385 -27.91199684 -19.43050957 178.1468811 -27.82162285 -18.43050957 177.75883484 -27.79032326 -19.43050957 177.64422607 -27.79032326 -19.93050957 177.64422607 -27.82162285 -20.43050957 177.75883484 -27.91199684 -19.93050957 178.1468811 -27.95126915 -20.43050957 178.37994385 -27.98349571 -19.93050957 178.65776062 -28.00731659 -20.43050957 179.01312256 -28.01357079 -19.93050957 179.17544556 -28.02319145 -20.43050957 185.43051147 -28.02319145 -18.43050957 185.43051147 -28.02319145 -19.43050957 182.54170227 -26.69986343 -20.43050957 185.43051147 -26.69986343 -18.43050957 185.43051147 -27.3615284 -19.43050957 185.43051147 -26.69986343 -20.43050957 179.65969849 -26.69986343 -18.43050957 179.65969849 -26.69986343 -19.43050957 182.54510498 -26.45770645 -20.43050957 177.73951721 -26.45770645 -18.43050957 177.73951721 -26.5267868 -19.43050957 178.0012207 -26.57774734 -18.43050957 178.21118164 -26.61888123 -19.43050957 178.40896606 -26.66082191 -18.43050957 178.68806458 -26.67416573 -19.43050957 178.82189941 -26.69368553 -18.43050957 179.17199707 -26.69368553 -20.43050957 179.17199707 -26.67416573 -19.93050957 178.82189941 -26.66082191 -20.43050957 178.68806458 -26.61888123 -19.93050957 178.40896606 -26.57774734 -20.43050957 178.21118164 -26.5267868 -19.93050957 178.0012207 -25.62551117 -20.43050957 176.78794861 -25.62551117 -18.43050957 176.78794861 -25.80586243 -19.43050957 176.91189575 -25.89151192 -18.43050957 176.9752655 -26.01539612 -19.43050957 177.07815552 -26.12604141 -18.43050957 177.19004822 -26.19251823 -19.43050957 177.27270508 -26.3078022 -18.43050957 177.45088196 -26.3078022 -20.43050957 177.45088196 -26.19251823 -19.93050957 177.27270508 -26.12604141 -20.43050957 177.19004822 -26.01539612 -19.93050957 177.07815552 -25.89151192 -20.43050957 176.9752655 -25.80586243 -19.93050957 176.91189575 -24.18280983 -20.43050957 176.45370483 -24.18280983 -18.43050957 176.45370483 -24.44889259 -19.43050957 176.46592712 -24.55871773 -18.43050957 176.47377014 -24.75520134 -19.43050957 176.49577332 -24.92665291 -18.43050957 176.52706909 -25.05327797 -19.43050957 176.55993652 -25.28057289 -18.43050957 176.63879395 -25.28057289 -20.43050957 176.63879395 -25.05327797 -19.93050957 176.55993652 -24.92665291 -20.43050957 176.52706909 -24.75520134 -19.93050957 176.49577332 -24.55871773 -20.43050957 176.47377014 -24.44889259 -19.93050957 176.46592712 -22.10231781 -20.43050957 177.1153717 -22.10231781 -18.43050957 177.1153717 -22.37087631 -19.43050957 176.92619324 -22.56979179 -18.43050957 176.79875183 -22.78082848 -19.43050957 176.68449402 -22.81352425 -18.43050957 176.66915894 -22.997118 -19.43050957 176.59613037 -23.06907654 -18.43050957 176.57350159 -23.22274017 -19.43050957 176.53457642 -23.33677292 -18.43050957 176.51271057 -23.69509888 -19.43050957 176.47209167 -23.61367416 -18.43050957 176.47836304 -23.69509888 -19.93050957 176.47209167 -23.22274017 -19.93050957 176.53457642 -23.33677292 -20.43050957 176.51271057 -23.06907654 -20.43050957 176.57350159 -23.61367416 -20.43050957 176.47836304 -22.997118 -19.93050957 176.59613037 -22.81352425 -20.43050957 176.66915894 -22.78082848 -19.93050957 176.68449402 -22.56979179 -20.43050957 176.79875183 -22.37087631 -19.93050957 176.92619324 -21.48158264 -20.43050957 179.65969849 -21.48158264 -18.43050957 179.65969849 -21.48627663 -19.43050957 179.12071228 -21.49179077 -18.43050957 178.98297119 -21.52678871 -19.43050957 178.58755493 -21.51883125 -18.43050957 178.65075684 -21.57219315 -18.43050957 178.32591248 -21.63923454 -19.43050957 178.07455444 -21.66060829 -18.43050957 178.01091003 -21.78624535 -18.43050957 177.70632935 -21.8441124 -19.43050957 177.58747864 -21.8441124 -19.93050957 177.58747864 -21.78624535 -20.43050957 177.70632935 -21.63923454 -19.93050957 178.07455444 -21.66060829 -20.43050957 178.01091003 -21.57219315 -20.43050957 178.32591248 -21.52678871 -19.93050957 178.58755493 -21.51883125 -20.43050957 178.65075684 -21.49179077 -20.43050957 178.98297119 -21.48627663 -19.93050957 179.12071228 -21.48158264 -19.43050957 182.54510498</float_array>
          <technique_common>
            <accessor source="#pos_5-array" count="588" stride="3">
              <param name="X" type="float"/>
              <param name="Y" type="float"/>
              <param name="Z" type="float"/>
            </accessor>
          </technique_common>
        </source>
        <source id="norm_5">
          <float_array id="norm_5-array" count="315">0 0 1 1 0 0 0.96115 0 -0.27602 0.96464 0 -0.26357 0.97079 0 -0.23993 0.97973 0 -0.20033 0.9912 0 -0.13237 0.99499 0 -0.09995 0.99906 0 -0.04335 0.9999 0 -0.01388 0.58222 0 -0.81303 0.60397 0 -0.79701 0.62841 0 -0.77788 0.68625 0 -0.72737 0.75785 0 -0.65243 0.80757 0 -0.58977 0.86768 0 -0.49713 0.87716 0 -0.48021 0.89655 0 -0.44293 0.03219 0 -0.99948 0.05652 0 -0.9984 0.07894 0 -0.99688 0.14423 0 -0.98954 0.22133 0 -0.9752 0.29143 0 -0.95659 0.38166 0 -0.9243 0.39865 0 -0.91711 0.43257 0 -0.9016 -0.38686 -0 -0.92214 -0.36981 -0 -0.92911 -0.34063 -0 -0.9402 -0.28686 -0 -0.95797 -0.19713 -0 -0.98038 -0.1495 -0 -0.98876 -0.07055 -0 -0.99751 -0.05874 -0 -0.99827 -0.02885 -0 -0.99958 -0.88765 -0 -0.46051 -0.87463 -0 -0.48479 -0.85675 -0 -0.51573 -0.81237 -0 -0.58314 -0.73889 -0 -0.67382 -0.68277 -0 -0.73063 -0.5943 -0 -0.80424 -0.57878 -0 -0.81549 -0.54293 -0 -0.83978 -0.9999 -0 -0.01432 -0.99949 -0 -0.03183 -0.99895 -0 -0.04585 -0.99582 -0 -0.09129 -0.98998 -0 -0.1412 -0.9815 -0 -0.19148 -0.96652 -0 -0.25661 -0.96293 -0 -0.26975 -0.95543 -0 -0.29523 -1 -0 -0 0.96586 0 0.25905 0.96887 0 0.24756 0.97514 0 0.2216 0.98305 0 0.18332 0.9935 0 0.11386 0.99636 0 0.08525 0.99952 0 0.03097 0.99999 0 0.00354 0.55875 0 0.82934 0.58171 0 0.81339 0.60957 0 0.79273 0.67181 0 0.74073 0.75204 0 0.65912 0.80351 0 0.59529 0.86706 0 0.49821 0.89691 0 0.44222 0.03851 0 0.99926 0.06073 0 0.99815 0.08316 0 0.99654 0.1437 0 0.98962 0.21873 0 0.97579 0.2822 0 0.95936 0.3656 0 0.93077 0.41224 0 0.91108 -0.58335 0 0.81222 -0.56065 0 0.82805 -0.51333 0 0.85819 -0.43251 0 0.90163 -0.41709 0 0.90887 -0.31892 0 0.94778 -0.28166 0 0.95952 -0.21105 0 0.97748 -0.16661 0 0.98602 -0.06841 0 0.99766 -0.08552 0 0.99634 -0.02253 0 0.99975 -1 -0 -0.00219 -0.99953 0 0.0307 -0.99875 0 0.05008 -0.99111 0 0.13308 -0.99314 0 0.11696 -0.9773 0 0.21188 -0.9521 0 0.30579 -0.9438 0 0.33052 -0.90549 0 0.42438 -0.89302 0 0.45002 -0.86925 0 0.49438 -0 -1 -0 0 1 0</float_array>
          <technique_common>
            <accessor source="#norm_5-array" count="315" stride="3">
              <param name="X" type="float"/>
              <param name="Y" type="float"/>
              <param name="Z" type="float"/>
            </accessor>
          </technique_common>
        </source>
        <source id="uvs_5">
          <float_array id="uvs_5-array" count="0"></float_array>
          <technique_common>
            <accessor source="#uvs_5-array" count="0" stride="2">
              <param name="S" type="float"/>
              <param name="T" type="float"/>
            </accessor>
          </technique_common>
        </source>
        <vertices id="vert_5">
          <input semantic="POSITION" source="#pos_5"/>
        </vertices>
        <triangles count="388" material="mat_3">
          <input semantic="VERTEX" source="#vert_5" offset="0"/>
          <input semantic="NORMAL" source="#norm_5" offset="1"/>
          <p>0 0 1 0 2 0 2 0 1 0 3 0 2 0 3 0 4 0 4 0 0 0 2 0 5 1 6 1 7 1 7 1 6 1 1 1 7 1 1 1 0 1 0 1 5 1 7 1 8 2 9 2 10 3 10 3 9 2 11 4 10 3 11 4 12 5 12 5 11 4 13 6 12 5 13 6 14 7 14 7 13 6 15 8 14 7 15 8 6 9 5 9 16 8 6 9 6 9 16 8 14 7 14 7 16 8 17 7 17 7 16 8 18 6 17 7 18 6 19 5 19 5 18 6 20 4 19 5 20 4 21 3 21 3 20 4 8 2 21 3 8 2 10 3 21 3 10 3 12 5 17 7 19 5 14 7 14 7 19 5 12 5 19 5 21 3 12 5 22 10 23 10 24 11 24 11 23 10 25 12 24 11 25 12 26 13 26 13 25 12 27 14 26 13 27 14 28 15 28 15 27 14 29 16 28 15 29 16 30 17 30 17 29 16 9 18 30 17 9 18 8 18 30 17 8 18 31 17 31 17 8 18 32 16 31 17 32 16 33 15 33 15 32 16 34 14 33 15 34 14 35 13 35 13 34 14 36 12 35 13 36 12 37 11 37 11 36 12 22 10 37 11 22 10 24 11 31 17 33 15 30 17 30 17 33 15 28 15 37 11 24 11 26 13 33 15 35 13 28 15 28 15 35 13 26 13 35 13 37 11 26 13 38 19 39 19 40 20 40 20 39 19 41 21 40 20 41 21 42 22 42 22 41 21 43 23 42 22 43 23 44 24 44 24 43 23 45 25 44 24 45 25 46 26 46 26 45 25 23 27 46 26 23 27 22 27 46 26 22 27 47 26 47 26 22 27 48 25 47 26 48 25 49 24 49 24 48 25 50 23 49 24 50 23 51 22 51 22 50 23 52 21 51 22 52 21 53 20 53 20 52 21 38 19 53 20 38 19 40 20 47 26 49 24 46 26 46 26 49 24 44 24 53 20 40 20 42 22 49 24 51 22 44 24 44 24 51 22 42 22 51 22 53 20 42 22 54 28 55 28 56 29 56 29 55 28 57 30 56 29 57 30 58 31 58 31 57 30 59 32 58 31 59 32 60 33 60 33 59 32 61 34 60 33 61 34 62 35 62 35 61 34 39 36 62 35 39 36 38 36 62 35 38 36 63 35 63 35 38 36 64 34 63 35 64 34 65 33 65 33 64 34 66 32 65 33 66 32 67 31 67 31 66 32 68 30 67 31 68 30 69 29 69 29 68 30 54 28 69 29 54 28 56 29 63 35 65 33 62 35 62 35 65 33 60 33 69 29 56 29 58 31 65 33 67 31 60 33 60 33 67 31 58 31 67 31 69 29 58 31 70 37 71 37 72 38 72 38 71 37 73 39 72 38 73 39 74 40 74 40 73 39 75 41 74 40 75 41 76 42 76 42 75 41 77 43 76 42 77 43 78 44 78 44 77 43 55 45 78 44 55 45 54 45 78 44 54 45 79 44 79 44 54 45 80 43 79 44 80 43 81 42 81 42 80 43 82 41 81 42 82 41 83 40 83 40 82 41 84 39 83 40 84 39 85 38 85 38 84 39 70 37 85 38 70 37 72 38 79 44 81 42 78 44 78 44 81 42 76 42 85 38 72 38 74 40 81 42 83 40 76 42 76 42 83 40 74 40 83 40 85 38 74 40 86 46 87 46 88 47 88 47 87 46 89 48 88 47 89 48 90 49 90 49 89 48 91 50 90 49 91 50 92 51 92 51 91 50 93 52 92 51 93 52 94 53 94 53 93 52 71 54 94 53 71 54 70 54 94 53 70 54 95 53 95 53 70 54 96 52 95 53 96 52 97 51 97 51 96 52 98 50 97 51 98 50 99 49 99 49 98 50 100 48 99 49 100 48 101 47 101 47 100 48 86 46 101 47 86 46 88 47 95 53 97 51 94 53 94 53 97 51 92 51 101 47 88 47 90 49 97 51 99 49 92 51 92 51 99 49 90 49 99 49 101 47 90 49 102 55 103 55 104 55 104 55 103 55 87 55 104 55 87 55 86 55 86 55 102 55 104 55 105 0 106 0 107 0 107 0 106 0 103 0 107 0 103 0 102 0 102 0 105 0 107 0 108 1 109 1 110 1 110 1 109 1 106 1 110 1 106 1 105 1 105 1 108 1 110 1 111 56 112 56 113 57 113 57 112 56 114 58 113 57 114 58 115 59 115 59 114 58 116 60 115 59 116 60 117 61 117 61 116 60 118 62 117 61 118 62 109 63 108 63 119 62 109 63 109 63 119 62 117 61 117 61 119 62 120 61 120 61 119 62 121 60 120 61 121 60 122 59 122 59 121 60 123 58 122 59 123 58 124 57 124 57 123 58 111 56 124 57 111 56 113 57 124 57 113 57 115 59 120 61 122 59 117 61 117 61 122 59 115 59 122 59 124 57 115 59 125 64 126 64 127 65 127 65 126 64 128 66 127 65 128 66 129 67 129 67 128 66 130 68 129 67 130 68 131 69 131 69 130 68 132 70 131 69 132 70 112 71 111 71 133 70 112 71 112 71 133 70 131 69 131 69 133 70 134 69 134 69 133 70 135 68 134 69 135 68 136 67 136 67 135 68 137 66 136 67 137 66 138 65 138 65 137 66 125 64 138 65 125 64 127 65 138 65 127 65 129 67 134 69 136 67 131 69 131 69 136 67 129 67 136 67 138 65 129 67 139 72 140 72 141 73 141 73 140 72 142 74 141 73 142 74 143 75 143 75 142 74 144 76 143 75 144 76 145 77 145 77 144 76 146 78 145 77 146 78 126 79 125 79 147 78 126 79 126 79 147 78 145 77 145 77 147 78 148 77 148 77 147 78 149 76 148 77 149 76 150 75 150 75 149 76 151 74 150 75 151 74 152 73 152 73 151 74 139 72 152 73 139 72 141 73 152 73 141 73 143 75 148 77 150 75 145 77 145 77 150 75 143 75 150 75 152 73 143 75 153 80 154 80 155 81 155 81 154 80 156 82 155 81 156 82 157 83 157 83 156 82 158 84 157 83 158 84 159 85 159 85 158 84 160 86 159 85 160 86 161 87 161 87 160 86 162 88 161 87 162 88 163 89 163 89 162 88 164 90 163 89 164 90 140 91 140 91 139 91 163 89 163 89 139 91 165 89 163 89 165 89 166 87 166 87 165 89 167 88 166 87 167 88 168 86 139 91 169 90 165 89 165 89 169 90 167 88 166 87 168 86 170 85 170 85 168 86 171 84 170 85 171 84 172 83 172 83 171 84 173 82 172 83 173 82 174 81 174 81 173 82 153 80 174 81 153 80 155 81 163 89 166 87 161 87 161 87 166 87 170 85 161 87 170 85 159 85 159 85 170 85 172 83 159 85 172 83 157 83 157 83 172 83 174 81 157 83 174 81 155 81 175 92 176 92 177 93 177 93 176 92 178 94 177 93 178 94 179 95 179 95 178 94 180 96 179 95 180 96 181 97 179 95 181 97 182 98 182 98 181 97 183 99 182 98 183 99 184 100 182 98 184 100 185 101 185 101 184 100 154 102 185 101 154 102 153 102 185 101 153 102 186 101 186 101 153 102 187 100 186 101 187 100 188 98 188 98 187 100 189 99 188 98 189 99 190 97 188 98 190 97 191 95 191 95 190 97 192 96 191 95 192 96 193 94 191 95 193 94 194 93 194 93 193 94 175 92 194 93 175 92 177 93 186 101 188 98 185 101 185 101 188 98 182 98 194 93 177 93 179 95 188 98 191 95 182 98 182 98 191 95 179 95 191 95 194 93 179 95 4 55 3 55 195 55 195 55 3 55 176 55 195 55 176 55 175 55 175 55 4 55 195 55 4 103 175 103 0 103 0 103 175 103 5 103 5 103 175 103 16 103 16 103 175 103 193 103 16 103 193 103 18 103 18 103 193 103 192 103 18 103 192 103 20 103 20 103 192 103 190 103 20 103 190 103 189 103 187 103 32 103 189 103 189 103 32 103 8 103 189 103 8 103 20 103 32 103 187 103 34 103 34 103 187 103 153 103 34 103 153 103 36 103 36 103 153 103 22 103 22 103 153 103 173 103 22 103 173 103 48 103 48 103 173 103 171 103 48 103 171 103 50 103 50 103 171 103 168 103 50 103 168 103 167 103 50 103 167 103 52 103 52 103 167 103 169 103 52 103 169 103 38 103 38 103 169 103 139 103 38 103 139 103 64 103 64 103 139 103 151 103 64 103 151 103 149 103 64 103 149 103 66 103 66 103 149 103 147 103 66 103 147 103 68 103 68 103 147 103 125 103 68 103 125 103 54 103 54 103 125 103 137 103 54 103 137 103 80 103 80 103 137 103 135 103 80 103 135 103 82 103 82 103 135 103 133 103 82 103 133 103 84 103 84 103 133 103 111 103 84 103 111 103 70 103 70 103 111 103 123 103 70 103 123 103 96 103 96 103 123 103 121 103 96 103 121 103 98 103 98 103 121 103 100 103 100 103 121 103 119 103 100 103 119 103 86 103 86 103 119 103 108 103 86 103 108 103 102 103 102 103 108 103 105 103 3 104 1 104 176 104 176 104 1 104 6 104 176 104 6 104 15 104 176 104 15 104 178 104 178 104 15 104 13 104 178 104 13 104 180 104 180 104 13 104 11 104 180 104 11 104 181 104 181 104 11 104 183 104 183 104 11 104 9 104 183 104 9 104 29 104 183 104 29 104 184 104 184 104 29 104 27 104 184 104 27 104 154 104 154 104 27 104 25 104 154 104 25 104 23 104 154 104 23 104 156 104 156 104 23 104 45 104 156 104 45 104 158 104 158 104 45 104 43 104 158 104 43 104 160 104 160 104 43 104 162 104 162 104 43 104 41 104 162 104 41 104 164 104 164 104 41 104 39 104 164 104 39 104 140 104 140 104 39 104 61 104 140 104 61 104 142 104 142 104 61 104 144 104 144 104 61 104 59 104 144 104 59 104 146 104 146 104 59 104 57 104 146 104 57 104 126 104 126 104 57 104 55 104 126 104 55 104 128 104 128 104 55 104 77 104 128 104 77 104 130 104 130 104 77 104 75 104 130 104 75 104 132 104 132 104 75 104 73 104 132 104 73 104 112 104 112 104 73 104 71 104 112 104 71 104 114 104 114 104 71 104 93 104 114 104 93 104 116 104 116 104 93 104 91 104 116 104 91 104 89 104 116 104 89 104 118 104 118 104 89 104 87 104 118 104 87 104 109 104 109 104 87 104 103 104 109 104 103 104 106 104</p>
        </triangles>
      </mesh>
    </geometry>
    <geometry id="geometry_ba7169eb_9379_43fb_8712_920922647db4">
      <mesh>
        <source id="pos_6">
          <float_array id="pos_6-array" count="606">-14.046381 -20.43050957 180.67607117 -14.046381 -18.43050957 180.67607117 -15.33901405 -19.43050957 180.67607117 -16.63164711 -18.43050957 180.67607117 -16.63164711 -20.43050957 180.67607117 -12.22509956 -20.43050957 181.15356445 -12.22509956 -18.43050957 181.15356445 -12.4617424 -19.43050957 181.01724243 -12.64709091 -18.43050957 180.9198761 -12.8305912 -19.43050957 180.83827209 -12.86454678 -18.43050957 180.82519531 -13.08958244 -18.43050957 180.75650024 -13.21992207 -19.43050957 180.72955322 -13.56040478 -18.43050957 180.69029236 -13.6283493 -19.43050957 180.68634033 -13.6283493 -19.93050957 180.68634033 -13.56040478 -20.43050957 180.69029236 -13.21992207 -19.93050957 180.72955322 -13.08958244 -20.43050957 180.75650024 -12.8305912 -19.93050957 180.83827209 -12.86454678 -20.43050957 180.82519531 -12.64709091 -20.43050957 180.9198761 -12.4617424 -19.93050957 181.01724243 -11.68622017 -20.43050957 182.49736023 -11.68622017 -18.43050957 182.49736023 -11.70660686 -19.43050957 182.2308197 -11.71976662 -18.43050957 182.1194458 -11.75542164 -19.43050957 181.92799377 -11.80651283 -18.43050957 181.76359558 -11.85916615 -19.43050957 181.64794922 -11.98625565 -18.43050957 181.44633484 -12.02556133 -19.43050957 181.39387512 -12.02556133 -19.93050957 181.39387512 -11.98625565 -20.43050957 181.44633484 -11.85916615 -19.93050957 181.64794922 -11.80651283 -20.43050957 181.76359558 -11.75542164 -19.93050957 181.92799377 -11.71976662 -20.43050957 182.1194458 -11.70660686 -19.93050957 182.2308197 -12.00341225 -20.43050957 183.57171631 -12.00341225 -18.43050957 183.57171631 -11.91239834 -19.43050957 183.41125488 -11.8649807 -18.43050957 183.32095337 -11.80807209 -19.43050957 183.19718933 -11.75969315 -18.43050957 183.06019592 -11.73770237 -19.43050957 182.97288513 -11.70754623 -18.43050957 182.78343201 -11.70754623 -20.43050957 182.78343201 -11.73770237 -19.93050957 182.97288513 -11.75969315 -20.43050957 183.06019592 -11.80807209 -19.93050957 183.19718933 -11.8649807 -20.43050957 183.32095337 -11.91239834 -19.93050957 183.41125488 -12.83901405 -20.43050957 184.16175842 -12.83901405 -18.43050957 184.16175842 -12.67529011 -19.43050957 184.09960938 -12.59401894 -18.43050957 184.06546021 -12.47827053 -19.43050957 184.00886536 -12.36878395 -18.43050957 183.94111633 -12.30158138 -19.43050957 183.88925171 -12.17631721 -18.43050957 183.77029419 -12.17631721 -20.43050957 183.77029419 -12.30158138 -19.93050957 183.88925171 -12.36878395 -20.43050957 183.94111633 -12.47827053 -19.93050957 184.00886536 -12.59401894 -20.43050957 184.06546021 -12.67529011 -19.93050957 184.09960938 -14.07367134 -20.43050957 184.25042725 -14.07367134 -18.43050957 184.25042725 -13.82008266 -19.43050957 184.25056458 -13.76317406 -18.43050957 184.25001526 -13.45355034 -18.43050957 184.23924255 -13.32758427 -19.43050957 184.22947693 -13.1456089 -18.43050957 184.20848083 -13.1456089 -20.43050957 184.20848083 -13.32758427 -19.93050957 184.22947693 -13.45355034 -20.43050957 184.23924255 -13.82008266 -19.93050957 184.25056458 -13.76317406 -20.43050957 184.25001526 -16.63164711 -20.43050957 184.25042725 -16.63164711 -18.43050957 184.25042725 -15.35265923 -19.43050957 184.25042725 -16.63164711 -19.43050957 182.46325684 -17.95497894 -20.43050957 185.43051147 -17.95497894 -18.43050957 185.43051147 -17.95497894 -19.43050957 180.43051147 -17.95497894 -18.43050957 175.43051147 -17.95497894 -20.43050957 175.43051147 -14.18280983 -20.43050957 185.43051147 -14.18280983 -18.43050957 185.43051147 -16.06889534 -19.43050957 185.43051147 -12.66166115 -20.43050957 185.33500671 -12.66166115 -18.43050957 185.33500671 -12.87572479 -19.43050957 185.36227417 -13.04037476 -18.43050957 185.38163757 -13.52765465 -19.43050957 185.41970825 -13.42005348 -18.43050957 185.41430664 -13.80107307 -18.43050957 185.42759705 -13.80107307 -20.43050957 185.42759705 -13.52765465 -19.93050957 185.41970825 -13.42005348 -20.43050957 185.41430664 -13.04037476 -20.43050957 185.38163757 -12.87572479 -19.93050957 185.36227417 -11.42701149 -20.43050957 184.86775208 -11.42701149 -18.43050957 184.86775208 -11.60940361 -19.43050957 184.97315979 -11.71732235 -18.43050957 185.03219604 -11.85760689 -19.43050957 185.10218811 -12.01806164 -18.43050957 185.16957092 -12.11646175 -19.43050957 185.2035675 -12.33518124 -18.43050957 185.26443481 -12.33518124 -20.43050957 185.26443481 -12.11646175 -19.93050957 185.2035675 -12.01806164 -20.43050957 185.16957092 -11.85760689 -19.93050957 185.10218811 -11.71732235 -20.43050957 185.03219604 -11.60940361 -19.93050957 184.97315979 -10.62551308 -20.43050957 183.90254211 -10.62551308 -18.43050957 183.90254211 -10.73297501 -19.43050957 184.09474182 -10.78329372 -18.43050957 184.17953491 -10.87238121 -19.43050957 184.3165741 -10.96374607 -18.43050957 184.43753052 -11.03518295 -19.43050957 184.51879883 -11.18323135 -18.43050957 184.66282654 -11.18323135 -20.43050957 184.66282654 -11.03518295 -19.93050957 184.51879883 -10.96374607 -20.43050957 184.43753052 -10.87238121 -19.93050957 184.3165741 -10.78329372 -20.43050957 184.17953491 -10.73297501 -19.93050957 184.09474182 -10.32196236 -20.43050957 182.5382843 -10.32196236 -18.43050957 182.5382843 -10.33513546 -19.43050957 182.77862549 -10.34395599 -18.43050957 182.89146423 -10.36449051 -19.43050957 183.06932068 -10.39494801 -18.43050957 183.23812866 -10.42374325 -19.43050957 183.353302 -10.49516869 -18.43050957 183.57371521 -10.49516869 -20.43050957 183.57371521 -10.42374325 -19.93050957 183.353302 -10.39494801 -20.43050957 183.23812866 -10.36449051 -19.93050957 183.06932068 -10.34395599 -20.43050957 182.89146423 -10.33513546 -19.93050957 182.77862549 -11.13369942 -20.43050957 180.37934875 -11.13369942 -18.43050957 180.37934875 -10.90071869 -19.43050957 180.69506836 -10.7857933 -18.43050957 180.86402893 -10.63917542 -19.43050957 181.11149597 -10.63686371 -18.43050957 181.11587524 -10.5367918 -19.43050957 181.33049011 -10.5179615 -18.43050957 181.37911987 -10.45989323 -19.43050957 181.55915833 -10.43510056 -18.43050957 181.65605164 -10.36830425 -19.43050957 182.04013062 -10.38126373 -18.43050957 181.94400024 -10.36830425 -19.93050957 182.04013062 -10.45989323 -19.93050957 181.55915833 -10.43510056 -20.43050957 181.65605164 -10.5179615 -20.43050957 181.37911987 -10.38126373 -20.43050957 181.94400024 -10.5367918 -19.93050957 181.33049011 -10.63686371 -20.43050957 181.11587524 -10.63917542 -19.93050957 181.11149597 -10.7857933 -20.43050957 180.86402893 -10.90071869 -19.93050957 180.69506836 -14.06685066 -20.43050957 179.49598694 -14.06685066 -18.43050957 179.49598694 -13.44901848 -19.43050957 179.51066589 -13.26783848 -18.43050957 179.52153015 -12.8184576 -19.43050957 179.5741272 -12.87847137 -18.43050957 179.56443787 -12.50126934 -18.43050957 179.64347839 -12.14020443 -18.43050957 179.77047729 -12.22125816 -19.43050957 179.73670959 -12.51462364 -19.43050957 179.63986206 -12.8184576 -19.93050957 179.5741272 -13.44901848 -19.93050957 179.51066589 -13.26783848 -20.43050957 179.52153015 -11.93912888 -19.43050957 179.86694336 -11.79543209 -18.43050957 179.94589233 -11.66577625 -19.43050957 180.02325439 -11.66577625 -19.93050957 180.02325439 -11.79543209 -20.43050957 179.94589233 -11.93912888 -19.93050957 179.86694336 -12.14020443 -20.43050957 179.77047729 -12.22125816 -19.93050957 179.73670959 -12.50126934 -20.43050957 179.64347839 -12.51462364 -19.93050957 179.63986206 -12.87847137 -20.43050957 179.56443787 -16.63164711 -20.43050957 179.49598694 -16.63164711 -18.43050957 179.49598694 -15.34924889 -19.43050957 179.49598694 -16.63164711 -20.43050957 175.43051147 -16.63164711 -18.43050957 175.43051147 -16.63164711 -19.43050957 177.46325684 -17.29331398 -19.43050957 175.43051147 -14.13847065 -20.43050957 180.43051147 -14.13847065 -18.43050957 180.43051147 -14.13847065 -18.43050957 184.33273315 -14.13847065 -18.43050957 179.5149231</float_array>
          <technique_common>
            <accessor source="#pos_6-array" count="606" stride="3">
              <param name="X" type="float"/>
              <param name="Y" type="float"/>
              <param name="Z" type="float"/>
            </accessor>
          </technique_common>
        </source>
        <source id="norm_6">
          <float_array id="norm_6-array" count="312">0 0 1 -0.50596 0 0.86256 -0.48546 0 0.87426 -0.43985 0 0.89807 -0.3676 0 0.92998 -0.35122 0 0.93629 -0.23247 0 0.9726 -0.17381 0 0.98478 -0.06546 0 0.99786 -0.05116 0 0.99869 -0.01138 0 0.99994 -0.99791 0 0.06454 -0.99499 0 0.09994 -0.99056 0 0.13708 -0.97161 0 0.23657 -0.93215 0 0.36207 -0.88625 0 0.46321 -0.80839 0 0.58865 -0.79246 0 0.60993 -0.75762 0 0.6527 -0.86581 -0 -0.50037 -0.87771 -0 -0.47918 -0.89395 -0 -0.44816 -0.92408 -0 -0.3822 -0.96061 -0 -0.2779 -0.97722 -0 -0.21223 -0.99382 -0 -0.11098 -0.99842 -0 -0.0562 -0.34619 -0 -0.93816 -0.37209 -0 -0.9282 -0.40512 -0 -0.91426 -0.478 -0 -0.87836 -0.57755 -0 -0.81636 -0.64139 -0 -0.76722 -0.72584 -0 -0.68786 -0.76766 -0 -0.64086 0.00424 0 -0.99999 -0.00689 -0 -0.99998 -0.01246 -0 -0.99992 -0.06272 -0 -0.99803 -0.09287 -0 -0.99568 -0.13322 -0 -0.99109 -0.15938 -0 -0.98722 0 0 -1 1 0 0 -1 -0 -0 0.12832 0 0.99173 0.12246 0 0.99247 0.10997 0 0.99394 0.04325 0 0.99906 0.05756 0 0.99834 0.01671 0 0.99986 0.00311 0 1 0.50525 0 0.86297 0.49045 0 0.87147 0.46761 0 0.88394 0.42198 0 0.9066 0.34876 0 0.93721 0.30553 0 0.95218 0.2364 0 0.97166 0.19876 0 0.98005 0.87633 0 0.48171 0.86568 0 0.50059 0.85338 0 0.52129 0.82028 0 0.57196 0.77206 0 0.63555 0.73039 0 0.68303 0.66827 0 0.74392 0.63092 0 0.77585 0.99883 0 0.04838 0.99772 0 0.06746 0.99596 0 0.08983 0.98969 0 0.14324 0.97659 0 0.2151 0.96335 0 0.26824 0.93987 0 0.34152 0.92425 0 0.38179 0.79876 0 -0.60165 0.81625 0 -0.57769 0.83876 0 -0.54449 0.88353 0 -0.46838 0.8844 0 -0.46674 0.92774 0 -0.37324 0.93716 0 -0.34891 0.96369 0 -0.26701 0.97331 0 -0.22948 0.99231 0 -0.12378 0.98957 0 -0.14408 0.99701 0 -0.07721 0.01178 0 -0.99993 0.04793 0 -0.99885 0.07298 0 -0.99733 0.16718 0 -0.98593 0.15178 0 -0.98841 0.26383 0 -0.96457 0.39927 0 -0.91683 0.36943 0 -0.92926 0.25924 0 -0.96581 0.46274 0 -0.88649 0.49882 0 -0.86671 0.52488 0 -0.85118 0.57134 0 -0.82071 -0 -1 -0 0 1 0</float_array>
          <technique_common>
            <accessor source="#norm_6-array" count="312" stride="3">
              <param name="X" type="float"/>
              <param name="Y" type="float"/>
              <param name="Z" type="float"/>
            </accessor>
          </technique_common>
        </source>
        <source id="uvs_6">
          <float_array id="uvs_6-array" count="0"></float_array>
          <technique_common>
            <accessor source="#uvs_6-array" count="0" stride="2">
              <param name="S" type="float"/>
              <param name="T" type="float"/>
            </accessor>
          </technique_common>
        </source>
        <vertices id="vert_6">
          <input semantic="POSITION" source="#pos_6"/>
        </vertices>
        <triangles count="404" material="mat_4">
          <input semantic="VERTEX" source="#vert_6" offset="0"/>
          <input semantic="NORMAL" source="#norm_6" offset="1"/>
          <p>0 0 1 0 2 0 2 0 1 0 3 0 2 0 3 0 4 0 4 0 0 0 2 0 5 1 6 1 7 2 7 2 6 1 8 3 7 2 8 3 9 4 9 4 8 3 10 5 9 4 10 5 11 6 9 4 11 6 12 7 12 7 11 6 13 8 12 7 13 8 14 9 14 9 13 8 1 10 14 9 1 10 0 10 14 9 0 10 15 9 15 9 0 10 16 8 15 9 16 8 17 7 17 7 16 8 18 6 17 7 18 6 19 4 19 4 18 6 20 5 19 4 20 5 21 3 19 4 21 3 22 2 22 2 21 3 5 1 22 2 5 1 7 2 15 9 17 7 14 9 14 9 17 7 12 7 22 2 7 2 9 4 17 7 19 4 12 7 12 7 19 4 9 4 19 4 22 2 9 4 23 11 24 11 25 12 25 12 24 11 26 13 25 12 26 13 27 14 27 14 26 13 28 15 27 14 28 15 29 16 29 16 28 15 30 17 29 16 30 17 31 18 31 18 30 17 6 19 31 18 6 19 5 19 31 18 5 19 32 18 32 18 5 19 33 17 32 18 33 17 34 16 34 16 33 17 35 15 34 16 35 15 36 14 36 14 35 15 37 13 36 14 37 13 38 12 38 12 37 13 23 11 38 12 23 11 25 12 32 18 34 16 31 18 31 18 34 16 29 16 38 12 25 12 27 14 34 16 36 14 29 16 29 16 36 14 27 14 36 14 38 12 27 14 39 20 40 20 41 21 41 21 40 20 42 22 41 21 42 22 43 23 43 23 42 22 44 24 43 23 44 24 45 25 45 25 44 24 46 26 45 25 46 26 24 27 23 27 47 26 24 27 24 27 47 26 45 25 45 25 47 26 48 25 48 25 47 26 49 24 48 25 49 24 50 23 50 23 49 24 51 22 50 23 51 22 52 21 52 21 51 22 39 20 52 21 39 20 41 21 52 21 41 21 43 23 48 25 50 23 45 25 45 25 50 23 43 23 50 23 52 21 43 23 53 28 54 28 55 29 55 29 54 28 56 30 55 29 56 30 57 31 57 31 56 30 58 32 57 31 58 32 59 33 59 33 58 32 60 34 59 33 60 34 40 35 39 35 61 34 40 35 40 35 61 34 59 33 59 33 61 34 62 33 62 33 61 34 63 32 62 33 63 32 64 31 64 31 63 32 65 30 64 31 65 30 66 29 66 29 65 30 53 28 66 29 53 28 55 29 66 29 55 29 57 31 62 33 64 31 59 33 59 33 64 31 57 31 64 31 66 29 57 31 67 36 68 36 69 37 69 37 68 36 70 38 69 37 70 38 71 39 69 37 71 39 72 40 72 40 71 39 73 41 72 40 73 41 54 42 53 42 74 41 54 42 54 42 74 41 72 40 72 40 74 41 75 40 75 40 74 41 76 39 75 40 76 39 77 37 77 37 76 39 78 38 77 37 78 38 67 36 77 37 67 36 69 37 77 37 69 37 72 40 75 40 77 37 72 40 79 43 80 43 81 43 81 43 80 43 68 43 81 43 68 43 67 43 67 43 79 43 81 43 4 44 3 44 82 44 82 44 3 44 80 44 82 44 80 44 79 44 79 44 4 44 82 44 83 45 84 45 85 45 85 45 84 45 86 45 85 45 86 45 87 45 87 45 83 45 85 45 88 0 89 0 90 0 90 0 89 0 84 0 90 0 84 0 83 0 83 0 88 0 90 0 91 46 92 46 93 47 93 47 92 46 94 48 93 47 94 48 95 49 95 49 94 48 96 50 95 49 96 50 97 51 97 51 89 52 95 49 95 49 89 52 98 51 95 49 98 51 99 49 99 49 98 51 100 50 99 49 100 50 101 48 89 52 88 52 98 51 99 49 101 48 102 47 102 47 101 48 91 46 102 47 91 46 93 47 102 47 93 47 95 49 99 49 102 47 95 49 103 53 104 53 105 54 105 54 104 53 106 55 105 54 106 55 107 56 107 56 106 55 108 57 107 56 108 57 109 58 109 58 108 57 110 59 109 58 110 59 92 60 91 60 111 59 92 60 92 60 111 59 109 58 109 58 111 59 112 58 112 58 111 59 113 57 112 58 113 57 114 56 114 56 113 57 115 55 114 56 115 55 116 54 116 54 115 55 103 53 116 54 103 53 105 54 116 54 105 54 107 56 112 58 114 56 109 58 109 58 114 56 107 56 114 56 116 54 107 56 117 61 118 61 119 62 119 62 118 61 120 63 119 62 120 63 121 64 121 64 120 63 122 65 121 64 122 65 123 66 123 66 122 65 124 67 123 66 124 67 104 68 103 68 125 67 104 68 104 68 125 67 123 66 123 66 125 67 126 66 126 66 125 67 127 65 126 66 127 65 128 64 128 64 127 65 129 63 128 64 129 63 130 62 130 62 129 63 117 61 130 62 117 61 119 62 130 62 119 62 121 64 126 66 128 64 123 66 123 66 128 64 121 64 128 64 130 62 121 64 131 69 132 69 133 70 133 70 132 69 134 71 133 70 134 71 135 72 135 72 134 71 136 73 135 72 136 73 137 74 137 74 136 73 138 75 137 74 138 75 118 76 117 76 139 75 118 76 118 76 139 75 137 74 137 74 139 75 140 74 140 74 139 75 141 73 140 74 141 73 142 72 142 72 141 73 143 71 142 72 143 71 144 70 144 70 143 71 131 69 144 70 131 69 133 70 144 70 133 70 135 72 140 74 142 72 137 74 137 74 142 72 135 72 142 72 144 70 135 72 145 77 146 77 147 78 147 78 146 77 148 79 147 78 148 79 149 80 149 80 148 79 150 81 149 80 150 81 151 82 151 82 150 81 152 83 151 82 152 83 153 84 153 84 152 83 154 85 153 84 154 85 155 86 155 86 154 85 156 87 155 86 156 87 132 88 132 88 131 88 155 86 155 86 131 88 157 86 155 86 157 86 158 84 158 84 157 86 159 85 158 84 159 85 160 83 131 88 161 87 157 86 157 86 161 87 159 85 158 84 160 83 162 82 162 82 160 83 163 81 162 82 163 81 164 80 164 80 163 81 165 79 164 80 165 79 166 78 166 78 165 79 145 77 166 78 145 77 147 78 155 86 158 84 153 84 153 84 158 84 162 82 153 84 162 82 151 82 151 82 162 82 164 80 151 82 164 80 149 80 149 80 164 80 166 78 149 80 166 78 147 78 167 89 168 89 169 90 169 90 168 89 170 91 169 90 170 91 171 92 171 92 170 91 172 93 171 92 172 93 173 94 174 95 175 96 173 94 173 94 175 96 176 97 173 94 176 97 171 92 171 92 176 97 177 92 171 92 177 92 178 90 178 90 177 92 179 91 178 90 179 91 167 89 175 96 174 95 180 98 180 98 174 95 181 99 180 98 181 99 182 100 182 100 181 99 146 101 182 100 146 101 145 101 182 100 145 101 183 100 183 100 145 101 184 99 183 100 184 99 185 98 185 98 184 99 186 95 185 98 186 95 187 96 187 96 186 95 188 94 187 96 188 94 189 97 189 97 188 94 177 92 189 97 177 92 176 97 188 94 190 93 177 92 177 92 190 93 179 91 178 90 167 89 169 90 183 100 185 98 182 100 182 100 185 98 180 98 189 97 176 97 175 96 185 98 187 96 180 98 180 98 187 96 175 96 187 96 189 97 175 96 178 90 169 90 171 92 191 43 192 43 193 43 193 43 192 43 168 43 193 43 168 43 167 43 167 43 191 43 193 43 194 44 195 44 196 44 196 44 195 44 192 44 196 44 192 44 191 44 191 44 194 44 196 44 87 43 86 43 197 43 197 43 86 43 195 43 197 43 195 43 194 43 194 43 87 43 197 43 194 102 191 102 87 102 87 102 191 102 4 102 87 102 4 102 83 102 83 102 4 102 79 102 83 102 79 102 88 102 88 102 79 102 67 102 88 102 67 102 98 102 98 102 67 102 78 102 98 102 78 102 100 102 100 102 78 102 76 102 100 102 76 102 101 102 101 102 76 102 91 102 91 102 76 102 111 102 111 102 76 102 113 102 113 102 76 102 115 102 115 102 76 102 74 102 115 102 74 102 53 102 4 102 191 102 198 102 198 102 191 102 167 102 198 102 167 102 179 102 190 102 18 102 179 102 179 102 18 102 16 102 179 102 16 102 198 102 198 102 16 102 0 102 198 102 0 102 4 102 18 102 190 102 20 102 20 102 190 102 188 102 20 102 188 102 21 102 21 102 188 102 186 102 21 102 186 102 5 102 5 102 186 102 184 102 5 102 184 102 33 102 33 102 184 102 145 102 33 102 145 102 35 102 35 102 145 102 165 102 35 102 165 102 163 102 35 102 163 102 37 102 37 102 163 102 160 102 37 102 160 102 159 102 159 102 161 102 37 102 37 102 161 102 23 102 23 102 161 102 131 102 23 102 131 102 143 102 23 102 143 102 47 102 47 102 143 102 141 102 47 102 141 102 139 102 47 102 139 102 49 102 49 102 139 102 117 102 49 102 117 102 129 102 49 102 129 102 51 102 51 102 129 102 127 102 51 102 127 102 39 102 39 102 127 102 125 102 39 102 125 102 103 102 115 102 65 102 103 102 103 102 65 102 63 102 103 102 63 102 61 102 53 102 65 102 115 102 61 102 39 102 103 102 195 103 86 103 192 103 192 103 86 103 3 103 192 103 3 103 199 103 199 103 3 103 1 103 199 103 1 103 13 103 86 103 84 103 3 103 3 103 84 103 80 103 80 103 84 103 89 103 80 103 89 103 200 103 200 103 89 103 97 103 200 103 97 103 70 103 70 103 97 103 96 103 70 103 96 103 71 103 71 103 96 103 73 103 73 103 96 103 94 103 73 103 94 103 92 103 92 103 110 103 73 103 73 103 110 103 108 103 73 103 108 103 106 103 73 103 106 103 54 103 54 103 106 103 104 103 54 103 104 103 56 103 56 103 104 103 58 103 58 103 104 103 60 103 60 103 104 103 40 103 40 103 104 103 124 103 40 103 124 103 122 103 40 103 122 103 42 103 42 103 122 103 120 103 42 103 120 103 44 103 44 103 120 103 118 103 44 103 118 103 138 103 44 103 138 103 46 103 46 103 138 103 136 103 46 103 136 103 134 103 46 103 134 103 24 103 24 103 134 103 132 103 24 103 132 103 156 103 24 103 156 103 26 103 26 103 156 103 154 103 26 103 154 103 152 103 152 103 150 103 26 103 26 103 150 103 28 103 28 103 150 103 148 103 28 103 148 103 146 103 28 103 146 103 30 103 30 103 146 103 181 103 30 103 181 103 6 103 6 103 181 103 174 103 6 103 174 103 8 103 8 103 174 103 173 103 8 103 173 103 10 103 10 103 173 103 172 103 10 103 172 103 11 103 11 103 172 103 170 103 11 103 170 103 13 103 13 103 170 103 199 103 170 103 168 103 199 103 199 103 168 103 201 103 199 103 201 103 192 103 192 103 201 103 168 103 70 103 68 103 200 103 200 103 68 103 80 103</p>
        </triangles>
      </mesh>
    </geometry>
    <geometry id="geometry_39ecb162_bbd9_4dc4_8c4d_02eb45fae909">
      <mesh>
        <source id="pos_7">
          <float_array id="pos_7-array" count="1452">-47.42974091 -20.43050957 178.75247192 -47.42974091 -18.43050957 178.75247192 -48.05388641 -19.43050957 178.69790649 -48.67803192 -18.43050957 178.64334106 -48.67803192 -20.43050957 178.64334106 -47.0170517 -20.43050957 177.52124023 -47.0170517 -18.43050957 177.52124023 -47.11486816 -19.43050957 177.70074463 -47.17155838 -18.43050957 177.81137085 -47.23523331 -19.43050957 177.94934082 -47.29656601 -18.43050957 178.11166382 -47.32553864 -19.43050957 178.20828247 -47.37601852 -18.43050957 178.42764282 -47.37601852 -20.43050957 178.42764282 -47.32553864 -19.93050957 178.20828247 -47.29656601 -20.43050957 178.11166382 -47.23523331 -19.93050957 177.94934082 -47.17155838 -20.43050957 177.81137085 -47.11486816 -19.93050957 177.70074463 -46.01091385 -20.43050957 176.74360657 -46.01091385 -18.43050957 176.74360657 -46.21798325 -19.43050957 176.84576416 -46.30070496 -18.43050957 176.88946533 -46.44825363 -19.43050957 176.97592163 -46.57055664 -18.43050957 177.06063843 -46.65792847 -19.43050957 177.13221741 -46.80517197 -18.43050957 177.27650452 -46.80517197 -20.43050957 177.27650452 -46.65792847 -19.93050957 177.13221741 -46.57055664 -20.43050957 177.06063843 -46.44825363 -19.93050957 176.97592163 -46.30070496 -20.43050957 176.88946533 -46.21798325 -19.93050957 176.84576416 -44.47612381 -20.43050957 176.44688416 -44.47612381 -18.43050957 176.44688416 -44.74861908 -19.43050957 176.45898438 -44.87049103 -18.43050957 176.4669342 -45.07273483 -19.43050957 176.48681641 -45.25917816 -18.43050957 176.51579285 -45.39099121 -19.43050957 176.5443573 -45.63809204 -18.43050957 176.61425781 -45.63809204 -20.43050957 176.61425781 -45.39099121 -19.93050957 176.5443573 -45.25917816 -20.43050957 176.51579285 -45.07273483 -19.93050957 176.48681641 -44.87049103 -20.43050957 176.4669342 -44.74861908 -19.93050957 176.45898438 -43.13915253 -20.43050957 176.67198181 -43.13915253 -18.43050957 176.67198181 -43.34576416 -19.43050957 176.60740662 -43.46590424 -18.43050957 176.57244873 -43.79689789 -18.43050957 176.49742126 -43.90315247 -19.43050957 176.48216248 -44.13459015 -18.43050957 176.46105957 -44.13459015 -20.43050957 176.46105957 -43.90315247 -19.93050957 176.48216248 -43.79689789 -20.43050957 176.49742126 -43.46590424 -20.43050957 176.57244873 -43.34576416 -19.93050957 176.60740662 -42.27626038 -20.43050957 177.28930664 -42.27626038 -18.43050957 177.28930664 -42.38945007 -19.43050957 177.16441345 -42.46001053 -18.43050957 177.09118652 -42.55094528 -19.43050957 177.00579834 -42.66210556 -18.43050957 176.91819763 -42.73113632 -19.43050957 176.87277222 -42.89259338 -18.43050957 176.78408813 -42.89259338 -20.43050957 176.78408813 -42.73113632 -19.93050957 176.87277222 -42.66210556 -20.43050957 176.91819763 -42.55094528 -19.93050957 177.00579834 -42.46001053 -20.43050957 177.09118652 -42.38945007 -19.93050957 177.16441345 -41.99317932 -20.43050957 178.14538574 -41.99317932 -18.43050957 178.14538574 -42.0067482 -19.43050957 177.99343872 -42.01623917 -18.43050957 177.91567993 -42.03569794 -19.43050957 177.80477905 -42.06554031 -18.43050957 177.6946106 -42.09162521 -19.43050957 177.62498474 -42.15807343 -18.43050957 177.48774719 -42.15807343 -20.43050957 177.48774719 -42.09162521 -19.93050957 177.62498474 -42.06554031 -20.43050957 177.6946106 -42.03569794 -19.93050957 177.80477905 -42.01623917 -20.43050957 177.91567993 -42.0067482 -19.93050957 177.99343872 -42.26602936 -20.43050957 178.96734619 -42.26602936 -18.43050957 178.96734619 -42.18771362 -19.43050957 178.84368896 -42.1492691 -18.43050957 178.77810669 -42.09995651 -19.43050957 178.6822052 -42.05929184 -18.43050957 178.57991028 -42.03971863 -19.43050957 178.51152039 -42.01324844 -18.43050957 178.36698914 -42.01324844 -20.43050957 178.36698914 -42.03971863 -19.93050957 178.51152039 -42.05929184 -20.43050957 178.57991028 -42.09995651 -19.93050957 178.6822052 -42.1492691 -20.43050957 178.77810669 -42.18771362 -19.93050957 178.84368896 -43.16643906 -20.43050957 179.55738831 -43.16643906 -18.43050957 179.55738831 -42.97938538 -19.43050957 179.47940063 -42.91407394 -18.43050957 179.45018005 -42.67556 -18.43050957 179.32250977 -42.59377289 -19.43050957 179.26615906 -42.46223068 -18.43050957 179.15759277 -42.46223068 -20.43050957 179.15759277 -42.59377289 -19.93050957 179.26615906 -42.67556 -20.43050957 179.32250977 -42.97938538 -19.93050957 179.47940063 -42.91407394 -20.43050957 179.45018005 -44.9467926 -20.43050957 180.04510498 -44.9467926 -18.43050957 180.04510498 -44.56722641 -19.43050957 179.9548645 -44.49754333 -18.43050957 179.93795776 -44.05023575 -18.43050957 179.82389832 -43.86236954 -19.43050957 179.77198792 -43.6067276 -18.43050957 179.69636536 -43.6067276 -20.43050957 179.69636536 -43.86236954 -19.93050957 179.77198792 -44.05023575 -20.43050957 179.82389832 -44.56722641 -19.93050957 179.9548645 -44.49754333 -20.43050957 179.93795776 -46.87721634 -20.43050957 180.66925049 -46.87721634 -18.43050957 180.66925049 -46.62599182 -19.43050957 180.5632019 -46.40762329 -18.43050957 180.47442627 -45.79964447 -19.43050957 180.26464844 -45.92975998 -18.43050957 180.30426025 -45.44110489 -18.43050957 180.16624451 -45.44110489 -20.43050957 180.16624451 -45.79964447 -19.93050957 180.26464844 -45.92975998 -20.43050957 180.30426025 -46.40762329 -20.43050957 180.47442627 -46.62599182 -19.93050957 180.5632019 -47.94474792 -20.43050957 181.60035706 -47.94474792 -18.43050957 181.60035706 -47.8055191 -19.43050957 181.42074585 -47.72145462 -18.43050957 181.31832886 -47.60874557 -19.43050957 181.19299316 -47.47339249 -18.43050957 181.06428528 -47.38666534 -19.43050957 180.99382019 -47.18642044 -18.43050957 180.85420227 -47.18642044 -20.43050957 180.85420227 -47.38666534 -19.93050957 180.99382019 -47.47339249 -20.43050957 181.06428528 -47.60874557 -19.93050957 181.19299316 -47.72145462 -20.43050957 181.31832886 -47.8055191 -19.93050957 181.42074585 -48.2960434 -20.43050957 182.84524536 -48.2960434 -18.43050957 182.84524536 -48.28043365 -19.43050957 182.62280273 -48.26988983 -18.43050957 182.51649475 -48.24603271 -19.43050957 182.3531189 -48.210392 -18.43050957 182.19723511 -48.17727661 -19.43050957 182.09320068 -48.0946579 -18.43050957 181.89393616 -48.0946579 -20.43050957 181.89393616 -48.17727661 -19.93050957 182.09320068 -48.210392 -20.43050957 182.19723511 -48.24603271 -19.93050957 182.3531189 -48.26988983 -20.43050957 182.51649475 -48.28043365 -19.93050957 182.62280273 -47.86630249 -20.43050957 184.26066589 -47.86630249 -18.43050957 184.26066589 -47.98965073 -19.43050957 184.03781128 -48.04593277 -18.43050957 183.92860413 -48.12423706 -19.43050957 183.75717163 -48.18646622 -18.43050957 183.58474731 -48.21854782 -19.43050957 183.46438599 -48.26119614 -18.43050957 183.22102356 -48.26119614 -20.43050957 183.22102356 -48.21854782 -19.93050957 183.46438599 -48.18646622 -20.43050957 183.58474731 -48.12423706 -19.93050957 183.75717163 -48.04593277 -20.43050957 183.92860413 -47.98965073 -19.93050957 184.03781128 -46.61118698 -20.43050957 185.25997925 -46.61118698 -18.43050957 185.25997925 -46.86563492 -19.43050957 185.13513184 -46.97782135 -18.43050957 185.07582092 -47.15812683 -19.43050957 184.96910095 -47.3163147 -18.43050957 184.85670471 -47.42157364 -19.43050957 184.76698303 -47.60637283 -18.43050957 184.57739258 -47.65247726 -19.43050957 184.52442932 -47.65247726 -19.93050957 184.52442932 -47.60637283 -20.43050957 184.57739258 -47.42157364 -19.93050957 184.76698303 -47.3163147 -20.43050957 184.85670471 -47.15812683 -19.93050957 184.96910095 -46.97782135 -20.43050957 185.07582092 -46.86563492 -19.93050957 185.13513184 -44.77626038 -20.43050957 185.6010437 -44.77626038 -18.43050957 185.6010437 -45.10013199 -19.43050957 185.58691406 -45.24668503 -18.43050957 185.5776062 -45.48725891 -19.43050957 185.55471802 -45.71087265 -18.43050957 185.52119446 -45.86795425 -19.43050957 185.48847961 -46.1643486 -18.43050957 185.40814209 -46.1643486 -20.43050957 185.40814209 -45.86795425 -19.93050957 185.48847961 -45.71087265 -20.43050957 185.52119446 -45.48725891 -19.93050957 185.55471802 -45.24668503 -20.43050957 185.5776062 -45.10013199 -19.93050957 185.58691406 -42.81514359 -20.43050957 185.24291992 -42.81514359 -18.43050957 185.24291992 -43.11763 -19.43050957 185.34565735 -43.29256821 -18.43050957 185.40097046 -43.52188492 -19.43050957 185.46495056 -43.77726364 -18.43050957 185.52026367 -43.93357849 -19.43050957 185.54460144 -44.27346039 -18.43050957 185.57824707 -44.27346039 -20.43050957 185.57824707 -43.93357849 -19.93050957 185.54460144 -43.77726364 -20.43050957 185.52026367 -43.52188492 -19.93050957 185.46495056 -43.29256821 -20.43050957 185.40097046 -43.11763 -19.93050957 185.34565735 -41.50886536 -20.43050957 184.18904114 -41.50886536 -18.43050957 184.18904114 -41.682621 -19.43050957 184.40667725 -41.7797699 -18.43050957 184.52093506 -41.92082596 -19.43050957 184.67095947 -42.08165359 -18.43050957 184.81474304 -42.19081116 -19.43050957 184.8961792 -42.43372345 -18.43050957 185.04685974 -42.49434662 -19.43050957 185.08015442 -42.49434662 -19.93050957 185.08015442 -42.43372345 -20.43050957 185.04685974 -42.19081116 -19.93050957 184.8961792 -42.08165359 -20.43050957 184.81474304 -41.92082596 -19.93050957 184.67095947 -41.7797699 -20.43050957 184.52093506 -41.682621 -19.93050957 184.40667725 -41.01773453 -20.43050957 182.61332703 -41.01773453 -18.43050957 182.61332703 -41.0476532 -19.43050957 182.89653015 -41.06560898 -18.43050957 183.03076172 -41.10282516 -19.43050957 183.23852539 -41.15391159 -18.43050957 183.43551636 -41.19966125 -19.43050957 183.56745911 -41.31056595 -18.43050957 183.81881714 -41.31056595 -20.43050957 183.81881714 -41.19966125 -19.93050957 183.56745911 -41.15391159 -20.43050957 183.43551636 -41.10282516 -19.93050957 183.23852539 -41.06560898 -20.43050957 183.03076172 -41.0476532 -19.93050957 182.89653015 -42.28649139 -20.43050957 182.51782227 -42.28649139 -18.43050957 182.51782227 -41.65211487 -19.43050957 182.56556702 -42.97885132 -20.43050957 183.95028687 -42.97885132 -18.43050957 183.95028687 -42.80405426 -19.43050957 183.75956726 -42.70515823 -18.43050957 183.6423645 -42.59311295 -19.43050957 183.48980713 -42.48897934 -18.43050957 183.30574036 -42.44084549 -19.43050957 183.1907959 -42.36231995 -18.43050957 182.92446899 -42.34840775 -19.43050957 182.86192322 -42.34840775 -19.93050957 182.86192322 -42.36231995 -20.43050957 182.92446899 -42.44084549 -19.93050957 183.1907959 -42.48897934 -20.43050957 183.30574036 -42.59311295 -19.93050957 183.48980713 -42.70515823 -20.43050957 183.6423645 -42.80405426 -19.93050957 183.75956726 -44.72169113 -20.43050957 184.43460083 -44.72169113 -18.43050957 184.43460083 -44.37614822 -19.43050957 184.4216156 -44.25619888 -18.43050957 184.41325378 -44.00322723 -19.43050957 184.38279724 -43.80580521 -18.43050957 184.34135437 -43.64588165 -19.43050957 184.2918396 -43.38293076 -18.43050957 184.17729187 -43.30726624 -19.43050957 184.13815308 -43.30726624 -19.93050957 184.13815308 -43.38293076 -20.43050957 184.17729187 -43.64588165 -19.93050957 184.2918396 -43.80580521 -20.43050957 184.34135437 -44.00322723 -19.93050957 184.38279724 -44.25619888 -20.43050957 184.41325378 -44.37614822 -19.93050957 184.4216156 -46.47134781 -20.43050957 183.99462891 -46.47134781 -18.43050957 183.99462891 -46.2383728 -19.43050957 184.12034607 -46.06231308 -18.43050957 184.20724487 -45.88242722 -19.43050957 184.28288269 -45.63599777 -18.43050957 184.3573761 -45.50915527 -19.43050957 184.38278198 -45.18538666 -18.43050957 184.41964722 -45.11953735 -19.43050957 184.42356873 -45.11953735 -19.93050957 184.42356873 -45.18538666 -20.43050957 184.41964722 -45.50915527 -19.93050957 184.38278198 -45.63599777 -20.43050957 184.3573761 -45.88242722 -19.93050957 184.28288269 -46.06231308 -20.43050957 184.20724487 -46.2383728 -19.93050957 184.12034607 -47.02046204 -20.43050957 182.93391418 -47.02046204 -18.43050957 182.93391418 -46.99223709 -19.43050957 183.13465881 -46.97166824 -18.43050957 183.243927 -46.93350983 -19.43050957 183.38587952 -46.93177032 -18.43050957 183.39108276 -46.88656235 -19.43050957 183.50257874 -46.87327957 -18.43050957 183.52880859 -46.82397461 -19.43050957 183.61134338 -46.69537354 -18.43050957 183.77340698 -46.66130066 -19.43050957 183.80990601 -46.66130066 -19.93050957 183.80990601 -46.69537354 -20.43050957 183.77340698 -46.82397461 -19.93050957 183.61134338 -46.87327957 -20.43050957 183.52880859 -46.88656235 -19.93050957 183.50257874 -46.93177032 -20.43050957 183.39108276 -46.93350983 -19.93050957 183.38587952 -46.97166824 -20.43050957 183.243927 -46.99223709 -19.93050957 183.13465881 -46.63164902 -20.43050957 182.04714966 -46.63164902 -18.43050957 182.04714966 -46.7432518 -19.43050957 182.17268372 -46.79709244 -18.43050957 182.23875427 -46.86750412 -19.43050957 182.33876038 -46.92506027 -18.43050957 182.44688416 -46.95322037 -19.43050957 182.52183533 -46.99115372 -18.43050957 182.68229675 -46.99115372 -20.43050957 182.68229675 -46.95322037 -19.93050957 182.52183533 -46.92506027 -20.43050957 182.44688416 -46.86750412 -19.93050957 182.33876038 -46.79709244 -20.43050957 182.23875427 -46.7432518 -19.93050957 182.17268372 -44.63642502 -20.43050957 181.33433533 -44.63642502 -18.43050957 181.33433533 -45.08090973 -19.43050957 181.43051147 -45.15989304 -18.43050957 181.44909668 -45.48766327 -19.43050957 181.53562927 -45.671875 -18.43050957 181.59341431 -45.88274765 -19.43050957 181.67074585 -46.16138077 -18.43050957 181.79554749 -46.26210785 -19.43050957 181.84632874 -46.26210785 -19.93050957 181.84632874 -46.16138077 -20.43050957 181.79554749 -45.88274765 -19.93050957 181.67074585 -45.671875 -20.43050957 181.59341431 -45.48766327 -19.93050957 181.53562927 -45.15989304 -20.43050957 181.44909668 -45.08090973 -19.93050957 181.43051147 -42.42291641 -20.43050957 180.6965332 -42.42291641 -18.43050957 180.6965332 -42.70610809 -19.43050957 180.79954529 -42.96586609 -18.43050957 180.89093018 -43.66067505 -19.43050957 181.10243225 -43.51554871 -18.43050957 181.0627594 -44.07376862 -18.43050957 181.20597839 -44.07376862 -20.43050957 181.20597839 -43.66067505 -19.93050957 181.10243225 -43.51554871 -20.43050957 181.0627594 -42.96586609 -20.43050957 180.89093018 -42.70610809 -19.93050957 180.79954529 -41.13369751 -20.43050957 179.67675781 -41.13369751 -18.43050957 179.67675781 -41.30129623 -19.43050957 179.87602234 -41.40613556 -18.43050957 179.99356079 -41.54125595 -19.43050957 180.13131714 -41.7071991 -18.43050957 180.27484131 -41.81038284 -19.43050957 180.35043335 -42.05253983 -18.43050957 180.5012207 -42.05253983 -20.43050957 180.5012207 -41.81038284 -19.93050957 180.35043335 -41.7071991 -20.43050957 180.27484131 -41.54125595 -19.93050957 180.13131714 -41.40613556 -20.43050957 179.99356079 -41.30129623 -19.93050957 179.87602234 -40.71759796 -20.43050957 178.2545166 -40.71759796 -18.43050957 178.2545166 -40.73553467 -19.43050957 178.512146 -40.74751663 -18.43050957 178.63201904 -40.77563477 -19.43050957 178.82089233 -40.81726074 -18.43050957 178.99772644 -40.85680008 -19.43050957 179.11749268 -40.95471954 -18.43050957 179.34338379 -40.95471954 -20.43050957 179.34338379 -40.85680008 -19.93050957 179.11749268 -40.81726074 -20.43050957 178.99772644 -40.77563477 -19.93050957 178.82089233 -40.74751663 -20.43050957 178.63201904 -40.73553467 -19.93050957 178.512146 -41.1746254 -20.43050957 176.75042725 -41.1746254 -18.43050957 176.75042725 -41.0434494 -19.43050957 176.98832703 -40.98428345 -18.43050957 177.10350037 -40.90090179 -19.43050957 177.28645325 -40.83502579 -18.43050957 177.46896362 -40.80069733 -19.43050957 177.59735107 -40.75518799 -18.43050957 177.8553772 -40.75518799 -20.43050957 177.8553772 -40.80069733 -19.93050957 177.59735107 -40.83502579 -20.43050957 177.46896362 -40.90090179 -19.93050957 177.28645325 -40.98428345 -20.43050957 177.10350037 -41.0434494 -19.93050957 176.98832703 -42.48772049 -20.43050957 175.65220642 -42.48772049 -18.43050957 175.65220642 -42.22302246 -19.43050957 175.79415894 -42.10479736 -18.43050957 175.86198425 -41.91714096 -19.43050957 175.9813385 -41.75105286 -18.43050957 176.10636902 -41.64136505 -19.43050957 176.20419312 -41.44734573 -18.43050957 176.41003418 -41.399189 -19.43050957 176.46687317 -41.399189 -19.93050957 176.46687317 -41.44734573 -20.43050957 176.41003418 -41.64136505 -19.93050957 176.20419312 -41.75105286 -20.43050957 176.10636902 -41.91714096 -19.93050957 175.9813385 -42.10479736 -20.43050957 175.86198425 -42.22302246 -19.93050957 175.79415894 -44.41473389 -20.43050957 175.25997925 -44.41473389 -18.43050957 175.25997925 -44.07222748 -19.43050957 175.27610779 -43.91819382 -18.43050957 175.28671265 -43.66426086 -19.43050957 175.3130188 -43.42953491 -18.43050957 175.35145569 -43.26442337 -19.43050957 175.3891449 -42.95441818 -18.43050957 175.48152161 -42.95441818 -20.43050957 175.48152161 -43.26442337 -19.93050957 175.3891449 -43.42953491 -20.43050957 175.35145569 -43.66426086 -19.93050957 175.3130188 -43.91819382 -20.43050957 175.28671265 -44.07222748 -19.93050957 175.27610779 -46.6896286 -20.43050957 175.65560913 -46.6896286 -18.43050957 175.65560913 -46.34978485 -19.43050957 175.54222107 -46.13562012 -18.43050957 175.47590637 -45.87797165 -19.43050957 175.40603638 -45.57308578 -18.43050957 175.34300232 -45.39749527 -19.43050957 175.31742859 -44.99755478 -18.43050957 175.28147888 -44.99755478 -20.43050957 175.28147888 -45.39749527 -19.93050957 175.31742859 -45.57308578 -20.43050957 175.34300232 -45.87797165 -19.93050957 175.40603638 -46.13562012 -20.43050957 175.47590637 -46.34978485 -19.93050957 175.54222107 -48.12892151 -20.43050957 176.84593201 -48.12892151 -18.43050957 176.84593201 -47.93490601 -19.43050957 176.59875488 -47.83078003 -18.43050957 176.47406006 -47.67327881 -19.43050957 176.3031311 -47.49866486 -18.43050957 176.14311218 -47.37673569 -19.43050957 176.04954529 -47.11069107 -18.43050957 175.87944031 -47.04283524 -19.43050957 175.84095764 -47.04283524 -19.93050957 175.84095764 -47.11069107 -20.43050957 175.87944031 -47.37673569 -19.93050957 176.04954529 -47.49866486 -20.43050957 176.14311218 -47.67327881 -19.93050957 176.3031311 -47.83078003 -20.43050957 176.47406006 -47.93490601 -19.93050957 176.59875488 -48.64716721 -19.43050957 178.32044983 -48.62811279 -18.43050957 178.167099 -48.58773804 -19.43050957 177.93023682 -48.53102493 -18.43050957 177.7053833 -48.47969818 -19.43050957 177.55497742 -48.3542366 -18.43050957 177.26818848 -48.31822968 -19.43050957 177.19616699 -48.31822968 -19.93050957 177.19616699 -48.3542366 -20.43050957 177.26818848 -48.47969818 -19.93050957 177.55497742 -48.53102493 -20.43050957 177.7053833 -48.58773804 -19.93050957 177.93023682 -48.62811279 -20.43050957 178.167099 -48.64716721 -19.93050957 178.32044983 -44.69781494 -20.43050957 180.45759583 -44.69781494 -18.43050957 180.45759583</float_array>
          <technique_common>
            <accessor source="#pos_7-array" count="1452" stride="3">
              <param name="X" type="float"/>
              <param name="Y" type="float"/>
              <param name="Z" type="float"/>
            </accessor>
          </technique_common>
        </source>
        <source id="norm_7">
          <float_array id="norm_7-array" count="831">-0.0871 0 0.9962 0.87521 0 0.48375 0.88379 0 0.46788 0.89697 0 0.44209 0.91979 0 0.39241 0.95048 0 0.31077 0.96428 0 0.26487 0.98178 0 0.19001 0.98872 0 0.14977 0.43509 0 0.90039 0.45704 0 0.88945 0.4785 0 0.87809 0.53634 0 0.844 0.6047 0 0.79645 0.66113 0 0.75027 0.731 0 0.68238 0.76801 0 0.64044 0.03857 0 0.99926 0.05605 0 0.99843 0.07535 0 0.99716 0.12359 0 0.99233 0.18642 0 0.98247 0.23568 0 0.97183 0.3027 0 0.95309 0.34018 0 0.94036 -0.3029 0 0.95302 -0.28907 0 0.95731 -0.26821 0 0.96336 -0.16175 0 0.98683 -0.12348 0 0.99235 -0.06327 0 0.998 -0.03063 0 0.99953 -0.74583 0 0.66614 -0.73111 0 0.68226 -0.70686 0 0.70735 -0.65826 0 0.75279 -0.57467 0 0.81839 -0.52557 0 0.85075 -0.44376 0 0.89615 -0.39895 0 0.91697 -0.99675 0 0.08059 -0.99439 0 0.10578 -0.99031 0 0.13888 -0.97733 0 0.21173 -0.94887 0 0.31566 -0.92359 0 0.38339 -0.87814 0 0.4784 -0.84931 0 0.52789 -0.84009 -0 -0.54244 -0.8542 -0 -0.51995 -0.87214 -0 -0.48925 -0.90771 -0 -0.4196 -0.94988 -0 -0.31261 -0.97089 -0 -0.23954 -0.99148 -0 -0.13023 -0.99752 -0 -0.0704 -0.3774 -0 -0.92605 -0.39958 -0 -0.9167 -0.41809 -0 -0.90841 -0.53767 -0 -0.84315 -0.59658 -0 -0.80255 -0.66905 -0 -0.74322 -0.70917 -0 -0.70504 -0.22949 -0 -0.97331 -0.23487 -0 -0.97203 -0.23703 -0 -0.9715 -0.25959 -0 -0.96572 -0.27357 -0 -0.96185 -0.29248 -0 -0.95627 -0.30528 -0 -0.95226 -0.39119 -0 -0.92031 -0.38432 -0 -0.9232 -0.36716 -0 -0.93016 -0.283 -0 -0.95912 -0.29977 -0 -0.95401 -0.2493 -0 -0.96843 -0.23238 -0 -0.97262 -0.79446 -0 -0.60731 -0.78198 -0 -0.62331 -0.76227 -0 -0.64726 -0.72143 -0 -0.69248 -0.65228 -0 -0.75798 -0.60969 -0 -0.79264 -0.53941 -0 -0.84204 -0.50022 -0 -0.8659 -0.99806 -0 -0.06223 -0.99633 -0 -0.08559 -0.99351 -0 -0.11372 -0.9837 -0 -0.17981 -0.96289 -0 -0.2699 -0.94241 -0 -0.33445 -0.90618 -0 -0.4229 -0.88249 -0 -0.47034 -0.87104 0 0.49121 -0.88256 0 0.4702 -0.89591 0 0.44423 -0.92425 0 0.38178 -0.95644 0 0.29192 -0.97437 0 0.22496 -0.99172 0 0.12842 -0.99723 0 0.07443 -0.4329 0 0.90144 -0.45562 0 0.89017 -0.48064 0 0.87692 -0.54194 0 0.84042 -0.61896 0 0.78542 -0.67597 0 0.73693 -0.74799 0 0.66371 -0.76001 0 0.64992 -0.78497 0 0.61953 -0.03801 0 0.99928 -0.05467 0 0.9985 -0.07331 0 0.99731 -0.11937 0 0.99285 -0.17982 0 0.9837 -0.22666 0 0.97397 -0.29076 0 0.9568 -0.32661 0 0.94516 0.32651 0 0.9452 0.3117 0 0.95018 0.28948 0 0.95718 0.24489 0 0.96955 0.17521 0 0.98453 0.13378 0 0.99101 0.0688 0 0.99763 0.03357 0 0.99944 0.78634 0 0.61779 0.77159 0 0.63613 0.75032 0 0.66107 0.70259 0 0.7116 0.62483 0 0.78076 0.57205 0 0.82022 0.48854 0 0.87254 0.47454 0 0.88024 0.44143 0 0.8973 0.99523 0 0.09758 0.99277 0 0.12006 0.98916 0 0.14686 0.97768 0 0.21011 0.9553 0 0.29564 0.93395 0 0.35739 0.89716 0 0.44171 0.87338 0 0.48705 0.07506 -0 -0.99718 0.07506 -0 -0.99718 0.07506 -0 -0.99718 -0.73063 -0 -0.68278 -0.75031 -0 -0.66108 -0.78025 -0 -0.62546 -0.83384 -0 -0.55201 -0.90527 -0 -0.42484 -0.937 -0 -0.34932 -0.97392 -0 -0.22691 -0.97813 -0 -0.20799 -0.98683 -0 -0.16178 -0.0276 -0 -0.99962 -0.05764 -0 -0.99834 -0.08267 -0 -0.99658 -0.1625 -0 -0.98671 -0.25203 -0 -0.96772 -0.33934 -0 -0.94067 -0.44856 -0 -0.89375 -0.46956 -0 -0.8829 -0.5097 -0 -0.86035 0.48147 0 -0.87646 0.46157 0 -0.8871 0.41939 0 -0.90781 0.3509 0 -0.93641 0.22533 0 -0.97428 0.16894 0 -0.98563 0.06676 0 -0.99777 0.05295 0 -0.9986 0.01519 0 -0.99988 0.99178 0 -0.12793 0.98677 0 -0.1621 0.97734 0 -0.21167 0.94923 0 -0.31458 0.94766 0 -0.31927 0.89996 0 -0.43597 0.88423 0 -0.46704 0.83223 0 -0.55443 0.73921 0 -0.67348 0.72311 0 -0.69073 0.68411 0 -0.72938 0.73993 0 0.67269 0.76208 0 0.64748 0.79005 0 0.61305 0.84761 0 0.53062 0.91665 0 0.39969 0.95205 0 0.30593 0.98605 0 0.16647 0.99587 0 0.09075 0.20465 0 0.97884 0.22519 0 0.97432 0.2332 0 0.97243 0.28111 0 0.95968 0.31872 0 0.94785 0.3714 0 0.92847 0.44104 0 0.89749 0.4586 0 0.88864 0.48682 0 0.8735 0.34362 0 0.93911 0.33827 0 0.94105 0.32395 0 0.94607 0.25751 0 0.96628 0.2702 0 0.9628 0.23112 0 0.97293 0.21804 0 0.97594 0.76971 0 0.6384 0.75632 0 0.6542 0.73421 0 0.67892 0.68999 0 0.72382 0.61377 0 0.78948 0.56899 0 0.82234 0.49396 0 0.86949 0.45267 0 0.89168 0.99812 0 0.06125 0.9963 0 0.08597 0.99338 0 0.11486 0.98283 0 0.1845 0.96063 0 0.27784 0.93799 0 0.34667 0.89823 0 0.43953 0.87211 0 0.48931 0.87184 0 -0.48978 0.8833 0 -0.46882 0.89638 0 -0.44328 0.92449 0 -0.3812 0.95622 0 -0.29266 0.97419 0 -0.22573 0.99155 0 -0.12975 0.99711 0 -0.07591 0.46562 0 -0.88499 0.48663 0 -0.87361 0.51008 0 -0.86013 0.56674 0 -0.8239 0.63836 0 -0.76974 0.69064 0 -0.7232 0.75722 0 -0.65316 0.7683 0 -0.64009 0.79151 0 -0.61116 0.04096 0 -0.99916 0.05922 0 -0.99825 0.07953 0 -0.99683 0.13004 0 -0.99151 0.19608 0 -0.98059 0.24747 0 -0.9689 0.31739 0 -0.9483 0.35633 0 -0.93436 -0.32133 -0 -0.94697 -0.30683 -0 -0.95176 -0.28265 -0 -0.95922 -0.23782 -0 -0.97131 -0.16436 -0 -0.9864 -0.12486 -0 -0.99217 -0.05992 -0 -0.9982 -0.02537 -0 -0.99968 -0.79142 -0 -0.61127 -0.77679 -0 -0.62977 -0.75673 -0 -0.65373 -0.70997 -0 -0.70423 -0.63581 -0 -0.77185 -0.58283 -0 -0.8126 -0.5006 -0 -0.86568 -0.48649 -0 -0.87368 -0.45372 -0 -0.89114 -0.99616 -0 -0.08753 -0.99388 -0 -0.11049 -0.99044 -0 -0.13792 -0.97926 -0 -0.20261 -0.95694 -0 -0.29028 -0.93546 -0 -0.35343 -0.89816 -0 -0.43966 -0.89089 -0 -0.45422 -0.87398 -0 -0.48595 -0 -1 -0 0 1 0</float_array>
          <technique_common>
            <accessor source="#norm_7-array" count="831" stride="3">
              <param name="X" type="float"/>
              <param name="Y" type="float"/>
              <param name="Z" type="float"/>
            </accessor>
          </technique_common>
        </source>
        <source id="uvs_7">
          <float_array id="uvs_7-array" count="0"></float_array>
          <technique_common>
            <accessor source="#uvs_7-array" count="0" stride="2">
              <param name="S" type="float"/>
              <param name="T" type="float"/>
            </accessor>
          </technique_common>
        </source>
        <vertices id="vert_7">
          <input semantic="POSITION" source="#pos_7"/>
        </vertices>
        <triangles count="964" material="mat_3">
          <input semantic="VERTEX" source="#vert_7" offset="0"/>
          <input semantic="NORMAL" source="#norm_7" offset="1"/>
          <p>0 0 1 0 2 0 2 0 1 0 3 0 2 0 3 0 4 0 4 0 0 0 2 0 5 1 6 1 7 2 7 2 6 1 8 3 7 2 8 3 9 4 9 4 8 3 10 5 9 4 10 5 11 6 11 6 10 5 12 7 11 6 12 7 1 8 0 8 13 7 1 8 1 8 13 7 11 6 11 6 13 7 14 6 14 6 13 7 15 5 14 6 15 5 16 4 16 4 15 5 17 3 16 4 17 3 18 2 18 2 17 3 5 1 18 2 5 1 7 2 18 2 7 2 9 4 14 6 16 4 11 6 11 6 16 4 9 4 16 4 18 2 9 4 19 9 20 9 21 10 21 10 20 9 22 11 21 10 22 11 23 12 23 12 22 11 24 13 23 12 24 13 25 14 25 14 24 13 26 15 25 14 26 15 6 16 5 16 27 15 6 16 6 16 27 15 25 14 25 14 27 15 28 14 28 14 27 15 29 13 28 14 29 13 30 12 30 12 29 13 31 11 30 12 31 11 32 10 32 10 31 11 19 9 32 10 19 9 21 10 32 10 21 10 23 12 28 14 30 12 25 14 25 14 30 12 23 12 30 12 32 10 23 12 33 17 34 17 35 18 35 18 34 17 36 19 35 18 36 19 37 20 37 20 36 19 38 21 37 20 38 21 39 22 39 22 38 21 40 23 39 22 40 23 20 24 19 24 41 23 20 24 20 24 41 23 39 22 39 22 41 23 42 22 42 22 41 23 43 21 42 22 43 21 44 20 44 20 43 21 45 19 44 20 45 19 46 18 46 18 45 19 33 17 46 18 33 17 35 18 46 18 35 18 37 20 42 22 44 20 39 22 39 22 44 20 37 20 44 20 46 18 37 20 47 25 48 25 49 26 49 26 48 25 50 27 49 26 50 27 51 28 49 26 51 28 52 29 52 29 51 28 53 30 52 29 53 30 34 31 33 31 54 30 34 31 34 31 54 30 52 29 52 29 54 30 55 29 55 29 54 30 56 28 55 29 56 28 57 27 55 29 57 27 58 26 58 26 57 27 47 25 58 26 47 25 49 26 58 26 49 26 52 29 55 29 58 26 52 29 59 32 60 32 61 33 61 33 60 32 62 34 61 33 62 34 63 35 63 35 62 34 64 36 63 35 64 36 65 37 65 37 64 36 66 38 65 37 66 38 48 39 47 39 67 38 48 39 48 39 67 38 65 37 65 37 67 38 68 37 68 37 67 38 69 36 68 37 69 36 70 35 70 35 69 36 71 34 70 35 71 34 72 33 72 33 71 34 59 32 72 33 59 32 61 33 72 33 61 33 63 35 68 37 70 35 65 37 65 37 70 35 63 35 70 35 72 33 63 35 73 40 74 40 75 41 75 41 74 40 76 42 75 41 76 42 77 43 77 43 76 42 78 44 77 43 78 44 79 45 79 45 78 44 80 46 79 45 80 46 60 47 59 47 81 46 60 47 60 47 81 46 79 45 79 45 81 46 82 45 82 45 81 46 83 44 82 45 83 44 84 43 84 43 83 44 85 42 84 43 85 42 86 41 86 41 85 42 73 40 86 41 73 40 75 41 86 41 75 41 77 43 82 45 84 43 79 45 79 45 84 43 77 43 84 43 86 41 77 43 87 48 88 48 89 49 89 49 88 48 90 50 89 49 90 50 91 51 91 51 90 50 92 52 91 51 92 52 93 53 93 53 92 52 94 54 93 53 94 54 74 55 73 55 95 54 74 55 74 55 95 54 93 53 93 53 95 54 96 53 96 53 95 54 97 52 96 53 97 52 98 51 98 51 97 52 99 50 98 51 99 50 100 49 100 49 99 50 87 48 100 49 87 48 89 49 100 49 89 49 91 51 96 53 98 51 93 53 93 53 98 51 91 51 98 51 100 49 91 51 101 56 102 56 103 57 103 57 102 56 104 58 103 57 104 58 105 59 103 57 105 59 106 60 106 60 105 59 107 61 106 60 107 61 88 62 87 62 108 61 88 62 88 62 108 61 106 60 106 60 108 61 109 60 109 60 108 61 110 59 109 60 110 59 111 57 111 57 110 59 112 58 111 57 112 58 101 56 111 57 101 56 103 57 111 57 103 57 106 60 109 60 111 57 106 60 113 63 114 63 115 64 115 64 114 63 116 65 115 64 116 65 117 66 115 64 117 66 118 67 118 67 117 66 119 68 118 67 119 68 102 69 101 69 120 68 102 69 102 69 120 68 118 67 118 67 120 68 121 67 121 67 120 68 122 66 121 67 122 66 123 64 123 64 122 66 124 65 123 64 124 65 113 63 123 64 113 63 115 64 123 64 115 64 118 67 121 67 123 64 118 67 125 70 126 70 127 71 127 71 126 70 128 72 127 71 128 72 129 73 129 73 128 72 130 74 129 73 130 74 131 75 131 75 114 76 129 73 129 73 114 76 132 75 129 73 132 75 133 73 133 73 132 75 134 74 133 73 134 74 135 72 114 76 113 76 132 75 133 73 135 72 136 71 136 71 135 72 125 70 136 71 125 70 127 71 136 71 127 71 129 73 133 73 136 71 129 73 137 77 138 77 139 78 139 78 138 77 140 79 139 78 140 79 141 80 141 80 140 79 142 81 141 80 142 81 143 82 143 82 142 81 144 83 143 82 144 83 126 84 125 84 145 83 126 84 126 84 145 83 143 82 143 82 145 83 146 82 146 82 145 83 147 81 146 82 147 81 148 80 148 80 147 81 149 79 148 80 149 79 150 78 150 78 149 79 137 77 150 78 137 77 139 78 150 78 139 78 141 80 146 82 148 80 143 82 143 82 148 80 141 80 148 80 150 78 141 80 151 85 152 85 153 86 153 86 152 85 154 87 153 86 154 87 155 88 155 88 154 87 156 89 155 88 156 89 157 90 157 90 156 89 158 91 157 90 158 91 138 92 137 92 159 91 138 92 138 92 159 91 157 90 157 90 159 91 160 90 160 90 159 91 161 89 160 90 161 89 162 88 162 88 161 89 163 87 162 88 163 87 164 86 164 86 163 87 151 85 164 86 151 85 153 86 164 86 153 86 155 88 160 90 162 88 157 90 157 90 162 88 155 88 162 88 164 86 155 88 165 93 166 93 167 94 167 94 166 93 168 95 167 94 168 95 169 96 169 96 168 95 170 97 169 96 170 97 171 98 171 98 170 97 172 99 171 98 172 99 152 100 151 100 173 99 152 100 152 100 173 99 171 98 171 98 173 99 174 98 174 98 173 99 175 97 174 98 175 97 176 96 176 96 175 97 177 95 176 96 177 95 178 94 178 94 177 95 165 93 178 94 165 93 167 94 178 94 167 94 169 96 174 98 176 96 171 98 171 98 176 96 169 96 176 96 178 94 169 96 179 101 180 101 181 102 181 102 180 101 182 103 181 102 182 103 183 104 183 104 182 103 184 105 183 104 184 105 185 106 185 106 184 105 186 107 185 106 186 107 187 108 187 108 186 107 166 109 187 108 166 109 165 109 187 108 165 109 188 108 188 108 165 109 189 107 188 108 189 107 190 106 190 106 189 107 191 105 190 106 191 105 192 104 192 104 191 105 193 103 192 104 193 103 194 102 194 102 193 103 179 101 194 102 179 101 181 102 188 108 190 106 187 108 187 108 190 106 185 106 194 102 181 102 183 104 190 106 192 104 185 106 185 106 192 104 183 104 192 104 194 102 183 104 195 110 196 110 197 111 197 111 196 110 198 112 197 111 198 112 199 113 199 113 198 112 200 114 199 113 200 114 201 115 201 115 200 114 202 116 201 115 202 116 180 117 179 117 203 116 180 117 180 117 203 116 201 115 201 115 203 116 204 115 204 115 203 116 205 114 204 115 205 114 206 113 206 113 205 114 207 112 206 113 207 112 208 111 208 111 207 112 195 110 208 111 195 110 197 111 208 111 197 111 199 113 204 115 206 113 201 115 201 115 206 113 199 113 206 113 208 111 199 113 209 118 210 118 211 119 211 119 210 118 212 120 211 119 212 120 213 121 213 121 212 120 214 122 213 121 214 122 215 123 215 123 214 122 216 124 215 123 216 124 196 125 195 125 217 124 196 125 196 125 217 124 215 123 215 123 217 124 218 123 218 123 217 124 219 122 218 123 219 122 220 121 220 121 219 122 221 120 220 121 221 120 222 119 222 119 221 120 209 118 222 119 209 118 211 119 222 119 211 119 213 121 218 123 220 121 215 123 215 123 220 121 213 121 220 121 222 119 213 121 223 126 224 126 225 127 225 127 224 126 226 128 225 127 226 128 227 129 227 129 226 128 228 130 227 129 228 130 229 131 229 131 228 130 230 132 229 131 230 132 231 133 231 133 230 132 210 134 231 133 210 134 209 134 231 133 209 134 232 133 232 133 209 134 233 132 232 133 233 132 234 131 234 131 233 132 235 130 234 131 235 130 236 129 236 129 235 130 237 128 236 129 237 128 238 127 238 127 237 128 223 126 238 127 223 126 225 127 232 133 234 131 231 133 231 133 234 131 229 131 238 127 225 127 227 129 234 131 236 129 229 131 229 131 236 129 227 129 236 129 238 127 227 129 239 135 240 135 241 136 241 136 240 135 242 137 241 136 242 137 243 138 243 138 242 137 244 139 243 138 244 139 245 140 245 140 244 139 246 141 245 140 246 141 224 142 223 142 247 141 224 142 224 142 247 141 245 140 245 140 247 141 248 140 248 140 247 141 249 139 248 140 249 139 250 138 250 138 249 139 251 137 250 138 251 137 252 136 252 136 251 137 239 135 252 136 239 135 241 136 252 136 241 136 243 138 248 140 250 138 245 140 245 140 250 138 243 138 250 138 252 136 243 138 253 143 254 143 255 144 255 144 254 143 240 145 255 144 240 145 239 145 239 145 253 143 255 144 256 146 257 146 258 147 258 147 257 146 259 148 258 147 259 148 260 149 260 149 259 148 261 150 260 149 261 150 262 151 262 151 261 150 263 152 262 151 263 152 264 153 264 153 263 152 254 154 264 153 254 154 253 154 264 153 253 154 265 153 265 153 253 154 266 152 265 153 266 152 267 151 267 151 266 152 268 150 267 151 268 150 269 149 269 149 268 150 270 148 269 149 270 148 271 147 271 147 270 148 256 146 271 147 256 146 258 147 265 153 267 151 264 153 264 153 267 151 262 151 271 147 258 147 260 149 267 151 269 149 262 151 262 151 269 149 260 149 269 149 271 147 260 149 272 155 273 155 274 156 274 156 273 155 275 157 274 156 275 157 276 158 276 158 275 157 277 159 276 158 277 159 278 160 278 160 277 159 279 161 278 160 279 161 280 162 280 162 279 161 257 163 280 162 257 163 256 163 280 162 256 163 281 162 281 162 256 163 282 161 281 162 282 161 283 160 283 160 282 161 284 159 283 160 284 159 285 158 285 158 284 159 286 157 285 158 286 157 287 156 287 156 286 157 272 155 287 156 272 155 274 156 281 162 283 160 280 162 280 162 283 160 278 160 287 156 274 156 276 158 283 160 285 158 278 160 278 160 285 158 276 158 285 158 287 156 276 158 288 164 289 164 290 165 290 165 289 164 291 166 290 165 291 166 292 167 292 167 291 166 293 168 292 167 293 168 294 169 294 169 293 168 295 170 294 169 295 170 296 171 296 171 295 170 273 172 296 171 273 172 272 172 296 171 272 172 297 171 297 171 272 172 298 170 297 171 298 170 299 169 299 169 298 170 300 168 299 169 300 168 301 167 301 167 300 168 302 166 301 167 302 166 303 165 303 165 302 166 288 164 303 165 288 164 290 165 297 171 299 169 296 171 296 171 299 169 294 169 303 165 290 165 292 167 299 169 301 167 294 169 294 169 301 167 292 167 301 167 303 165 292 167 304 173 305 173 306 174 306 174 305 173 307 175 306 174 307 175 308 176 308 176 307 175 309 177 308 176 309 177 310 178 310 178 309 177 311 179 310 178 311 179 312 180 312 180 311 179 313 181 312 180 313 181 314 182 314 182 313 181 289 183 314 182 289 183 288 183 314 182 288 183 315 182 315 182 288 183 316 181 315 182 316 181 317 180 317 180 316 181 318 179 317 180 318 179 319 178 319 178 318 179 320 177 319 178 320 177 321 176 321 176 320 177 322 175 321 176 322 175 323 174 323 174 322 175 304 173 323 174 304 173 306 174 315 182 317 180 314 182 314 182 317 180 312 180 317 180 319 178 312 180 312 180 319 178 310 178 323 174 306 174 308 176 319 178 321 176 310 178 310 178 321 176 308 176 321 176 323 174 308 176 324 184 325 184 326 185 326 185 325 184 327 186 326 185 327 186 328 187 328 187 327 186 329 188 328 187 329 188 330 189 330 189 329 188 331 190 330 189 331 190 305 191 304 191 332 190 305 191 305 191 332 190 330 189 330 189 332 190 333 189 333 189 332 190 334 188 333 189 334 188 335 187 335 187 334 188 336 186 335 187 336 186 337 185 337 185 336 186 324 184 337 185 324 184 326 185 337 185 326 185 328 187 333 189 335 187 330 189 330 189 335 187 328 187 335 187 337 185 328 187 338 192 339 192 340 193 340 193 339 192 341 194 340 193 341 194 342 195 342 195 341 194 343 196 342 195 343 196 344 197 344 197 343 196 345 198 344 197 345 198 346 199 346 199 345 198 325 200 346 199 325 200 324 200 346 199 324 200 347 199 347 199 324 200 348 198 347 199 348 198 349 197 349 197 348 198 350 196 349 197 350 196 351 195 351 195 350 196 352 194 351 195 352 194 353 193 353 193 352 194 338 192 353 193 338 192 340 193 347 199 349 197 346 199 346 199 349 197 344 197 353 193 340 193 342 195 349 197 351 195 344 197 344 197 351 195 342 195 351 195 353 193 342 195 354 201 355 201 356 202 356 202 355 201 357 203 356 202 357 203 358 204 358 204 357 203 359 205 358 204 359 205 360 206 360 206 339 207 358 204 358 204 339 207 361 206 358 204 361 206 362 204 362 204 361 206 363 205 362 204 363 205 364 203 339 207 338 207 361 206 362 204 364 203 365 202 365 202 364 203 354 201 365 202 354 201 356 202 365 202 356 202 358 204 362 204 365 202 358 204 366 208 367 208 368 209 368 209 367 208 369 210 368 209 369 210 370 211 370 211 369 210 371 212 370 211 371 212 372 213 372 213 371 212 373 214 372 213 373 214 355 215 354 215 374 214 355 215 355 215 374 214 372 213 372 213 374 214 375 213 375 213 374 214 376 212 375 213 376 212 377 211 377 211 376 212 378 210 377 211 378 210 379 209 379 209 378 210 366 208 379 209 366 208 368 209 379 209 368 209 370 211 375 213 377 211 372 213 372 213 377 211 370 211 377 211 379 209 370 211 380 216 381 216 382 217 382 217 381 216 383 218 382 217 383 218 384 219 384 219 383 218 385 220 384 219 385 220 386 221 386 221 385 220 387 222 386 221 387 222 367 223 366 223 388 222 367 223 367 223 388 222 386 221 386 221 388 222 389 221 389 221 388 222 390 220 389 221 390 220 391 219 391 219 390 220 392 218 391 219 392 218 393 217 393 217 392 218 380 216 393 217 380 216 382 217 393 217 382 217 384 219 389 221 391 219 386 221 386 221 391 219 384 219 391 219 393 217 384 219 394 224 395 224 396 225 396 225 395 224 397 226 396 225 397 226 398 227 398 227 397 226 399 228 398 227 399 228 400 229 400 229 399 228 401 230 400 229 401 230 381 231 380 231 402 230 381 231 381 231 402 230 400 229 400 229 402 230 403 229 403 229 402 230 404 228 403 229 404 228 405 227 405 227 404 228 406 226 405 227 406 226 407 225 407 225 406 226 394 224 407 225 394 224 396 225 407 225 396 225 398 227 403 229 405 227 400 229 400 229 405 227 398 227 405 227 407 225 398 227 408 232 409 232 410 233 410 233 409 232 411 234 410 233 411 234 412 235 412 235 411 234 413 236 412 235 413 236 414 237 414 237 413 236 415 238 414 237 415 238 416 239 416 239 415 238 395 240 416 239 395 240 394 240 416 239 394 240 417 239 417 239 394 240 418 238 417 239 418 238 419 237 419 237 418 238 420 236 419 237 420 236 421 235 421 235 420 236 422 234 421 235 422 234 423 233 423 233 422 234 408 232 423 233 408 232 410 233 417 239 419 237 416 239 416 239 419 237 414 237 423 233 410 233 412 235 419 237 421 235 414 237 414 237 421 235 412 235 421 235 423 233 412 235 424 241 425 241 426 242 426 242 425 241 427 243 426 242 427 243 428 244 428 244 427 243 429 245 428 244 429 245 430 246 430 246 429 245 431 247 430 246 431 247 409 248 408 248 432 247 409 248 409 248 432 247 430 246 430 246 432 247 433 246 433 246 432 247 434 245 433 246 434 245 435 244 435 244 434 245 436 243 435 244 436 243 437 242 437 242 436 243 424 241 437 242 424 241 426 242 437 242 426 242 428 244 433 246 435 244 430 246 430 246 435 244 428 244 435 244 437 242 428 244 438 249 439 249 440 250 440 250 439 249 441 251 440 250 441 251 442 252 442 252 441 251 443 253 442 252 443 253 444 254 444 254 443 253 445 255 444 254 445 255 425 256 424 256 446 255 425 256 425 256 446 255 444 254 444 254 446 255 447 254 447 254 446 255 448 253 447 254 448 253 449 252 449 252 448 253 450 251 449 252 450 251 451 250 451 250 450 251 438 249 451 250 438 249 440 250 451 250 440 250 442 252 447 254 449 252 444 254 444 254 449 252 442 252 449 252 451 250 442 252 452 257 453 257 454 258 454 258 453 257 455 259 454 258 455 259 456 260 456 260 455 259 457 261 456 260 457 261 458 262 458 262 457 261 459 263 458 262 459 263 460 264 460 264 459 263 439 265 460 264 439 265 438 265 460 264 438 265 461 264 461 264 438 265 462 263 461 264 462 263 463 262 463 262 462 263 464 261 463 262 464 261 465 260 465 260 464 261 466 259 465 260 466 259 467 258 467 258 466 259 452 257 467 258 452 257 454 258 461 264 463 262 460 264 460 264 463 262 458 262 467 258 454 258 456 260 463 262 465 260 458 262 458 262 465 260 456 260 465 260 467 258 456 260 4 266 3 266 468 267 468 267 3 266 469 268 468 267 469 268 470 269 470 269 469 268 471 270 470 269 471 270 472 271 472 271 471 270 473 272 472 271 473 272 474 273 474 273 473 272 453 274 474 273 453 274 452 274 474 273 452 274 475 273 475 273 452 274 476 272 475 273 476 272 477 271 477 271 476 272 478 270 477 271 478 270 479 269 479 269 478 270 480 268 479 269 480 268 481 267 481 267 480 268 4 266 481 267 4 266 468 267 475 273 477 271 474 273 474 273 477 271 472 271 481 267 468 267 470 269 477 271 479 269 472 271 472 271 479 269 470 269 479 269 481 267 470 269 4 275 480 275 0 275 0 275 480 275 13 275 13 275 480 275 478 275 13 275 478 275 15 275 15 275 478 275 476 275 15 275 476 275 17 275 17 275 476 275 452 275 17 275 452 275 5 275 5 275 452 275 466 275 5 275 466 275 464 275 5 275 464 275 27 275 27 275 464 275 462 275 27 275 462 275 29 275 29 275 462 275 438 275 29 275 438 275 31 275 31 275 438 275 19 275 19 275 438 275 450 275 19 275 450 275 41 275 41 275 450 275 448 275 41 275 448 275 43 275 43 275 448 275 446 275 43 275 446 275 45 275 45 275 446 275 424 275 45 275 424 275 436 275 434 275 56 275 436 275 436 275 56 275 54 275 436 275 54 275 33 275 56 275 434 275 57 275 57 275 434 275 432 275 57 275 432 275 47 275 47 275 432 275 67 275 67 275 432 275 408 275 67 275 408 275 69 275 69 275 408 275 422 275 69 275 422 275 71 275 71 275 422 275 420 275 71 275 420 275 59 275 59 275 420 275 418 275 59 275 418 275 81 275 81 275 418 275 394 275 81 275 394 275 83 275 83 275 394 275 406 275 83 275 406 275 85 275 85 275 406 275 404 275 85 275 404 275 402 275 85 275 402 275 73 275 73 275 402 275 380 275 73 275 380 275 95 275 95 275 380 275 392 275 95 275 392 275 390 275 95 275 390 275 97 275 97 275 390 275 388 275 97 275 388 275 366 275 97 275 366 275 99 275 99 275 366 275 378 275 99 275 378 275 87 275 87 275 378 275 376 275 87 275 376 275 108 275 108 275 376 275 374 275 108 275 374 275 110 275 110 275 374 275 112 275 112 275 374 275 364 275 112 275 364 275 101 275 101 275 364 275 363 275 101 275 363 275 361 275 374 275 354 275 364 275 101 275 361 275 120 275 120 275 361 275 338 275 120 275 338 275 122 275 122 275 338 275 482 275 122 275 482 275 124 275 124 275 482 275 113 275 113 275 482 275 132 275 132 275 482 275 134 275 134 275 482 275 135 275 135 275 482 275 352 275 135 275 352 275 350 275 338 275 352 275 482 275 350 275 348 275 135 275 135 275 348 275 125 275 125 275 348 275 324 275 125 275 324 275 145 275 145 275 324 275 147 275 147 275 324 275 336 275 147 275 336 275 149 275 149 275 336 275 334 275 149 275 334 275 137 275 137 275 334 275 159 275 159 275 334 275 332 275 159 275 332 275 161 275 161 275 332 275 163 275 163 275 332 275 304 275 163 275 304 275 151 275 151 275 304 275 173 275 173 275 304 275 175 275 175 275 304 275 322 275 175 275 322 275 177 275 177 275 322 275 320 275 177 275 320 275 165 275 165 275 320 275 318 275 165 275 318 275 189 275 189 275 318 275 316 275 189 275 316 275 191 275 191 275 316 275 193 275 193 275 316 275 288 275 193 275 288 275 179 275 179 275 288 275 302 275 179 275 302 275 203 275 203 275 302 275 300 275 203 275 300 275 205 275 205 275 300 275 298 275 205 275 298 275 207 275 207 275 298 275 195 275 195 275 298 275 272 275 195 275 272 275 217 275 217 275 272 275 286 275 217 275 286 275 219 275 219 275 286 275 284 275 219 275 284 275 221 275 221 275 284 275 282 275 221 275 282 275 209 275 209 275 282 275 256 275 209 275 256 275 233 275 233 275 256 275 235 275 235 275 256 275 270 275 235 275 270 275 237 275 237 275 270 275 268 275 237 275 268 275 223 275 223 275 268 275 247 275 247 275 268 275 266 275 247 275 266 275 249 275 249 275 266 275 251 275 251 275 266 275 253 275 251 275 253 275 239 275 33 275 45 275 436 275 473 276 8 276 453 276 453 276 8 276 6 276 453 276 6 276 455 276 455 276 6 276 457 276 457 276 6 276 26 276 457 276 26 276 459 276 459 276 26 276 24 276 459 276 24 276 439 276 439 276 24 276 22 276 439 276 22 276 20 276 8 276 473 276 10 276 10 276 473 276 471 276 10 276 471 276 12 276 12 276 471 276 469 276 12 276 469 276 1 276 1 276 469 276 3 276 439 276 20 276 441 276 441 276 20 276 40 276 441 276 40 276 443 276 443 276 40 276 38 276 443 276 38 276 445 276 445 276 38 276 36 276 445 276 36 276 34 276 445 276 34 276 425 276 425 276 34 276 53 276 425 276 53 276 427 276 427 276 53 276 51 276 427 276 51 276 429 276 429 276 51 276 50 276 429 276 50 276 431 276 431 276 50 276 48 276 431 276 48 276 66 276 431 276 66 276 409 276 409 276 66 276 64 276 409 276 64 276 411 276 411 276 64 276 62 276 411 276 62 276 413 276 413 276 62 276 60 276 413 276 60 276 415 276 415 276 60 276 80 276 415 276 80 276 395 276 395 276 80 276 78 276 395 276 78 276 397 276 397 276 78 276 76 276 397 276 76 276 399 276 399 276 76 276 401 276 401 276 76 276 74 276 401 276 74 276 381 276 381 276 74 276 94 276 381 276 94 276 383 276 383 276 94 276 385 276 385 276 94 276 92 276 385 276 92 276 387 276 387 276 92 276 367 276 367 276 92 276 90 276 367 276 90 276 369 276 369 276 90 276 88 276 369 276 88 276 371 276 371 276 88 276 107 276 371 276 107 276 105 276 105 276 104 276 371 276 371 276 104 276 102 276 371 276 102 276 119 276 119 276 117 276 371 276 371 276 117 276 116 276 371 276 116 276 373 276 373 276 116 276 114 276 373 276 114 276 355 276 355 276 114 276 357 276 357 276 114 276 483 276 357 276 483 276 359 276 359 276 483 276 360 276 360 276 483 276 339 276 339 276 483 276 341 276 341 276 483 276 128 276 341 276 128 276 343 276 343 276 128 276 345 276 345 276 128 276 126 276 345 276 126 276 325 276 325 276 126 276 144 276 325 276 144 276 142 276 114 276 131 276 483 276 483 276 131 276 130 276 483 276 130 276 128 276 325 276 142 276 327 276 327 276 142 276 140 276 327 276 140 276 329 276 329 276 140 276 138 276 329 276 138 276 158 276 329 276 158 276 331 276 331 276 158 276 156 276 331 276 156 276 154 276 331 276 154 276 305 276 305 276 154 276 152 276 305 276 152 276 172 276 172 276 170 276 305 276 305 276 170 276 307 276 307 276 170 276 168 276 307 276 168 276 309 276 309 276 168 276 166 276 309 276 166 276 311 276 311 276 166 276 186 276 311 276 186 276 313 276 313 276 186 276 184 276 313 276 184 276 182 276 313 276 182 276 289 276 289 276 182 276 180 276 289 276 180 276 291 276 291 276 180 276 202 276 291 276 202 276 293 276 293 276 202 276 200 276 293 276 200 276 295 276 295 276 200 276 198 276 295 276 198 276 196 276 295 276 196 276 273 276 273 276 196 276 216 276 273 276 216 276 275 276 275 276 216 276 214 276 275 276 214 276 277 276 277 276 214 276 212 276 277 276 212 276 279 276 279 276 212 276 210 276 279 276 210 276 257 276 257 276 210 276 230 276 257 276 230 276 228 276 257 276 228 276 259 276 259 276 228 276 226 276 259 276 226 276 261 276 261 276 226 276 224 276 261 276 224 276 246 276 261 276 246 276 263 276 263 276 246 276 244 276 263 276 244 276 242 276 240 276 254 276 242 276 242 276 254 276 263 276</p>
        </triangles>
      </mesh>
    </geometry>
  </library_geometries>
  <library_visual_scenes>
    <visual_scene id="DefaultScene">
      <node id="node_6fc0a08a_8784_45b6_8c96_345af4013116" type="NODE">
        <matrix>1 0 0 0 0 1 0 0 0 0 1 0 0 0 0 1</matrix>
        <node id="node_6fc0a08a_8784_45b6_8c96_345af4013116_mesh0" type="NODE">
          <matrix>10 0 0 0 0 10 0 0 0 0 10 0 0 0 0 1</matrix>
          <instance_geometry url="#geometry_b4a91cb9_e6f1_4274_a870_de4a3edd0d4f">
            <bind_material>
              <technique_common>
                <instance_material symbol="mat_0" target="#mat_0"/>
              </technique_common>
            </bind_material>
          </instance_geometry>
        </node>
        <node id="node_6fc0a08a_8784_45b6_8c96_345af4013116_mesh1" type="NODE">
          <matrix>10 0 0 0 0 10 0 0 0 0 10 0 0 0 0 1</matrix>
          <instance_geometry url="#geometry_097954ce_9a98_4ff9_93dc_d835132ca4ef">
            <bind_material>
              <technique_common>
                <instance_material symbol="mat_1" target="#mat_1"/>
              </technique_common>
            </bind_material>
          </instance_geometry>
        </node>
        <node id="node_6fc0a08a_8784_45b6_8c96_345af4013116_mesh2" type="NODE">
          <matrix>10 0 0 0 0 10 0 0 0 0 10 0 0 0 0 1</matrix>
          <instance_geometry url="#geometry_25d5e5e9_1057_4f6d_bcbe_eca16d123808">
            <bind_material>
              <technique_common>
                <instance_material symbol="mat_2" target="#mat_2"/>
              </technique_common>
            </bind_material>
          </instance_geometry>
        </node>
        <node id="node_6fc0a08a_8784_45b6_8c96_345af4013116_mesh3" type="NODE">
          <matrix>10 0 0 0 0 10 0 0 0 0 10 0 0 0 0 1</matrix>
          <instance_geometry url="#geometry_a4b9a97d_72b2_46ad_b274_692a23318f0f">
            <bind_material>
              <technique_common>
                <instance_material symbol="mat_3" target="#mat_3"/>
              </technique_common>
            </bind_material>
          </instance_geometry>
        </node>
        <node id="node_6fc0a08a_8784_45b6_8c96_345af4013116_mesh4" type="NODE">
          <matrix>10 0 0 0 0 10 0 0 0 0 10 0 0 0 0 1</matrix>
          <instance_geometry url="#geometry_eb345625_8727_4a1c_b74d_c3f040e07a76">
            <bind_material>
              <technique_common>
                <instance_material symbol="mat_3" target="#mat_3"/>
              </technique_common>
            </bind_material>
          </instance_geometry>
        </node>
        <node id="node_6fc0a08a_8784_45b6_8c96_345af4013116_mesh5" type="NODE">
          <matrix>10 0 0 0 0 10 0 0 0 0 10 0 0 0 0 1</matrix>
          <instance_geometry url="#geometry_f3f9bb72_f0cf_4b0e_b211_6cee6c5820c7">
            <bind_material>
              <technique_common>
                <instance_material symbol="mat_3" target="#mat_3"/>
              </technique_common>
            </bind_material>
          </instance_geometry>
        </node>
        <node id="node_6fc0a08a_8784_45b6_8c96_345af4013116_mesh6" type="NODE">
          <matrix>10 0 0 0 0 10 0 0 0 0 10 0 0 0 0 1</matrix>
          <instance_geometry url="#geometry_ba7169eb_9379_43fb_8712_920922647db4">
            <bind_material>
              <technique_common>
                <instance_material symbol="mat_4" target="#mat_4"/>
              </technique_common>
            </bind_material>
          </instance_geometry>
        </node>
        <node id="node_6fc0a08a_8784_45b6_8c96_345af4013116_mesh7" type="NODE">
          <matrix>10 0 0 0 0 10 0 0 0 0 10 0 0 0 0 1</matrix>
          <instance_geometry url="#geometry_39ecb162_bbd9_4dc4_8c4d_02eb45fae909">
            <bind_material>
              <technique_common>
                <instance_material symbol="mat_3" target="#mat_3"/>
              </technique_common>
            </bind_material>
          </instance_geometry>
        </node>
      </node>
    </visual_scene>
  </library_visual_scenes>
  <scene>
    <instance_visual_scene url="#DefaultScene"/>
  </scene>
</COLLADA>
