<?xml version="1.0" encoding="UTF-8"?>
<COLLADA xmlns="http://www.collada.org/2005/11/COLLADASchema" version="1.4.1">
<!--
# File generated by ImageToStl.com - Free Image and 3D model conversion tools
-->
  <asset>
    <contributor>
      <author>ImageToStl.com</author>
      <authoring_tool>ImageToStl.com</authoring_tool>
    </contributor>
    <created>2024-10-02T10:27:04</created>
    <modified>2024-10-02T10:27:04</modified>
    <up_axis>Y_UP</up_axis>
  </asset>
  <library_effects>
    <effect id="effect_0">
        <profile_COMMON>
          <technique sid="common">
            <phong>
              <emission>
                <color>0 0 0 1</color>
              </emission>
              <diffuse>
                <color>0.35153 0.35153 0.35153 1</color>
              </diffuse>
              <shininess>
                <float>0</float>
              </shininess>
              <transparency>
                <float>1</float>
              </transparency>
            </phong>
          </technique>
        </profile_COMMON>
    </effect>
    <effect id="effect_1">
        <profile_COMMON>
          <technique sid="common">
            <phong>
              <emission>
                <color>0 0 0 1</color>
              </emission>
              <diffuse>
                <color>0.02519 0.02519 0.02519 1</color>
              </diffuse>
              <shininess>
                <float>0</float>
              </shininess>
              <transparency>
                <float>1</float>
              </transparency>
            </phong>
          </technique>
        </profile_COMMON>
    </effect>
    <effect id="effect_2">
        <profile_COMMON>
          <technique sid="common">
            <phong>
              <emission>
                <color>0 0 0 1</color>
              </emission>
              <diffuse>
                <color>0.7011 0.0999 0.0999 1</color>
              </diffuse>
              <shininess>
                <float>0</float>
              </shininess>
              <transparency>
                <float>1</float>
              </transparency>
            </phong>
          </technique>
        </profile_COMMON>
    </effect>
    <effect id="effect_3">
        <profile_COMMON>
          <technique sid="common">
            <phong>
              <emission>
                <color>0 0 0 1</color>
              </emission>
              <diffuse>
                <color>0.84687 0.84687 0.84687 1</color>
              </diffuse>
              <shininess>
                <float>0</float>
              </shininess>
              <transparency>
                <float>1</float>
              </transparency>
            </phong>
          </technique>
        </profile_COMMON>
    </effect>
    <effect id="effect_4">
        <profile_COMMON>
          <technique sid="common">
            <phong>
              <emission>
                <color>0 0 0 1</color>
              </emission>
              <diffuse>
                <color>0.92158 0.92158 0.89627 1</color>
              </diffuse>
              <shininess>
                <float>0</float>
              </shininess>
              <transparency>
                <float>1</float>
              </transparency>
            </phong>
          </technique>
        </profile_COMMON>
    </effect>
    <effect id="effect_5">
        <profile_COMMON>
          <technique sid="common">
            <phong>
              <diffuse>
                <color>0.75 0.75 0.75 1</color>
              </diffuse>
            </phong>
          </technique>
        </profile_COMMON>
    </effect>
  </library_effects>
  <library_materials>
    <material id="mat_0">
      <instance_effect url="#effect_0"/>
    </material>
    <material id="mat_1">
      <instance_effect url="#effect_1"/>
    </material>
    <material id="mat_2">
      <instance_effect url="#effect_2"/>
    </material>
    <material id="mat_3">
      <instance_effect url="#effect_3"/>
    </material>
    <material id="mat_4">
      <instance_effect url="#effect_4"/>
    </material>
    <material id="mat_5">
      <instance_effect url="#effect_5"/>
    </material>
  </library_materials>
  <library_geometries>
    <geometry id="geometry_7c1f7254_47f1_45fe_97f9_d1ba4c464c60">
      <mesh>
        <source id="pos_0">
          <float_array id="pos_0-array" count="336">-27.85262489 -17.95490837 0 -27.81088829 -17.5 0 -27.84129143 -17.88870239 -2.5 -27.81088829 -17.5 -5 -27.85262489 -17.95490837 -5 -27.93824577 -18.28775978 -2.5 -27.98641777 -18.42023659 -5 -28.10701561 -18.68022919 -2.5 -28.21840096 -18.86802483 -5 -28.34697914 -19.04695129 -2.5 -28.54312134 -19.26776695 -5 -28.65072823 -19.36918831 -2.5 -28.94286537 -19.59248924 -5 -29.00459671 -19.63157272 -2.5 -29.3906517 -19.82447052 -5 -29.3906517 -19.82447052 -2.5 -29.78955078 -19.94503784 -2.5 -29.3906517 -19.82447052 0 -29.85598183 -19.9582634 0 -30.31088829 -20 -2.5 -30.31088829 -20 0 -30.76579666 -19.9582634 0 -30.83222771 -19.94503784 -2.5 -31.23112679 -19.82447052 0 -31.36219025 -19.76820755 -2.5 -31.67891312 -19.59248924 0 -31.85783958 -19.46390915 -2.5 -32.07865524 -19.26776695 0 -32.27479935 -19.04695129 -2.5 -32.40337753 -18.86802483 0 -32.57909775 -18.55130005 -2.5 -32.63536072 -18.42023659 0 -32.75592804 -18.02133751 -2.5 -32.76915359 -17.95490837 0 -32.8108902 -17.5 0 -32.76915359 -17.95490837 -5 -32.8108902 -17.5 -5 -29.85598183 -19.9582634 -5 -30.31088829 -20 -5 -30.76579666 -19.9582634 -5 -31.23112679 -19.82447052 -5 -31.67891312 -19.59248924 -5 -32.07865524 -19.26776695 -5 -32.40337753 -18.86802483 -5 -32.63536072 -18.42023659 -5 -28.94286537 -19.59248924 0 -28.54312134 -19.26776695 0 -28.21840096 -18.86802483 0 -27.98641777 -18.42023659 0 -27.85262489 -17.04509163 -5 -27.86585236 -16.97866249 -2.5 -27.98641777 -16.57976341 -5 -28.04268074 -16.44869995 -2.5 -28.21840096 -16.13197517 -5 -28.34697914 -15.95304871 -2.5 -28.54312134 -15.73223305 -5 -28.7639389 -15.5360899 -2.5 -28.94286537 -15.40751076 -5 -29.25958824 -15.2317915 -2.5 -29.3906517 -15.17552948 -5 -29.78955078 -15.05496311 -2.5 -29.85598183 -15.0417366 -5 -30.31088829 -15 -2.5 -30.31088829 -15 -5 -30.76579666 -15.0417366 -5 -30.83222771 -15.05496311 -2.5 -31.23112679 -15.17552948 -5 -31.23112679 -15.17552948 -2.5 -31.61718178 -15.36842823 -2.5 -31.23112679 -15.17552948 0 -31.67891312 -15.40751076 0 -27.85262489 -17.04509163 0 -27.98641777 -16.57976341 0 -28.21840096 -16.13197517 0 -28.54312134 -15.73223305 0 -28.94286537 -15.40751076 0 -29.3906517 -15.17552948 0 -29.85598183 -15.0417366 0 -30.31088829 -15 0 -30.76579666 -15.0417366 0 -31.97105026 -15.63081169 -2.5 -32.07865524 -15.73223305 0 -32.27479935 -15.95304871 -2.5 -32.40337753 -16.13197517 0 -32.51476288 -16.31977081 -2.5 -32.63536072 -16.57976341 0 -32.68353271 -16.71224022 -2.5 -32.76915359 -17.04509163 0 -32.78048706 -17.11129761 -2.5 -32.76915359 -17.04509163 -5 -32.63536072 -16.57976341 -5 -32.40337753 -16.13197517 -5 -32.07865524 -15.73223305 -5 -31.67891312 -15.40751076 -5 -30.31088829 17.5 -5 -30.31088829 17.5 0 -15.15544415 8.75 -2.5 0 0 0 0 0 -5 -60.62177658 0 -5 -60.62177658 0 0 -45.4663353 8.75 -2.5 -60.62177658 -35 -5 -60.62177658 -35 0 -60.62177658 -17.5 -2.5 -30.31088829 -52.5 -5 -30.31088829 -52.5 0 -45.4663353 -43.75 -2.5 0 -35 -5 0 -35 0 -15.15544415 -43.75 -2.5 0 -17.5 -2.5</float_array>
          <technique_common>
            <accessor source="#pos_0-array" count="336" stride="3">
              <param name="X" type="float"/>
              <param name="Y" type="float"/>
              <param name="Z" type="float"/>
            </accessor>
          </technique_common>
        </source>
        <source id="norm_0">
          <float_array id="norm_0-array" count="225">-0.98331 0.18196 0 -1 0 0 -0.98784 0.15548 0 -0.94906 0.3151 0 -0.92979 0.36809 0 -0.88155 0.47209 0 -0.837 0.54721 0 -0.78556 0.61878 0 -0.70711 0.70711 0 -0.66406 0.74768 0 -0.54721 0.837 0 -0.52252 0.85263 0 -0.36809 0.92979 0 -0.20854 0.97801 0 -0.18196 0.98331 0 0 1 0 0.18196 0.98331 0 0.20854 0.97801 0 0.36809 0.92979 0 0.42052 0.90728 0 0.54721 0.837 0 0.61878 0.78556 0 0.70711 0.70711 0 0.78556 0.61878 0 0.837 0.54721 0 0.90728 0.42052 0 0.92979 0.36809 0 0.97801 0.20854 0 0.98331 0.18196 0 1 0 0 -0.98331 -0.18196 -0 -0.97801 -0.20854 -0 -0.92979 -0.36809 -0 -0.90728 -0.42052 -0 -0.837 -0.54721 -0 -0.78556 -0.61878 -0 -0.70711 -0.70711 -0 -0.61878 -0.78556 -0 -0.54721 -0.837 -0 -0.42052 -0.90728 -0 -0.36809 -0.92979 -0 -0.20854 -0.97801 -0 -0.18196 -0.98331 -0 0 -1 0 0.18196 -0.98331 0 0.20854 -0.97801 0 0.36809 -0.92979 0 0.52252 -0.85263 0 0.54721 -0.837 0 -0 -1 -0 0.66406 -0.74768 0 0.70711 -0.70711 0 0.78556 -0.61878 0 0.837 -0.54721 0 0.88155 -0.47209 0 0.92979 -0.36809 0 0.94906 -0.3151 0 0.98331 -0.18196 0 0.98784 -0.15548 0 0.5 0.86603 0 -0.5 0.86603 -0 -0.5 0.86603 -0 -0.5 0.86603 -0 -1 0 0 -1 0 0 -1 0 0 -1 0 0 -1 0 0 -0.5 -0.86603 -0 -0.5 -0.86603 -0 -0.5 -0.86603 -0 0.5 -0.86603 0 1 0 0 0 0 1 -0 -0 -1</float_array>
          <technique_common>
            <accessor source="#norm_0-array" count="225" stride="3">
              <param name="X" type="float"/>
              <param name="Y" type="float"/>
              <param name="Z" type="float"/>
            </accessor>
          </technique_common>
        </source>
        <source id="uvs_0">
          <float_array id="uvs_0-array" count="0"></float_array>
          <technique_common>
            <accessor source="#uvs_0-array" count="0" stride="2">
              <param name="S" type="float"/>
              <param name="T" type="float"/>
            </accessor>
          </technique_common>
        </source>
        <vertices id="vert_0">
          <input semantic="POSITION" source="#pos_0"/>
        </vertices>
        <triangles count="224" material="mat_0">
          <input semantic="VERTEX" source="#vert_0" offset="0"/>
          <input semantic="NORMAL" source="#norm_0" offset="1"/>
          <p>0 0 1 1 2 2 2 2 1 1 3 1 2 2 3 1 4 0 2 2 4 0 5 3 5 3 4 0 6 4 5 3 6 4 7 5 7 5 6 4 8 6 7 5 8 6 9 7 9 7 8 6 10 8 9 7 10 8 11 9 11 9 10 8 12 10 11 9 12 10 13 11 13 11 12 10 14 12 13 11 14 12 15 12 15 12 14 12 16 13 15 12 16 13 17 12 17 12 16 13 18 14 18 14 16 13 19 15 18 14 19 15 20 15 20 15 19 15 21 16 21 16 19 15 22 17 21 16 22 17 23 18 23 18 22 17 24 19 23 18 24 19 25 20 25 20 24 19 26 21 25 20 26 21 27 22 27 22 26 21 28 23 27 22 28 23 29 24 29 24 28 23 30 25 29 24 30 25 31 26 31 26 30 25 32 27 31 26 32 27 33 28 33 28 32 27 34 29 34 29 32 27 35 28 34 29 35 28 36 29 14 12 37 14 16 13 16 13 37 14 19 15 37 14 38 15 19 15 19 15 38 15 39 16 19 15 39 16 22 17 22 17 39 16 40 18 22 17 40 18 24 19 24 19 40 18 41 20 24 19 41 20 26 21 26 21 41 20 42 22 26 21 42 22 28 23 28 23 42 22 43 24 28 23 43 24 30 25 30 25 43 24 44 26 30 25 44 26 32 27 32 27 44 26 35 28 15 12 17 12 13 11 13 11 17 12 45 10 13 11 45 10 11 9 11 9 45 10 46 8 11 9 46 8 9 7 9 7 46 8 47 6 9 7 47 6 7 5 7 5 47 6 48 4 7 5 48 4 5 3 5 3 48 4 0 0 5 3 0 0 2 2 3 1 1 1 49 30 49 30 1 1 50 31 49 30 50 31 51 32 51 32 50 31 52 33 51 32 52 33 53 34 53 34 52 33 54 35 53 34 54 35 55 36 55 36 54 35 56 37 55 36 56 37 57 38 57 38 56 37 58 39 57 38 58 39 59 40 59 40 58 39 60 41 59 40 60 41 61 42 61 42 60 41 62 43 61 42 62 43 63 43 63 43 62 43 64 44 64 44 62 43 65 45 64 44 65 45 66 46 66 46 65 45 67 46 66 46 67 46 68 47 68 47 67 46 69 46 68 47 69 46 70 48 1 1 71 30 50 31 50 31 71 30 72 32 50 31 72 32 52 33 52 33 72 32 73 34 52 33 73 34 54 35 54 35 73 34 74 36 54 35 74 36 56 37 56 37 74 36 75 38 56 37 75 38 58 39 58 39 75 38 76 40 58 39 76 40 60 41 60 41 76 40 77 42 60 41 77 42 62 43 62 43 77 42 78 49 62 43 78 49 79 44 62 43 79 44 65 45 65 45 79 44 69 46 65 45 69 46 67 46 68 47 70 48 80 50 80 50 70 48 81 51 80 50 81 51 82 52 82 52 81 51 83 53 82 52 83 53 84 54 84 54 83 53 85 55 84 54 85 55 86 56 86 56 85 55 87 57 86 56 87 57 88 58 88 58 87 57 34 29 88 58 34 29 36 29 36 29 89 57 88 58 88 58 89 57 86 56 89 57 90 55 86 56 86 56 90 55 84 54 90 55 91 53 84 54 84 54 91 53 82 52 91 53 92 51 82 52 82 52 92 51 80 50 92 51 93 48 80 50 80 50 93 48 68 47 93 48 66 46 68 47 94 59 95 59 96 59 96 59 95 59 97 59 96 59 97 59 98 59 98 59 94 59 96 59 99 60 100 60 101 61 101 61 100 60 95 62 101 61 95 62 94 62 94 62 99 60 101 61 102 63 103 64 104 65 104 65 103 64 100 66 104 65 100 66 99 67 99 67 102 63 104 65 105 68 106 68 107 69 107 69 106 68 103 70 107 69 103 70 102 70 102 70 105 68 107 69 108 71 109 71 110 71 110 71 109 71 106 71 110 71 106 71 105 71 105 71 108 71 110 71 98 72 97 72 111 72 111 72 97 72 109 72 111 72 109 72 108 72 108 72 98 72 111 72 87 73 100 73 34 73 34 73 100 73 103 73 34 73 103 73 33 73 33 73 103 73 31 73 31 73 103 73 29 73 29 73 103 73 27 73 27 73 103 73 106 73 27 73 106 73 25 73 25 73 106 73 23 73 23 73 106 73 21 73 21 73 106 73 20 73 20 73 106 73 18 73 18 73 106 73 17 73 17 73 106 73 45 73 45 73 106 73 46 73 46 73 106 73 109 73 46 73 109 73 47 73 47 73 109 73 48 73 48 73 109 73 0 73 0 73 109 73 1 73 1 73 109 73 97 73 1 73 97 73 71 73 71 73 97 73 72 73 72 73 97 73 73 73 73 73 97 73 74 73 74 73 97 73 95 73 74 73 95 73 75 73 75 73 95 73 76 73 76 73 95 73 77 73 77 73 95 73 78 73 78 73 95 73 79 73 79 73 95 73 69 73 69 73 95 73 70 73 70 73 95 73 81 73 81 73 95 73 100 73 81 73 100 73 83 73 83 73 100 73 85 73 85 73 100 73 87 73 35 74 102 74 36 74 36 74 102 74 99 74 36 74 99 74 89 74 89 74 99 74 90 74 90 74 99 74 91 74 91 74 99 74 92 74 92 74 99 74 94 74 92 74 94 74 93 74 93 74 94 74 66 74 66 74 94 74 64 74 64 74 94 74 63 74 63 74 94 74 61 74 61 74 94 74 59 74 59 74 94 74 57 74 57 74 94 74 55 74 55 74 94 74 98 74 55 74 98 74 53 74 53 74 98 74 51 74 51 74 98 74 49 74 49 74 98 74 3 74 3 74 98 74 108 74 3 74 108 74 4 74 4 74 108 74 6 74 6 74 108 74 8 74 8 74 108 74 10 74 10 74 108 74 105 74 10 74 105 74 12 74 12 74 105 74 14 74 14 74 105 74 37 74 37 74 105 74 38 74 38 74 105 74 39 74 39 74 105 74 40 74 40 74 105 74 41 74 41 74 105 74 42 74 42 74 105 74 102 74 42 74 102 74 43 74 43 74 102 74 44 74 44 74 102 74 35 74</p>
        </triangles>
      </mesh>
    </geometry>
    <geometry id="geometry_04d69671_12a7_452d_b982_14f3e7f936fd">
      <mesh>
        <source id="pos_1">
          <float_array id="pos_1-array" count="288">-27.81088829 -17.5 0 -27.81088829 -17.5 150 -27.85262489 -17.95490837 0 -27.86585236 -18.02133751 75 -27.98641777 -18.42023659 0 -28.04268074 -18.55130005 75 -28.21840096 -18.86802483 0 -28.34697914 -19.04695129 75 -28.54312134 -19.26776695 0 -28.7639389 -19.46390915 75 -28.94286537 -19.59248924 0 -29.25958824 -19.76820755 75 -29.3906517 -19.82447052 0 -29.78955078 -19.94503784 75 -29.85598183 -19.9582634 0 -30.31088829 -20 75 -30.31088829 -20 0 -30.76579666 -19.9582634 0 -30.83222771 -19.94503784 75 -31.23112679 -19.82447052 0 -31.23112679 -19.82447052 75 -31.61718178 -19.63157272 75 -31.23112679 -19.82447052 150 -31.67891312 -19.59248924 150 -27.85262489 -17.95490837 150 -27.98641777 -18.42023659 150 -28.21840096 -18.86802483 150 -28.54312134 -19.26776695 150 -28.94286537 -19.59248924 150 -29.3906517 -19.82447052 150 -29.85598183 -19.9582634 150 -30.31088829 -20 150 -30.76579666 -19.9582634 150 -31.97105026 -19.36918831 75 -32.07865524 -19.26776695 150 -32.27479935 -19.04695129 75 -32.40337753 -18.86802483 150 -32.51476288 -18.68022919 75 -32.63536072 -18.42023659 150 -32.68353271 -18.28775978 75 -32.76915359 -17.95490837 150 -32.78048706 -17.88870239 75 -32.8108902 -17.5 150 -32.8108902 -17.5 0 -32.76915359 -17.95490837 0 -32.63536072 -18.42023659 0 -32.40337753 -18.86802483 0 -32.07865524 -19.26776695 0 -31.67891312 -19.59248924 0 -27.85262489 -17.04509163 150 -27.84129143 -17.11129761 75 -27.85262489 -17.04509163 0 -27.93824577 -16.71224022 75 -27.98641777 -16.57976341 0 -28.10701561 -16.31977081 75 -28.21840096 -16.13197517 0 -28.34697914 -15.95304871 75 -28.54312134 -15.73223305 0 -28.65072823 -15.63081169 75 -28.94286537 -15.40751076 0 -29.00459671 -15.36842823 75 -29.3906517 -15.17552948 0 -29.3906517 -15.17552948 75 -29.78955078 -15.05496311 75 -29.3906517 -15.17552948 150 -29.85598183 -15.0417366 150 -30.31088829 -15 75 -30.31088829 -15 150 -30.76579666 -15.0417366 150 -30.83222771 -15.05496311 75 -31.23112679 -15.17552948 150 -31.36219025 -15.2317915 75 -31.67891312 -15.40751076 150 -31.85783958 -15.5360899 75 -32.07865524 -15.73223305 150 -32.27479935 -15.95304871 75 -32.40337753 -16.13197517 150 -32.57909775 -16.44869995 75 -32.63536072 -16.57976341 150 -32.75592804 -16.97866249 75 -32.76915359 -17.04509163 150 -32.76915359 -17.04509163 0 -29.85598183 -15.0417366 0 -30.31088829 -15 0 -30.76579666 -15.0417366 0 -31.23112679 -15.17552948 0 -31.67891312 -15.40751076 0 -32.07865524 -15.73223305 0 -32.40337753 -16.13197517 0 -32.63536072 -16.57976341 0 -28.94286537 -15.40751076 150 -28.54312134 -15.73223305 150 -28.21840096 -16.13197517 150 -27.98641777 -16.57976341 150 -30.31088829 -17.5 150 -30.31088829 -17.5 0</float_array>
          <technique_common>
            <accessor source="#pos_1-array" count="288" stride="3">
              <param name="X" type="float"/>
              <param name="Y" type="float"/>
              <param name="Z" type="float"/>
            </accessor>
          </technique_common>
        </source>
        <source id="norm_1">
          <float_array id="norm_1-array" count="186">1 -0 0 0.98331 -0.18196 0 0.97801 -0.20854 0 0.92979 -0.36809 0 0.90728 -0.42052 0 0.837 -0.54721 0 0.78556 -0.61878 0 0.70711 -0.70711 0 0.61878 -0.78556 0 0.54721 -0.837 0 0.42052 -0.90728 0 0.36809 -0.92979 0 0.20854 -0.97801 0 0.18196 -0.98331 0 -0 -1 -0 -0 -1 0 -0.18196 -0.98331 0 -0.20854 -0.97801 0 -0.36809 -0.92979 0 -0.52252 -0.85263 0 -0.54721 -0.837 0 0 -1 0 -0.66406 -0.74768 0 -0.70711 -0.70711 0 -0.78556 -0.61878 0 -0.837 -0.54721 0 -0.88155 -0.47209 0 -0.92979 -0.36809 0 -0.94906 -0.3151 0 -0.98331 -0.18196 0 -0.98784 -0.15548 0 -1 -0 0 0.98331 0.18196 0 0.98784 0.15548 0 0.94906 0.3151 0 0.92979 0.36809 0 0.88155 0.47209 0 0.837 0.54721 0 0.78556 0.61878 0 0.70711 0.70711 0 0.66406 0.74768 0 0.54721 0.837 0 0.52252 0.85263 0 0.36809 0.92979 0 0.20854 0.97801 0 0.18196 0.98331 0 -0 1 0 -0.18196 0.98331 0 -0.20854 0.97801 0 -0.36809 0.92979 0 -0.42052 0.90728 0 -0.54721 0.837 0 -0.61878 0.78556 0 -0.70711 0.70711 0 -0.78556 0.61878 0 -0.837 0.54721 0 -0.90728 0.42052 0 -0.92979 0.36809 0 -0.97801 0.20854 0 -0.98331 0.18196 0 0 0 1 -0 -0 -1</float_array>
          <technique_common>
            <accessor source="#norm_1-array" count="186" stride="3">
              <param name="X" type="float"/>
              <param name="Y" type="float"/>
              <param name="Z" type="float"/>
            </accessor>
          </technique_common>
        </source>
        <source id="uvs_1">
          <float_array id="uvs_1-array" count="0"></float_array>
          <technique_common>
            <accessor source="#uvs_1-array" count="0" stride="2">
              <param name="S" type="float"/>
              <param name="T" type="float"/>
            </accessor>
          </technique_common>
        </source>
        <vertices id="vert_1">
          <input semantic="POSITION" source="#pos_1"/>
        </vertices>
        <triangles count="188" material="mat_1">
          <input semantic="VERTEX" source="#vert_1" offset="0"/>
          <input semantic="NORMAL" source="#norm_1" offset="1"/>
          <p>0 0 1 0 2 1 2 1 1 0 3 2 2 1 3 2 4 3 4 3 3 2 5 4 4 3 5 4 6 5 6 5 5 4 7 6 6 5 7 6 8 7 8 7 7 6 9 8 8 7 9 8 10 9 10 9 9 8 11 10 10 9 11 10 12 11 12 11 11 10 13 12 12 11 13 12 14 13 14 13 13 12 15 14 14 13 15 14 16 15 16 15 15 14 17 16 17 16 15 14 18 17 17 16 18 17 19 18 19 18 18 17 20 18 19 18 20 18 21 19 21 19 20 18 22 18 21 19 22 18 23 20 1 0 24 1 3 2 3 2 24 1 25 3 3 2 25 3 5 4 5 4 25 3 26 5 5 4 26 5 7 6 7 6 26 5 27 7 7 6 27 7 9 8 9 8 27 7 28 9 9 8 28 9 11 10 11 10 28 9 29 11 11 10 29 11 13 12 13 12 29 11 30 13 13 12 30 13 15 14 15 14 30 13 31 21 15 14 31 21 32 16 15 14 32 16 18 17 18 17 32 16 22 18 18 17 22 18 20 18 21 19 23 20 33 22 33 22 23 20 34 23 33 22 34 23 35 24 35 24 34 23 36 25 35 24 36 25 37 26 37 26 36 25 38 27 37 26 38 27 39 28 39 28 38 27 40 29 39 28 40 29 41 30 41 30 40 29 42 31 41 30 42 31 43 31 43 31 44 29 41 30 41 30 44 29 39 28 44 29 45 27 39 28 39 28 45 27 37 26 45 27 46 25 37 26 37 26 46 25 35 24 46 25 47 23 35 24 35 24 47 23 33 22 47 23 48 20 33 22 33 22 48 20 21 19 48 20 19 18 21 19 49 32 1 0 50 33 50 33 1 0 0 0 50 33 0 0 51 32 50 33 51 32 52 34 52 34 51 32 53 35 52 34 53 35 54 36 54 36 53 35 55 37 54 36 55 37 56 38 56 38 55 37 57 39 56 38 57 39 58 40 58 40 57 39 59 41 58 40 59 41 60 42 60 42 59 41 61 43 60 42 61 43 62 43 62 43 61 43 63 44 62 43 63 44 64 43 64 43 63 44 65 45 65 45 63 44 66 46 65 45 66 46 67 46 67 46 66 46 68 47 68 47 66 46 69 48 68 47 69 48 70 49 70 49 69 48 71 50 70 49 71 50 72 51 72 51 71 50 73 52 72 51 73 52 74 53 74 53 73 52 75 54 74 53 75 54 76 55 76 55 75 54 77 56 76 55 77 56 78 57 78 57 77 56 79 58 78 57 79 58 80 59 80 59 79 58 42 31 42 31 79 58 81 59 42 31 81 59 43 31 61 43 82 45 63 44 63 44 82 45 66 46 82 45 83 46 66 46 66 46 83 46 84 47 66 46 84 47 69 48 69 48 84 47 85 49 69 48 85 49 71 50 71 50 85 49 86 51 71 50 86 51 73 52 73 52 86 51 87 53 73 52 87 53 75 54 75 54 87 53 88 55 75 54 88 55 77 56 77 56 88 55 89 57 77 56 89 57 79 58 79 58 89 57 81 59 62 43 64 43 60 42 60 42 64 43 90 41 60 42 90 41 58 40 58 40 90 41 91 39 58 40 91 39 56 38 56 38 91 39 92 37 56 38 92 37 54 36 54 36 92 37 93 35 54 36 93 35 52 34 52 34 93 35 49 32 52 34 49 32 50 33 80 60 42 60 94 60 94 60 42 60 40 60 94 60 40 60 38 60 38 60 36 60 94 60 94 60 36 60 34 60 94 60 34 60 23 60 23 60 22 60 94 60 94 60 22 60 32 60 94 60 32 60 31 60 31 60 30 60 94 60 94 60 30 60 29 60 94 60 29 60 28 60 28 60 27 60 94 60 94 60 27 60 26 60 94 60 26 60 25 60 25 60 24 60 94 60 94 60 24 60 1 60 94 60 1 60 49 60 49 60 93 60 94 60 94 60 93 60 92 60 94 60 92 60 91 60 91 60 90 60 94 60 94 60 90 60 64 60 94 60 64 60 65 60 65 60 67 60 94 60 94 60 67 60 68 60 94 60 68 60 70 60 70 60 72 60 94 60 94 60 72 60 74 60 94 60 74 60 76 60 76 60 78 60 94 60 94 60 78 60 80 60 51 61 0 61 95 61 95 61 0 61 2 61 95 61 2 61 4 61 4 61 6 61 95 61 95 61 6 61 8 61 95 61 8 61 10 61 10 61 12 61 95 61 95 61 12 61 14 61 95 61 14 61 16 61 16 61 17 61 95 61 95 61 17 61 19 61 95 61 19 61 48 61 48 61 47 61 95 61 95 61 47 61 46 61 95 61 46 61 45 61 45 61 44 61 95 61 95 61 44 61 43 61 95 61 43 61 81 61 81 61 89 61 95 61 95 61 89 61 88 61 95 61 88 61 87 61 87 61 86 61 95 61 95 61 86 61 85 61 95 61 85 61 84 61 84 61 83 61 95 61 95 61 83 61 82 61 95 61 82 61 61 61 61 61 59 61 95 61 95 61 59 61 57 61 95 61 57 61 55 61 55 61 53 61 95 61 95 61 53 61 51 61</p>
        </triangles>
      </mesh>
    </geometry>
    <geometry id="geometry_99a6fb60_568a_4757_8e2d_16d36f730202">
      <mesh>
        <source id="pos_2">
          <float_array id="pos_2-array" count="78">-18.57411766 -15.43050957 151.29040527 -18.57411766 -18.43050957 151.29040527 -30.33201981 -16.93050957 151.41941833 -42.08992004 -18.43050957 151.5484314 -42.08992004 -15.43050957 151.5484314 -1.76348138 -15.43050957 167.73614502 -1.76348138 -18.43050957 167.73614502 -10.1687994 -16.93050957 159.51327515 -1.5054549 -15.43050957 191.25195312 -1.5054549 -18.43050957 191.25195312 -1.6344682 -16.93050957 179.49404907 -17.95118713 -15.43050957 208.06257629 -17.95118713 -18.43050957 208.06257629 -9.72832108 -16.93050957 199.65725708 -41.46699142 -15.43050957 208.32060242 -41.46699142 -18.43050957 208.32060242 -29.70908737 -16.93050957 208.19158936 -58.27762604 -15.43050957 191.87487793 -58.27762604 -18.43050957 191.87487793 -49.87230682 -16.93050957 200.0977478 -58.53565216 -15.43050957 168.35906982 -58.53565216 -18.43050957 168.35906982 -58.4066391 -16.93050957 180.11697388 -50.3127861 -16.93050957 159.95375061 -30.02055359 -15.43050957 179.80551147 -30.02055359 -18.43050957 179.80551147</float_array>
          <technique_common>
            <accessor source="#pos_2-array" count="78" stride="3">
              <param name="X" type="float"/>
              <param name="Y" type="float"/>
              <param name="Z" type="float"/>
            </accessor>
          </technique_common>
        </source>
        <source id="norm_2">
          <float_array id="norm_2-array" count="54">-0.01097 0 -0.99994 0.69931 -0 -0.71482 0.69931 -0 -0.71482 0.69931 -0 -0.71482 0.99994 0 -0.01097 0.71482 0 0.69931 0.01097 -0 0.99994 0.01097 -0 0.99994 0.01097 -0 0.99994 -0.69931 -0 0.71482 -0.69931 -0 0.71482 -0.69931 -0 0.71482 -0.99994 0 0.01097 -0.71482 -0 -0.69931 -0.71482 -0 -0.69931 -0.71482 -0 -0.69931 0 1 0 0 -1 0</float_array>
          <technique_common>
            <accessor source="#norm_2-array" count="54" stride="3">
              <param name="X" type="float"/>
              <param name="Y" type="float"/>
              <param name="Z" type="float"/>
            </accessor>
          </technique_common>
        </source>
        <source id="uvs_2">
          <float_array id="uvs_2-array" count="0"></float_array>
          <technique_common>
            <accessor source="#uvs_2-array" count="0" stride="2">
              <param name="S" type="float"/>
              <param name="T" type="float"/>
            </accessor>
          </technique_common>
        </source>
        <vertices id="vert_2">
          <input semantic="POSITION" source="#pos_2"/>
        </vertices>
        <triangles count="48" material="mat_2">
          <input semantic="VERTEX" source="#vert_2" offset="0"/>
          <input semantic="NORMAL" source="#norm_2" offset="1"/>
          <p>0 0 1 0 2 0 2 0 1 0 3 0 2 0 3 0 4 0 4 0 0 0 2 0 5 1 6 1 7 2 7 2 6 1 1 3 7 2 1 3 0 3 0 3 5 1 7 2 8 4 9 4 10 4 10 4 9 4 6 4 10 4 6 4 5 4 5 4 8 4 10 4 11 5 12 5 13 5 13 5 12 5 9 5 13 5 9 5 8 5 8 5 11 5 13 5 14 6 15 6 16 7 16 7 15 6 12 8 16 7 12 8 11 8 11 8 14 6 16 7 17 9 18 9 19 10 19 10 18 9 15 11 19 10 15 11 14 11 14 11 17 9 19 10 20 12 21 12 22 12 22 12 21 12 18 12 22 12 18 12 17 12 17 12 20 12 22 12 4 13 3 13 23 14 23 14 3 13 21 15 23 14 21 15 20 15 20 15 4 13 23 14 0 16 4 16 24 16 24 16 4 16 20 16 24 16 20 16 17 16 17 16 14 16 24 16 24 16 14 16 11 16 24 16 11 16 8 16 8 16 5 16 24 16 24 16 5 16 0 16 18 17 21 17 25 17 25 17 21 17 3 17 25 17 3 17 1 17 1 17 6 17 25 17 25 17 6 17 9 17 25 17 9 17 12 17 12 17 15 17 25 17 25 17 15 17 18 17</p>
        </triangles>
      </mesh>
    </geometry>
    <geometry id="geometry_89c252f4_19e1_4a2b_b78d_3d3a26d35267">
      <mesh>
        <source id="pos_3">
          <float_array id="pos_3-array" count="144">-58.27762604 -15.43050957 191.87487793 -58.27762604 -18.43050957 191.87487793 -58.4066391 -16.93050957 180.11697388 -58.53565216 -18.43050957 168.35906982 -58.53565216 -15.43050957 168.35906982 -41.46699142 -15.43050957 208.32060242 -41.46699142 -18.43050957 208.32060242 -49.87230682 -16.93050957 200.0977478 -17.95118713 -15.43050957 208.06257629 -17.95118713 -18.43050957 208.06257629 -29.70908737 -16.93050957 208.19158936 -1.5054549 -15.43050957 191.25195312 -1.5054549 -18.43050957 191.25195312 -9.72832108 -16.93050957 199.65725708 -1.76348138 -15.43050957 167.73614502 -1.76348138 -18.43050957 167.73614502 -1.6344682 -16.93050957 179.49404907 -18.57411766 -15.43050957 151.29040527 -18.57411766 -18.43050957 151.29040527 -10.1687994 -16.93050957 159.51327515 -42.08992004 -15.43050957 151.5484314 -42.08992004 -18.43050957 151.5484314 -30.33201981 -16.93050957 151.41941833 -50.3127861 -16.93050957 159.95375061 -42.64555359 -15.43050957 149.32606506 -42.64555359 -18.43050957 149.32606506 -51.57277679 -16.93050957 158.25328064 -60.5 -18.43050957 167.18051147 -60.5 -15.43050957 167.18051147 -17.39555359 -15.43050957 149.32606506 -17.39555359 -18.43050957 149.32606506 -30.02055359 -16.93050957 149.32606506 0.45889246 -15.43050957 167.18051147 0.45889246 -18.43050957 167.18051147 -8.46833038 -16.93050957 158.25328064 0.45889246 -15.43050957 192.43051147 0.45889246 -18.43050957 192.43051147 0.45889246 -16.93050957 179.80551147 -17.39555359 -15.43050957 210.28495789 -17.39555359 -18.43050957 210.28495789 -8.46833038 -16.93050957 201.35772705 -42.64555359 -15.43050957 210.28495789 -42.64555359 -18.43050957 210.28495789 -30.02055359 -16.93050957 210.28495789 -60.5 -15.43050957 192.43051147 -60.5 -18.43050957 192.43051147 -51.57277679 -16.93050957 201.35772705 -60.5 -16.93050957 179.80551147</float_array>
          <technique_common>
            <accessor source="#pos_3-array" count="144" stride="3">
              <param name="X" type="float"/>
              <param name="Y" type="float"/>
              <param name="Z" type="float"/>
            </accessor>
          </technique_common>
        </source>
        <source id="norm_3">
          <float_array id="norm_3-array" count="66">0.99994 0 -0.01097 0.69931 0 -0.71482 -0.01097 0 -0.99994 -0.71482 0 -0.69931 -0.99994 0 0.01097 -0.69931 0 0.71482 0.01097 0 0.99994 0.71482 -0 0.69931 0.71482 -0 0.69931 0.71482 -0 0.69931 -0.70711 -0 -0.70711 -0.70711 -0 -0.70711 -0.70711 -0 -0.70711 0 0 -1 0.70711 0 -0.70711 1 0 0 0.70711 0 0.70711 0 0 1 -0.70711 0 0.70711 -1 0 0 0 1 0 0 -1 0</float_array>
          <technique_common>
            <accessor source="#norm_3-array" count="66" stride="3">
              <param name="X" type="float"/>
              <param name="Y" type="float"/>
              <param name="Z" type="float"/>
            </accessor>
          </technique_common>
        </source>
        <source id="uvs_3">
          <float_array id="uvs_3-array" count="0"></float_array>
          <technique_common>
            <accessor source="#uvs_3-array" count="0" stride="2">
              <param name="S" type="float"/>
              <param name="T" type="float"/>
            </accessor>
          </technique_common>
        </source>
        <vertices id="vert_3">
          <input semantic="POSITION" source="#pos_3"/>
        </vertices>
        <triangles count="96" material="mat_3">
          <input semantic="VERTEX" source="#vert_3" offset="0"/>
          <input semantic="NORMAL" source="#norm_3" offset="1"/>
          <p>0 0 1 0 2 0 2 0 1 0 3 0 2 0 3 0 4 0 4 0 0 0 2 0 5 1 6 1 7 1 7 1 6 1 1 1 7 1 1 1 0 1 0 1 5 1 7 1 8 2 9 2 10 2 10 2 9 2 6 2 10 2 6 2 5 2 5 2 8 2 10 2 11 3 12 3 13 3 13 3 12 3 9 3 13 3 9 3 8 3 8 3 11 3 13 3 14 4 15 4 16 4 16 4 15 4 12 4 16 4 12 4 11 4 11 4 14 4 16 4 17 5 18 5 19 5 19 5 18 5 15 5 19 5 15 5 14 5 14 5 17 5 19 5 20 6 21 6 22 6 22 6 21 6 18 6 22 6 18 6 17 6 17 6 20 6 22 6 4 7 3 7 23 8 23 8 3 7 21 9 23 8 21 9 20 9 20 9 4 7 23 8 24 10 25 10 26 11 26 11 25 10 27 12 26 11 27 12 28 12 28 12 24 10 26 11 29 13 30 13 31 13 31 13 30 13 25 13 31 13 25 13 24 13 24 13 29 13 31 13 32 14 33 14 34 14 34 14 33 14 30 14 34 14 30 14 29 14 29 14 32 14 34 14 35 15 36 15 37 15 37 15 36 15 33 15 37 15 33 15 32 15 32 15 35 15 37 15 38 16 39 16 40 16 40 16 39 16 36 16 40 16 36 16 35 16 35 16 38 16 40 16 41 17 42 17 43 17 43 17 42 17 39 17 43 17 39 17 38 17 38 17 41 17 43 17 44 18 45 18 46 18 46 18 45 18 42 18 46 18 42 18 41 18 41 18 44 18 46 18 28 19 27 19 47 19 47 19 27 19 45 19 47 19 45 19 44 19 44 19 28 19 47 19 20 20 28 20 4 20 4 20 28 20 44 20 4 20 44 20 0 20 0 20 44 20 41 20 0 20 41 20 5 20 5 20 41 20 38 20 5 20 38 20 8 20 8 20 38 20 35 20 8 20 35 20 11 20 11 20 35 20 32 20 11 20 32 20 14 20 14 20 32 20 29 20 14 20 29 20 17 20 17 20 29 20 24 20 17 20 24 20 20 20 20 20 24 20 28 20 3 21 27 21 21 21 21 21 27 21 25 21 21 21 25 21 18 21 18 21 25 21 30 21 18 21 30 21 15 21 15 21 30 21 33 21 15 21 33 21 12 21 12 21 33 21 36 21 12 21 36 21 9 21 9 21 36 21 39 21 9 21 39 21 6 21 6 21 39 21 42 21 6 21 42 21 1 21 1 21 42 21 45 21 1 21 45 21 3 21 3 21 45 21 27 21</p>
        </triangles>
      </mesh>
    </geometry>
    <geometry id="geometry_a5f1c4a6_fabe_460a_9865_d9b2d6619408">
      <mesh>
        <source id="pos_4">
          <float_array id="pos_4-array" count="78">-35.46179962 -20.43050957 184.25042725 -35.46179962 -18.43050957 184.25042725 -35.46179962 -19.43050957 179.84046936 -35.46179962 -18.43050957 175.43051147 -35.46179962 -20.43050957 175.43051147 -38.75648117 -20.43050957 184.25042725 -38.75648117 -18.43050957 184.25042725 -37.10913849 -19.43050957 184.25042725 -38.75648117 -20.43050957 185.43051147 -38.75648117 -18.43050957 185.43051147 -38.75648117 -19.43050957 184.84046936 -30.8301487 -20.43050957 185.43051147 -30.8301487 -18.43050957 185.43051147 -34.79331589 -19.43050957 185.43051147 -30.8301487 -20.43050957 184.25042725 -30.8301487 -18.43050957 184.25042725 -30.8301487 -19.43050957 184.84046936 -34.13847351 -20.43050957 184.25042725 -34.13847351 -18.43050957 184.25042725 -32.48431015 -19.43050957 184.25042725 -34.13847351 -20.43050957 175.43051147 -34.13847351 -18.43050957 175.43051147 -34.13847351 -19.43050957 179.84046936 -34.80013657 -19.43050957 175.43051147 -34.79331589 -20.43050957 180.43051147 -34.79331589 -18.43050957 180.43051147</float_array>
          <technique_common>
            <accessor source="#pos_4-array" count="78" stride="3">
              <param name="X" type="float"/>
              <param name="Y" type="float"/>
              <param name="Z" type="float"/>
            </accessor>
          </technique_common>
        </source>
        <source id="norm_4">
          <float_array id="norm_4-array" count="18">-1 -0 -0 0 0 -1 0 0 1 1 0 0 0 -1 0 0 1 0</float_array>
          <technique_common>
            <accessor source="#norm_4-array" count="18" stride="3">
              <param name="X" type="float"/>
              <param name="Y" type="float"/>
              <param name="Z" type="float"/>
            </accessor>
          </technique_common>
        </source>
        <source id="uvs_4">
          <float_array id="uvs_4-array" count="0"></float_array>
          <technique_common>
            <accessor source="#uvs_4-array" count="0" stride="2">
              <param name="S" type="float"/>
              <param name="T" type="float"/>
            </accessor>
          </technique_common>
        </source>
        <vertices id="vert_4">
          <input semantic="POSITION" source="#pos_4"/>
        </vertices>
        <triangles count="48" material="mat_3">
          <input semantic="VERTEX" source="#vert_4" offset="0"/>
          <input semantic="NORMAL" source="#norm_4" offset="1"/>
          <p>0 0 1 0 2 0 2 0 1 0 3 0 2 0 3 0 4 0 4 0 0 0 2 0 5 1 6 1 7 1 7 1 6 1 1 1 7 1 1 1 0 1 0 1 5 1 7 1 8 0 9 0 10 0 10 0 9 0 6 0 10 0 6 0 5 0 5 0 8 0 10 0 11 2 12 2 13 2 13 2 12 2 9 2 13 2 9 2 8 2 8 2 11 2 13 2 14 3 15 3 16 3 16 3 15 3 12 3 16 3 12 3 11 3 11 3 14 3 16 3 17 1 18 1 19 1 19 1 18 1 15 1 19 1 15 1 14 1 14 1 17 1 19 1 20 3 21 3 22 3 22 3 21 3 18 3 22 3 18 3 17 3 17 3 20 3 22 3 4 1 3 1 23 1 23 1 3 1 21 1 23 1 21 1 20 1 20 1 4 1 23 1 0 4 4 4 24 4 24 4 4 4 20 4 24 4 20 4 17 4 14 4 11 4 17 4 17 4 11 4 8 4 17 4 8 4 0 4 0 4 8 4 5 4 17 4 0 4 24 4 18 5 21 5 25 5 25 5 21 5 3 5 25 5 3 5 1 5 6 5 9 5 1 5 1 5 9 5 18 5 1 5 18 5 25 5 9 5 12 5 18 5 18 5 12 5 15 5</p>
        </triangles>
      </mesh>
    </geometry>
    <geometry id="geometry_a728a2be_a96e_43b5_8a64_d6b384dde889">
      <mesh>
        <source id="pos_5">
          <float_array id="pos_5-array" count="1122">-27.7912693 -20.43050957 177.43255615 -27.7912693 -18.43050957 177.43255615 -28.06998444 -19.43050957 177.83055115 -28.22756767 -18.43050957 178.07575989 -28.40006828 -19.43050957 178.38725281 -28.4110508 -18.43050957 178.40969849 -28.52577972 -19.43050957 178.67961121 -28.55301285 -18.43050957 178.75840759 -28.6171627 -19.43050957 178.98416138 -28.64810753 -18.43050957 179.12379456 -28.71948433 -19.43050957 179.62190247 -28.70675468 -18.43050957 179.50213623 -28.76330185 -18.43050957 180.28044128 -28.76330185 -20.43050957 180.28044128 -28.71948433 -19.93050957 179.62190247 -28.6171627 -19.93050957 178.98416138 -28.64810753 -20.43050957 179.12379456 -28.55301285 -20.43050957 178.75840759 -28.70675468 -20.43050957 179.50213623 -28.52577972 -19.93050957 178.67961121 -28.4110508 -20.43050957 178.40969849 -28.40006828 -19.93050957 178.38725281 -28.22756767 -20.43050957 178.07575989 -28.06998444 -19.93050957 177.83055115 -25.35266113 -20.43050957 176.39230347 -25.35266113 -18.43050957 176.39230347 -25.81738853 -19.43050957 176.43916321 -26.04008484 -18.43050957 176.47097778 -26.37334061 -19.43050957 176.54176331 -26.37062073 -18.43050957 176.54104614 -26.63637352 -19.43050957 176.62792969 -26.6853447 -18.43050957 176.64797974 -26.88586044 -19.43050957 176.74569702 -26.9805851 -18.43050957 176.80036926 -27.25974655 -18.43050957 176.99026489 -27.35091019 -19.43050957 177.06033325 -27.35091019 -19.93050957 177.06033325 -27.25974655 -20.43050957 176.99026489 -26.9805851 -20.43050957 176.80036926 -26.88586044 -19.93050957 176.74569702 -26.6853447 -20.43050957 176.64797974 -26.63637352 -19.93050957 176.62792969 -26.37062073 -20.43050957 176.54104614 -26.37334061 -19.93050957 176.54176331 -26.04008484 -20.43050957 176.47097778 -25.81738853 -19.93050957 176.43916321 -22.89358902 -20.43050957 177.4427948 -22.89358902 -18.43050957 177.4427948 -23.24263191 -19.43050957 177.14128113 -23.42827797 -18.43050957 176.9941864 -23.70562363 -19.43050957 176.80419922 -23.70940399 -18.43050957 176.80189514 -23.95275307 -19.43050957 176.67198181 -24.00706863 -18.43050957 176.64802551 -24.21394348 -19.43050957 176.57240295 -24.32467079 -18.43050957 176.54043579 -24.77077293 -19.43050957 176.45326233 -24.65838432 -18.43050957 176.47027588 -24.77077293 -19.93050957 176.45326233 -24.21394348 -19.93050957 176.57240295 -24.32467079 -20.43050957 176.54043579 -24.00706863 -20.43050957 176.64802551 -24.65838432 -20.43050957 176.47027588 -23.95275307 -19.93050957 176.67198181 -23.70940399 -20.43050957 176.80189514 -23.70562363 -19.93050957 176.80419922 -23.42827797 -20.43050957 176.9941864 -23.24263191 -19.93050957 177.14128113 -21.92837524 -20.43050957 180.4236908 -21.92837524 -18.43050957 180.4236908 -21.95955849 -19.43050957 179.83673096 -21.97938538 -18.43050957 179.61349487 -22.04170799 -19.43050957 179.18656921 -22.03555107 -18.43050957 179.21885681 -22.11749458 -19.43050957 178.87333679 -22.12850761 -18.43050957 178.83679199 -22.2251606 -19.43050957 178.57098389 -22.26919365 -18.43050957 178.47102356 -22.45318031 -18.43050957 178.12002563 -22.52748299 -19.43050957 177.9960022 -22.52748299 -19.93050957 177.9960022 -22.45318031 -20.43050957 178.12002563 -22.2251606 -19.93050957 178.57098389 -22.26919365 -20.43050957 178.47102356 -22.12850761 -20.43050957 178.83679199 -22.11749458 -19.93050957 178.87333679 -22.03555107 -20.43050957 179.21885681 -22.04170799 -19.93050957 179.18656921 -21.97938538 -20.43050957 179.61349487 -21.95955849 -19.93050957 179.83673096 -22.34106445 -20.43050957 182.55534363 -22.34106445 -18.43050957 182.55534363 -22.22268486 -19.43050957 182.22895813 -22.15836334 -18.43050957 182.0382843 -22.08472443 -19.43050957 181.79048157 -22.02075958 -18.43050957 181.51223755 -21.99285507 -19.43050957 181.34280396 -21.95421982 -18.43050957 180.97201538 -21.95421982 -20.43050957 180.97201538 -21.99285507 -19.93050957 181.34280396 -22.02075958 -20.43050957 181.51223755 -22.08472443 -19.93050957 181.79048157 -22.15836334 -20.43050957 182.0382843 -22.22268486 -19.93050957 182.22895813 -23.5484314 -20.43050957 183.96734619 -23.5484314 -18.43050957 183.96734619 -23.30025482 -19.43050957 183.77911377 -23.17372704 -18.43050957 183.67695618 -23.00172997 -19.43050957 183.52363586 -22.83925438 -18.43050957 183.352005 -22.74453735 -19.43050957 183.2326355 -22.57069778 -18.43050957 182.97039795 -22.53142738 -19.43050957 182.90376282 -22.53142738 -19.93050957 182.90376282 -22.57069778 -20.43050957 182.97039795 -22.74453735 -19.93050957 183.2326355 -22.83925438 -20.43050957 183.352005 -23.00172997 -19.93050957 183.52363586 -23.17372704 -20.43050957 183.67695618 -23.30025482 -19.93050957 183.77911377 -25.33219528 -20.43050957 184.46870422 -25.33219528 -18.43050957 184.46870422 -25.01315117 -19.43050957 184.4465332 -24.86127663 -18.43050957 184.43156433 -24.62691689 -19.43050957 184.39755249 -24.40384865 -18.43050957 184.3467865 -24.25458717 -19.43050957 184.29946899 -23.96920776 -18.43050957 184.18154907 -23.8975296 -19.43050957 184.14746094 -23.8975296 -19.93050957 184.14746094 -23.96920776 -20.43050957 184.18154907 -24.25458717 -19.93050957 184.29946899 -24.40384865 -20.43050957 184.3467865 -24.62691689 -19.93050957 184.39755249 -24.86127663 -20.43050957 184.43156433 -25.01315117 -19.93050957 184.4465332 -27.75034142 -20.43050957 183.50349426 -27.75034142 -18.43050957 183.50349426 -27.39428329 -19.43050957 183.7805481 -27.21224976 -18.43050957 183.91114807 -26.93221092 -19.43050957 184.08639526 -26.9318676 -18.43050957 184.08659363 -26.68831635 -19.43050957 184.20713806 -26.63788223 -18.43050957 184.22798157 -26.43280411 -19.43050957 184.29878235 -26.3272934 -18.43050957 184.32780457 -25.89297867 -19.43050957 184.4099884 -26.00313187 -18.43050957 184.39364624 -25.89297867 -19.93050957 184.4099884 -26.43280411 -19.93050957 184.29878235 -26.3272934 -20.43050957 184.32780457 -26.63788223 -20.43050957 184.22798157 -26.00313187 -20.43050957 184.39364624 -26.68831635 -19.93050957 184.20713806 -26.9318676 -20.43050957 184.08659363 -26.93221092 -19.93050957 184.08639526 -27.21224976 -20.43050957 183.91114807 -27.39428329 -19.93050957 183.7805481 -28.74076653 -19.43050957 180.94662476 -28.72570419 -18.43050957 181.16043091 -28.66349792 -19.43050957 181.64447021 -28.6731739 -18.43050957 181.58880615 -28.58016968 -18.43050957 182.00325012 -28.43374252 -18.43050957 182.39932251 -28.47502708 -19.43050957 182.30404663 -28.5867424 -19.43050957 181.98027039 -28.66349792 -19.93050957 181.64447021 -28.74076653 -19.93050957 180.94662476 -28.72570419 -20.43050957 181.16043091 -28.32675171 -19.43050957 182.61523438 -28.23527527 -18.43050957 182.77748108 -28.15028 -19.43050957 182.91670227 -28.15028 -19.93050957 182.91670227 -28.23527527 -20.43050957 182.77748108 -28.32675171 -19.93050957 182.61523438 -28.43374252 -20.43050957 182.39932251 -28.47502708 -19.93050957 182.30404663 -28.58016968 -20.43050957 182.00325012 -28.5867424 -19.93050957 181.98027039 -28.6731739 -20.43050957 181.58880615 -28.79058647 -20.43050957 184.19926453 -28.79058647 -18.43050957 184.19926453 -29.17390633 -19.43050957 183.65722656 -29.39229012 -18.43050957 183.32048035 -29.41592216 -19.43050957 183.28166199 -29.6450634 -18.43050957 182.86386108 -29.62930107 -19.43050957 182.89585876 -29.80245018 -19.43050957 182.49563599 -29.62930107 -19.93050957 182.89585876 -29.80245018 -19.93050957 182.49563599 -29.6450634 -20.43050957 182.86386108 -29.84026909 -20.43050957 182.3866272 -29.92808533 -19.93050957 182.07839966 -29.97073555 -20.43050957 181.88619995 -30.01331139 -19.93050957 181.646698 -30.05093575 -20.43050957 181.36776733 -30.06822968 -19.93050957 181.20413208 -30.12755775 -20.43050957 180.30090332 -30.06822968 -19.43050957 181.20413208 -30.12755775 -18.43050957 180.30090332 -30.05093575 -18.43050957 181.36776733 -30.01331139 -19.43050957 181.646698 -29.97073555 -18.43050957 181.88619995 -29.92808533 -19.43050957 182.07839966 -29.84026909 -18.43050957 182.3866272 -29.41592216 -19.93050957 183.28166199 -29.39229012 -20.43050957 183.32048035 -29.17390633 -19.93050957 183.65722656 -25.33901787 -20.43050957 185.60786438 -25.33901787 -18.43050957 185.60786438 -26.00284195 -19.43050957 185.54786682 -26.30636597 -18.43050957 185.50793457 -26.78352928 -19.43050957 185.41293335 -26.77253914 -18.43050957 185.41571045 -27.15402603 -19.43050957 185.29756165 -27.21770859 -18.43050957 185.27278137 -27.50645256 -19.43050957 185.1385498 -27.63663864 -18.43050957 185.06648254 -27.84215164 -19.43050957 184.93913269 -28.03353119 -18.43050957 184.80697632 -28.1652813 -19.43050957 184.7093811 -28.1652813 -19.93050957 184.7093811 -28.03353119 -20.43050957 184.80697632 -27.84215164 -19.93050957 184.93913269 -27.63663864 -20.43050957 185.06648254 -27.50645256 -19.93050957 185.1385498 -27.21770859 -20.43050957 185.27278137 -27.15402603 -19.93050957 185.29756165 -26.77253914 -20.43050957 185.41571045 -26.78352928 -19.93050957 185.41293335 -26.30636597 -20.43050957 185.50793457 -26.00284195 -19.93050957 185.54786682 -22.84242821 -20.43050957 184.94619751 -22.84242821 -18.43050957 184.94619751 -23.22923279 -19.43050957 185.1361084 -23.43488312 -18.43050957 185.23002625 -23.7311306 -19.43050957 185.34950256 -24.04485512 -18.43050957 185.44839478 -24.25102043 -19.43050957 185.4956665 -24.68348694 -18.43050957 185.55970764 -24.79007721 -19.43050957 185.57023621 -24.79007721 -19.93050957 185.57023621 -24.68348694 -20.43050957 185.55970764 -24.25102043 -19.93050957 185.4956665 -24.04485512 -20.43050957 185.44839478 -23.7311306 -19.93050957 185.34950256 -23.43488312 -20.43050957 185.23002625 -23.22923279 -19.93050957 185.1361084 -21.14733887 -20.43050957 183.1010437 -21.14733887 -18.43050957 183.1010437 -21.36535454 -19.43050957 183.47085571 -21.47735023 -18.43050957 183.64860535 -21.6592617 -19.43050957 183.90904236 -21.8583107 -18.43050957 184.14927673 -22.00564003 -19.43050957 184.29893494 -22.32462883 -18.43050957 184.57142639 -22.4091835 -19.43050957 184.63623047 -22.4091835 -19.93050957 184.63623047 -22.32462883 -20.43050957 184.57142639 -22.00564003 -19.93050957 184.29893494 -21.8583107 -20.43050957 184.14927673 -21.6592617 -19.93050957 183.90904236 -21.47735023 -20.43050957 183.64860535 -21.36535454 -19.93050957 183.47085571 -20.56412125 -20.43050957 180.41687012 -20.56412125 -18.43050957 180.41687012 -20.58808327 -19.43050957 180.89611816 -20.60384941 -18.43050957 181.11138916 -20.64295387 -19.43050957 181.46614075 -20.70008659 -18.43050957 181.79341125 -20.75613213 -19.43050957 182.02326965 -20.893507 -18.43050957 182.4539032 -20.93460274 -19.43050957 182.56594849 -20.93460274 -19.93050957 182.56594849 -20.893507 -20.43050957 182.4539032 -20.75613213 -19.93050957 182.02326965 -20.70008659 -20.43050957 181.79341125 -20.64295387 -19.93050957 181.46614075 -20.60384941 -20.43050957 181.11138916 -20.58808327 -19.93050957 180.89611816 -21.17803574 -20.43050957 177.69517517 -21.17803574 -18.43050957 177.69517517 -21.00186348 -19.43050957 178.11686707 -20.91135597 -18.43050957 178.34960938 -20.80101585 -19.43050957 178.67088318 -20.70788383 -18.43050957 179.01856995 -20.66497421 -19.43050957 179.23977661 -20.60631943 -18.43050957 179.71090698 -20.5970459 -19.43050957 179.8243103 -20.5970459 -19.93050957 179.8243103 -20.60631943 -20.43050957 179.71090698 -20.66497421 -19.93050957 179.23977661 -20.70788383 -20.43050957 179.01856995 -20.80101585 -19.93050957 178.67088318 -20.91135597 -20.43050957 178.34960938 -21.00186348 -19.93050957 178.11686707 -22.9174614 -20.43050957 175.87730408 -22.9174614 -18.43050957 175.87730408 -22.56481934 -19.43050957 176.11236572 -22.38645744 -18.43050957 176.23939514 -22.14066124 -19.43050957 176.43363953 -21.9084053 -18.43050957 176.65237427 -21.77093124 -19.43050957 176.80722046 -21.51743126 -18.43050957 177.14900208 -21.45944023 -19.43050957 177.23674011 -21.45944023 -19.93050957 177.23674011 -21.51743126 -20.43050957 177.14900208 -21.77093124 -19.93050957 176.80722046 -21.9084053 -20.43050957 176.65237427 -22.14066124 -19.93050957 176.43363953 -22.38645744 -20.43050957 176.23939514 -22.56481934 -19.93050957 176.11236572 -25.34583855 -20.43050957 175.25997925 -25.34583855 -18.43050957 175.25997925 -24.92041779 -19.43050957 175.28819275 -24.7115345 -18.43050957 175.30749512 -24.39780426 -19.43050957 175.34960938 -24.09202957 -18.43050957 175.4131012 -23.89043045 -19.43050957 175.47084045 -23.49728775 -18.43050957 175.61593628 -23.39964104 -19.43050957 175.65716553 -23.39964104 -19.93050957 175.65716553 -23.49728775 -20.43050957 175.61593628 -23.89043045 -19.93050957 175.47084045 -24.09202957 -20.43050957 175.4131012 -24.39780426 -19.93050957 175.34960938 -24.7115345 -20.43050957 175.30749512 -24.92041779 -19.93050957 175.28819275 -27.86971283 -20.43050957 175.94210815 -27.86971283 -18.43050957 175.94210815 -27.48098373 -19.43050957 175.74633789 -27.27235222 -18.43050957 175.64866638 -26.97430038 -19.43050957 175.52563477 -26.65637207 -18.43050957 175.42332458 -26.44849968 -19.43050957 175.37483215 -26.01003265 -18.43050957 175.30900574 -25.90240097 -19.43050957 175.29827881 -25.90240097 -19.93050957 175.29827881 -26.01003265 -20.43050957 175.30900574 -26.44849968 -19.93050957 175.37483215 -26.65637207 -20.43050957 175.42332458 -26.97430038 -19.93050957 175.52563477 -27.27235222 -20.43050957 175.64866638 -27.48098373 -19.93050957 175.74633789 -29.55456924 -20.43050957 177.80432129 -29.55456924 -18.43050957 177.80432129 -29.33887482 -19.43050957 177.43415833 -29.22680664 -18.43050957 177.25418091 -29.04673195 -19.43050957 176.99313354 -28.84812737 -18.43050957 176.75012207 -28.70217133 -19.43050957 176.59953308 -28.38445473 -18.43050957 176.32299805 -28.30070686 -19.43050957 176.25746155 -28.30070686 -19.93050957 176.25746155 -28.38445473 -20.43050957 176.32299805 -28.70217133 -19.93050957 176.59953308 -28.84812737 -20.43050957 176.75012207 -29.04673195 -19.93050957 176.99313354 -29.22680664 -20.43050957 177.25418091 -29.33887482 -19.93050957 177.43415833 -30.10110855 -19.43050957 179.86854553 -30.08295059 -18.43050957 179.65411377 -30.04380035 -19.43050957 179.33427429 -29.98457527 -18.43050957 179.01965332 -29.9311409 -19.43050957 178.81271362 -29.79650497 -18.43050957 178.4058075 -29.75843239 -19.43050957 178.30493164 -29.75843239 -19.93050957 178.30493164 -29.79650497 -20.43050957 178.4058075 -29.9311409 -19.93050957 178.81271362 -29.98457527 -20.43050957 179.01965332 -30.04380035 -19.93050957 179.33427429 -30.08295059 -20.43050957 179.65411377 -30.10110855 -19.93050957 179.86854553</float_array>
          <technique_common>
            <accessor source="#pos_5-array" count="1122" stride="3">
              <param name="X" type="float"/>
              <param name="Y" type="float"/>
              <param name="Z" type="float"/>
            </accessor>
          </technique_common>
        </source>
        <source id="norm_5">
          <float_array id="norm_5-array" count="627">0.8137 0 0.58128 0.82981 0 0.55805 0.85432 0 0.51975 0.8966 0 0.44285 0.89992 0 0.43605 0.93989 0 0.34148 0.9501 0 0.31196 0.97161 0 0.2366 0.98041 0 0.19695 0.99531 0 0.09672 0.99334 0 0.11523 0.99868 0 0.05139 0.08932 0 0.996 0.12244 0 0.99248 0.16328 0 0.98658 0.25915 0 0.96584 0.25818 0 0.9661 0.36734 0 0.93009 0.39071 0 0.92052 0.48131 0 0.87655 0.51765 0 0.85559 0.59962 0 0.80029 0.61844 0 0.78583 0.65861 0 0.75248 -0.66192 0 0.74958 -0.63687 0 0.77097 -0.60224 0 0.79831 -0.52051 0 0.85386 -0.51914 0 0.85469 -0.41664 0 0.90907 -0.39025 0 0.92071 -0.29853 0 0.9544 -0.25687 0 0.96645 -0.13874 0 0.99033 -0.16143 0 0.98688 -0.08712 0 0.9962 -0.9991 0 0.04245 -0.99723 0 0.07443 -0.99456 0 0.1042 -0.98153 0 0.1913 -0.98307 0 0.18324 -0.95927 0 0.28248 -0.9556 0 0.29465 -0.92195 0 0.3873 -0.90832 0 0.41828 -0.86431 0 0.50296 -0.8517 0 0.52403 -0.82481 0 0.56541 -0.93818 -0 -0.34615 -0.94379 -0 -0.33056 -0.95176 -0 -0.30684 -0.96573 -0 -0.25956 -0.98273 -0 -0.18505 -0.98998 -0 -0.14119 -0.9974 -0 -0.07204 -0.9994 -0 -0.03466 -0.59807 -0 -0.80144 -0.61674 -0 -0.78717 -0.64123 -0 -0.76735 -0.69243 -0 -0.72148 -0.7616 -0 -0.64805 -0.80291 -0 -0.5961 -0.85724 -0 -0.51491 -0.86543 -0 -0.50103 -0.88339 -0 -0.46864 -0.06159 -0 -0.9981 -0.08494 -0 -0.99639 -0.11294 -0 -0.9936 -0.17896 -0 -0.98386 -0.26873 -0 -0.96322 -0.33336 -0 -0.9428 -0.42177 -0 -0.9067 -0.43669 -0 -0.89961 -0.46924 -0 -0.88307 0.62213 0 -0.78291 0.5977 0 -0.80172 0.56564 0 -0.82465 0.48851 0 -0.87256 0.4884 0 -0.87262 0.39328 0 -0.91942 0.37049 0 -0.92884 0.28433 0 -0.95873 0.24658 0 -0.96912 0.13634 0 -0.99066 0.15776 0 -0.98748 0.08823 0 -0.9961 0.99976 0 -0.02212 0.99835 0 -0.05741 0.99642 0 -0.0845 0.98405 0 -0.1779 0.98634 0 -0.16475 0.96042 0 -0.27856 0.91087 0 -0.4127 0.9242 0 -0.38191 0.9625 0 -0.27128 0.88133 0 -0.47249 0.86121 0 -0.50825 0.84624 0 -0.5328 0.8161 0 -0.57791 -0.81099 0 0.58506 -0.8273 0 0.56176 -0.85237 0 0.52294 -0.85586 0 0.5172 -0.89884 0 0.43829 -0.89531 0 0.44545 -0.93938 0 0.34287 -0.94982 0 0.31281 -0.97148 0 0.23711 -0.98041 0 0.19696 -0.98801 0 0.15436 -0.9934 0 0.11467 -0.99537 0 0.09609 -0.99873 0 0.05044 -0.07898 0 0.99688 -0.1123 0 0.99367 -0.15109 0 0.98852 -0.24634 0 0.96918 -0.24364 0 0.96987 -0.35218 0 0.93593 -0.37323 0 0.92774 -0.46601 0 0.88478 -0.50168 0 0.86505 -0.54963 0 0.83541 -0.58514 0 0.81093 -0.60461 0 0.79652 -0.64538 0 0.76386 0.44717 0 0.89445 0.42768 0 0.90393 0.40114 0 0.91602 0.34246 0 0.93953 0.25387 0 0.96724 0.19466 0 0.98087 0.10589 0 0.99438 0.09115 0 0.99584 0.05708 0 0.99837 0.86543 0 0.50102 0.85328 0 0.52145 0.83755 0 0.54636 0.79832 0 0.60223 0.73694 0 0.67596 0.68897 0 0.72479 0.6151 0 0.78845 0.6019 0 0.79857 0.5718 0 0.82039 0.99905 0 0.04347 0.99802 0 0.06291 0.99642 0 0.08453 0.99038 0 0.13836 0.97798 0 0.20871 0.96468 0 0.26342 0.94129 0 0.33759 0.9365 0 0.35068 0.92551 0 0.37873 0.92028 0 -0.39127 0.92749 0 -0.37385 0.93708 0 -0.3491 0.95495 0 -0.29675 0.97628 0 -0.21653 0.98617 0 -0.16572 0.99612 0 -0.08803 0.99715 0 -0.07538 0.99896 0 -0.04557 0.54796 0 -0.83651 0.56798 0 -0.82304 0.59401 0 -0.80446 0.6492 0 -0.76062 0.72389 0 -0.68991 0.76944 0 -0.63872 0.82953 0 -0.55847 0.83869 0 -0.54462 0.85876 0 -0.51237 0.05931 0 -0.99824 0.08001 0 -0.99679 0.10567 0 -0.9944 0.16443 0 -0.98639 0.2459 0 -0.9693 0.3027 0 -0.95308 0.38218 0 -0.92409 0.3955 0 -0.91847 0.42508 0 -0.90515 -0.45636 -0 -0.8898 -0.43656 -0 -0.89968 -0.40928 -0 -0.91241 -0.34933 -0 -0.937 -0.25814 -0 -0.96611 -0.19781 -0 -0.98024 -0.10693 -0 -0.99427 -0.09191 -0 -0.99577 -0.05708 -0 -0.99837 -0.86789 -0 -0.49675 -0.85604 -0 -0.5169 -0.8405 -0 -0.54181 -0.80214 -0 -0.59713 -0.74168 -0 -0.67075 -0.69508 -0 -0.71893 -0.6229 -0 -0.7823 -0.61007 -0 -0.79235 -0.58066 -0 -0.81415 -0.99849 -0 -0.05486 -0.9973 -0 -0.0735 -0.9953 -0 -0.09684 -0.98872 -0 -0.14975 -0.97468 -0 -0.22359 -0.96154 -0 -0.27466 -0.93791 -0 -0.34688 -0.93334 -0 -0.359 -0.92245 -0 -0.38613 -0 -1 -0 0 1 0</float_array>
          <technique_common>
            <accessor source="#norm_5-array" count="627" stride="3">
              <param name="X" type="float"/>
              <param name="Y" type="float"/>
              <param name="Z" type="float"/>
            </accessor>
          </technique_common>
        </source>
        <source id="uvs_5">
          <float_array id="uvs_5-array" count="0"></float_array>
          <technique_common>
            <accessor source="#uvs_5-array" count="0" stride="2">
              <param name="S" type="float"/>
              <param name="T" type="float"/>
            </accessor>
          </technique_common>
        </source>
        <vertices id="vert_5">
          <input semantic="POSITION" source="#pos_5"/>
        </vertices>
        <triangles count="748" material="mat_3">
          <input semantic="VERTEX" source="#vert_5" offset="0"/>
          <input semantic="NORMAL" source="#norm_5" offset="1"/>
          <p>0 0 1 0 2 1 2 1 1 0 3 2 2 1 3 2 4 3 4 3 3 2 5 4 4 3 5 4 6 5 6 5 5 4 7 6 6 5 7 6 8 7 8 7 7 6 9 8 8 7 9 8 10 9 10 9 9 8 11 10 10 9 11 10 12 11 12 11 13 11 10 9 10 9 13 11 14 9 10 9 14 9 15 7 15 7 14 9 16 8 15 7 16 8 17 6 13 11 18 10 14 9 14 9 18 10 16 8 15 7 17 6 19 5 19 5 17 6 20 4 19 5 20 4 21 3 21 3 20 4 22 2 21 3 22 2 23 1 23 1 22 2 0 0 23 1 0 0 2 1 10 9 15 7 8 7 8 7 15 7 19 5 8 7 19 5 6 5 6 5 19 5 21 3 6 5 21 3 4 3 4 3 21 3 23 1 4 3 23 1 2 1 24 12 25 12 26 13 26 13 25 12 27 14 26 13 27 14 28 15 28 15 27 14 29 16 28 15 29 16 30 17 30 17 29 16 31 18 30 17 31 18 32 19 32 19 31 18 33 20 32 19 33 20 34 21 32 19 34 21 35 22 35 22 34 21 1 23 35 22 1 23 0 23 35 22 0 23 36 22 36 22 0 23 37 21 36 22 37 21 38 20 36 22 38 20 39 19 39 19 38 20 40 18 39 19 40 18 41 17 41 17 40 18 42 16 41 17 42 16 43 15 43 15 42 16 44 14 43 15 44 14 45 13 45 13 44 14 24 12 45 13 24 12 26 13 36 22 39 19 35 22 35 22 39 19 32 19 39 19 41 17 32 19 32 19 41 17 30 17 45 13 26 13 28 15 41 17 43 15 30 17 30 17 43 15 28 15 43 15 45 13 28 15 46 24 47 24 48 25 48 25 47 24 49 26 48 25 49 26 50 27 50 27 49 26 51 28 50 27 51 28 52 29 52 29 51 28 53 30 52 29 53 30 54 31 54 31 53 30 55 32 54 31 55 32 56 33 56 33 55 32 57 34 56 33 57 34 25 35 25 35 24 35 56 33 56 33 24 35 58 33 56 33 58 33 59 31 59 31 58 33 60 32 59 31 60 32 61 30 24 35 62 34 58 33 58 33 62 34 60 32 59 31 61 30 63 29 63 29 61 30 64 28 63 29 64 28 65 27 65 27 64 28 66 26 65 27 66 26 67 25 67 25 66 26 46 24 67 25 46 24 48 25 56 33 59 31 54 31 54 31 59 31 63 29 54 31 63 29 52 29 52 29 63 29 65 27 52 29 65 27 50 27 50 27 65 27 67 25 50 27 67 25 48 25 68 36 69 36 70 37 70 37 69 36 71 38 70 37 71 38 72 39 72 39 71 38 73 40 72 39 73 40 74 41 74 41 73 40 75 42 74 41 75 42 76 43 76 43 75 42 77 44 76 43 77 44 78 45 76 43 78 45 79 46 79 46 78 45 47 47 79 46 47 47 46 47 79 46 46 47 80 46 80 46 46 47 81 45 80 46 81 45 82 43 82 43 81 45 83 44 82 43 83 44 84 42 82 43 84 42 85 41 85 41 84 42 86 40 85 41 86 40 87 39 87 39 86 40 88 38 87 39 88 38 89 37 89 37 88 38 68 36 89 37 68 36 70 37 80 46 82 43 79 46 79 46 82 43 76 43 82 43 85 41 76 43 76 43 85 41 74 41 89 37 70 37 72 39 85 41 87 39 74 41 74 41 87 39 72 39 87 39 89 37 72 39 90 48 91 48 92 49 92 49 91 48 93 50 92 49 93 50 94 51 94 51 93 50 95 52 94 51 95 52 96 53 96 53 95 52 97 54 96 53 97 54 69 55 68 55 98 54 69 55 69 55 98 54 96 53 96 53 98 54 99 53 99 53 98 54 100 52 99 53 100 52 101 51 101 51 100 52 102 50 101 51 102 50 103 49 103 49 102 50 90 48 103 49 90 48 92 49 103 49 92 49 94 51 99 53 101 51 96 53 96 53 101 51 94 51 101 51 103 49 94 51 104 56 105 56 106 57 106 57 105 56 107 58 106 57 107 58 108 59 108 59 107 58 109 60 108 59 109 60 110 61 110 61 109 60 111 62 110 61 111 62 112 63 112 63 111 62 91 64 112 63 91 64 90 64 112 63 90 64 113 63 113 63 90 64 114 62 113 63 114 62 115 61 115 61 114 62 116 60 115 61 116 60 117 59 117 59 116 60 118 58 117 59 118 58 119 57 119 57 118 58 104 56 119 57 104 56 106 57 113 63 115 61 112 63 112 63 115 61 110 61 119 57 106 57 108 59 115 61 117 59 110 61 110 61 117 59 108 59 117 59 119 57 108 59 120 65 121 65 122 66 122 66 121 65 123 67 122 66 123 67 124 68 124 68 123 67 125 69 124 68 125 69 126 70 126 70 125 69 127 71 126 70 127 71 128 72 128 72 127 71 105 73 128 72 105 73 104 73 128 72 104 73 129 72 129 72 104 73 130 71 129 72 130 71 131 70 131 70 130 71 132 69 131 70 132 69 133 68 133 68 132 69 134 67 133 68 134 67 135 66 135 66 134 67 120 65 135 66 120 65 122 66 129 72 131 70 128 72 128 72 131 70 126 70 135 66 122 66 124 68 131 70 133 68 126 70 126 70 133 68 124 68 133 68 135 66 124 68 136 74 137 74 138 75 138 75 137 74 139 76 138 75 139 76 140 77 140 77 139 76 141 78 140 77 141 78 142 79 142 79 141 78 143 80 142 79 143 80 144 81 144 81 143 80 145 82 144 81 145 82 146 83 146 83 145 82 147 84 146 83 147 84 121 85 121 85 120 85 146 83 146 83 120 85 148 83 146 83 148 83 149 81 149 81 148 83 150 82 149 81 150 82 151 80 120 85 152 84 148 83 148 83 152 84 150 82 149 81 151 80 153 79 153 79 151 80 154 78 153 79 154 78 155 77 155 77 154 78 156 76 155 77 156 76 157 75 157 75 156 76 136 74 157 75 136 74 138 75 146 83 149 81 144 81 144 81 149 81 153 79 144 81 153 79 142 79 142 79 153 79 155 77 142 79 155 77 140 77 140 77 155 77 157 75 140 77 157 75 138 75 13 86 12 86 158 87 158 87 12 86 159 88 158 87 159 88 160 89 160 89 159 88 161 90 160 89 161 90 162 91 163 92 164 93 162 91 162 91 164 93 165 94 162 91 165 94 160 89 160 89 165 94 166 89 160 89 166 89 167 87 167 87 166 89 168 88 167 87 168 88 13 86 164 93 163 92 169 95 169 95 163 92 170 96 169 95 170 96 171 97 171 97 170 96 137 98 171 97 137 98 136 98 171 97 136 98 172 97 172 97 136 98 173 96 172 97 173 96 174 95 174 95 173 96 175 92 174 95 175 92 176 93 176 93 175 92 177 91 176 93 177 91 178 94 178 94 177 91 166 89 178 94 166 89 165 94 177 91 179 90 166 89 166 89 179 90 168 88 167 87 13 86 158 87 172 97 174 95 171 97 171 97 174 95 169 95 178 94 165 94 164 93 174 95 176 93 169 95 169 95 176 93 164 93 176 93 178 94 164 93 167 87 158 87 160 89 180 99 181 99 182 100 182 100 181 99 183 101 182 100 183 101 184 102 184 102 183 101 185 103 184 102 185 103 186 104 186 104 185 103 187 105 186 104 187 105 188 104 188 104 187 105 189 105 188 104 189 105 190 103 190 103 189 105 191 106 191 106 189 105 192 107 191 106 192 107 193 108 193 108 192 107 194 109 193 108 194 109 195 110 195 110 194 109 196 111 195 110 196 111 197 112 197 112 196 111 198 111 197 112 198 111 199 112 199 112 198 111 200 110 200 110 198 111 201 109 200 110 201 109 202 108 202 108 201 109 203 107 202 108 203 107 204 106 204 106 203 107 187 105 204 106 187 105 185 103 188 104 190 103 205 102 205 102 190 103 206 101 205 102 206 101 207 100 207 100 206 101 180 99 207 100 180 99 182 100 196 111 194 109 198 111 198 111 194 109 201 109 189 105 187 105 203 107 194 109 192 107 201 109 201 109 192 107 203 107 192 107 189 105 203 107 207 100 182 100 184 102 188 104 205 102 186 104 186 104 205 102 184 102 205 102 207 100 184 102 208 113 209 113 210 114 210 114 209 113 211 115 210 114 211 115 212 116 212 116 211 115 213 117 212 116 213 117 214 118 214 118 213 117 215 119 214 118 215 119 216 120 216 120 215 119 217 121 216 120 217 121 218 122 218 122 217 121 219 123 218 122 219 123 220 124 220 124 219 123 181 125 220 124 181 125 180 125 220 124 180 125 221 124 221 124 180 125 222 123 221 124 222 123 223 122 223 122 222 123 224 121 223 122 224 121 225 120 225 120 224 121 226 119 225 120 226 119 227 118 227 118 226 119 228 117 227 118 228 117 229 116 229 116 228 117 230 115 229 116 230 115 231 114 231 114 230 115 208 113 231 114 208 113 210 114 221 124 223 122 220 124 220 124 223 122 218 122 223 122 225 120 218 122 218 122 225 120 216 120 225 120 227 118 216 120 216 120 227 118 214 118 231 114 210 114 212 116 227 118 229 116 214 118 214 118 229 116 212 116 229 116 231 114 212 116 232 126 233 126 234 127 234 127 233 126 235 128 234 127 235 128 236 129 236 129 235 128 237 130 236 129 237 130 238 131 238 131 237 130 239 132 238 131 239 132 240 133 240 133 239 132 209 134 240 133 209 134 208 134 240 133 208 134 241 133 241 133 208 134 242 132 241 133 242 132 243 131 243 131 242 132 244 130 243 131 244 130 245 129 245 129 244 130 246 128 245 129 246 128 247 127 247 127 246 128 232 126 247 127 232 126 234 127 241 133 243 131 240 133 240 133 243 131 238 131 247 127 234 127 236 129 243 131 245 129 238 131 238 131 245 129 236 129 245 129 247 127 236 129 248 135 249 135 250 136 250 136 249 135 251 137 250 136 251 137 252 138 252 138 251 137 253 139 252 138 253 139 254 140 254 140 253 139 255 141 254 140 255 141 256 142 256 142 255 141 233 143 256 142 233 143 232 143 256 142 232 143 257 142 257 142 232 143 258 141 257 142 258 141 259 140 259 140 258 141 260 139 259 140 260 139 261 138 261 138 260 139 262 137 261 138 262 137 263 136 263 136 262 137 248 135 263 136 248 135 250 136 257 142 259 140 256 142 256 142 259 140 254 140 263 136 250 136 252 138 259 140 261 138 254 140 254 140 261 138 252 138 261 138 263 136 252 138 264 144 265 144 266 145 266 145 265 144 267 146 266 145 267 146 268 147 268 147 267 146 269 148 268 147 269 148 270 149 270 149 269 148 271 150 270 149 271 150 272 151 272 151 271 150 249 152 272 151 249 152 248 152 272 151 248 152 273 151 273 151 248 152 274 150 273 151 274 150 275 149 275 149 274 150 276 148 275 149 276 148 277 147 277 147 276 148 278 146 277 147 278 146 279 145 279 145 278 146 264 144 279 145 264 144 266 145 273 151 275 149 272 151 272 151 275 149 270 149 279 145 266 145 268 147 275 149 277 147 270 149 270 149 277 147 268 147 277 147 279 145 268 147 280 153 281 153 282 154 282 154 281 153 283 155 282 154 283 155 284 156 284 156 283 155 285 157 284 156 285 157 286 158 286 158 285 157 287 159 286 158 287 159 288 160 288 160 287 159 265 161 288 160 265 161 264 161 288 160 264 161 289 160 289 160 264 161 290 159 289 160 290 159 291 158 291 158 290 159 292 157 291 158 292 157 293 156 293 156 292 157 294 155 293 156 294 155 295 154 295 154 294 155 280 153 295 154 280 153 282 154 289 160 291 158 288 160 288 160 291 158 286 158 295 154 282 154 284 156 291 158 293 156 286 158 286 158 293 156 284 156 293 156 295 154 284 156 296 162 297 162 298 163 298 163 297 162 299 164 298 163 299 164 300 165 300 165 299 164 301 166 300 165 301 166 302 167 302 167 301 166 303 168 302 167 303 168 304 169 304 169 303 168 281 170 304 169 281 170 280 170 304 169 280 170 305 169 305 169 280 170 306 168 305 169 306 168 307 167 307 167 306 168 308 166 307 167 308 166 309 165 309 165 308 166 310 164 309 165 310 164 311 163 311 163 310 164 296 162 311 163 296 162 298 163 305 169 307 167 304 169 304 169 307 167 302 167 311 163 298 163 300 165 307 167 309 165 302 167 302 167 309 165 300 165 309 165 311 163 300 165 312 171 313 171 314 172 314 172 313 171 315 173 314 172 315 173 316 174 316 174 315 173 317 175 316 174 317 175 318 176 318 176 317 175 319 177 318 176 319 177 320 178 320 178 319 177 297 179 320 178 297 179 296 179 320 178 296 179 321 178 321 178 296 179 322 177 321 178 322 177 323 176 323 176 322 177 324 175 323 176 324 175 325 174 325 174 324 175 326 173 325 174 326 173 327 172 327 172 326 173 312 171 327 172 312 171 314 172 321 178 323 176 320 178 320 178 323 176 318 176 327 172 314 172 316 174 323 176 325 174 318 176 318 176 325 174 316 174 325 174 327 172 316 174 328 180 329 180 330 181 330 181 329 180 331 182 330 181 331 182 332 183 332 183 331 182 333 184 332 183 333 184 334 185 334 185 333 184 335 186 334 185 335 186 336 187 336 187 335 186 313 188 336 187 313 188 312 188 336 187 312 188 337 187 337 187 312 188 338 186 337 187 338 186 339 185 339 185 338 186 340 184 339 185 340 184 341 183 341 183 340 184 342 182 341 183 342 182 343 181 343 181 342 182 328 180 343 181 328 180 330 181 337 187 339 185 336 187 336 187 339 185 334 185 343 181 330 181 332 183 339 185 341 183 334 185 334 185 341 183 332 183 341 183 343 181 332 183 344 189 345 189 346 190 346 190 345 189 347 191 346 190 347 191 348 192 348 192 347 191 349 193 348 192 349 193 350 194 350 194 349 193 351 195 350 194 351 195 352 196 352 196 351 195 329 197 352 196 329 197 328 197 352 196 328 197 353 196 353 196 328 197 354 195 353 196 354 195 355 194 355 194 354 195 356 193 355 194 356 193 357 192 357 192 356 193 358 191 357 192 358 191 359 190 359 190 358 191 344 189 359 190 344 189 346 190 353 196 355 194 352 196 352 196 355 194 350 194 359 190 346 190 348 192 355 194 357 192 350 194 350 194 357 192 348 192 357 192 359 190 348 192 197 198 199 198 360 199 360 199 199 198 361 200 360 199 361 200 362 201 362 201 361 200 363 202 362 201 363 202 364 203 364 203 363 202 365 204 364 203 365 204 366 205 366 205 365 204 345 206 366 205 345 206 344 206 366 205 344 206 367 205 367 205 344 206 368 204 367 205 368 204 369 203 369 203 368 204 370 202 369 203 370 202 371 201 371 201 370 202 372 200 371 201 372 200 373 199 373 199 372 200 197 198 373 199 197 198 360 199 367 205 369 203 366 205 366 205 369 203 364 203 373 199 360 199 362 201 369 203 371 201 364 203 364 203 371 201 362 201 371 201 373 199 362 201 372 207 13 207 197 207 197 207 13 207 168 207 197 207 168 207 195 207 195 207 168 207 179 207 195 207 179 207 193 207 193 207 179 207 191 207 191 207 179 207 177 207 191 207 177 207 190 207 190 207 177 207 175 207 190 207 175 207 206 207 206 207 175 207 173 207 206 207 173 207 180 207 180 207 173 207 136 207 180 207 136 207 222 207 222 207 136 207 156 207 222 207 156 207 224 207 224 207 156 207 154 207 224 207 154 207 226 207 226 207 154 207 151 207 226 207 151 207 228 207 228 207 151 207 150 207 228 207 150 207 230 207 230 207 150 207 152 207 230 207 152 207 208 207 208 207 152 207 120 207 208 207 120 207 134 207 13 207 372 207 18 207 18 207 372 207 370 207 18 207 370 207 16 207 16 207 370 207 368 207 16 207 368 207 17 207 17 207 368 207 344 207 17 207 344 207 20 207 20 207 344 207 358 207 20 207 358 207 22 207 22 207 358 207 356 207 22 207 356 207 0 207 0 207 356 207 354 207 0 207 354 207 37 207 37 207 354 207 328 207 37 207 328 207 38 207 38 207 328 207 342 207 38 207 342 207 40 207 40 207 342 207 340 207 40 207 340 207 42 207 42 207 340 207 44 207 44 207 340 207 338 207 44 207 338 207 24 207 24 207 338 207 312 207 24 207 312 207 326 207 24 207 326 207 62 207 62 207 326 207 324 207 62 207 324 207 60 207 60 207 324 207 61 207 61 207 324 207 322 207 61 207 322 207 64 207 64 207 322 207 296 207 64 207 296 207 66 207 66 207 296 207 310 207 66 207 310 207 46 207 46 207 310 207 308 207 46 207 308 207 306 207 46 207 306 207 81 207 81 207 306 207 280 207 81 207 280 207 83 207 83 207 280 207 294 207 83 207 294 207 84 207 84 207 294 207 86 207 86 207 294 207 292 207 86 207 292 207 88 207 88 207 292 207 290 207 88 207 290 207 68 207 68 207 290 207 264 207 68 207 264 207 278 207 276 207 100 207 278 207 278 207 100 207 98 207 278 207 98 207 68 207 276 207 274 207 100 207 100 207 274 207 102 207 102 207 274 207 248 207 102 207 248 207 90 207 90 207 248 207 262 207 90 207 262 207 114 207 114 207 262 207 260 207 114 207 260 207 116 207 116 207 260 207 258 207 116 207 258 207 118 207 118 207 258 207 232 207 118 207 232 207 104 207 104 207 232 207 246 207 104 207 246 207 130 207 130 207 246 207 244 207 130 207 244 207 132 207 132 207 244 207 242 207 132 207 242 207 134 207 134 207 242 207 208 207 365 208 7 208 345 208 345 208 7 208 5 208 345 208 5 208 347 208 347 208 5 208 3 208 347 208 3 208 349 208 349 208 3 208 1 208 349 208 1 208 351 208 351 208 1 208 34 208 351 208 34 208 329 208 329 208 34 208 33 208 329 208 33 208 331 208 331 208 33 208 31 208 331 208 31 208 333 208 333 208 31 208 29 208 333 208 29 208 27 208 7 208 365 208 9 208 9 208 365 208 363 208 9 208 363 208 11 208 11 208 363 208 361 208 11 208 361 208 12 208 12 208 361 208 199 208 12 208 199 208 159 208 159 208 199 208 200 208 159 208 200 208 161 208 161 208 200 208 202 208 161 208 202 208 204 208 161 208 204 208 162 208 162 208 204 208 185 208 162 208 185 208 163 208 163 208 185 208 183 208 163 208 183 208 170 208 170 208 183 208 181 208 170 208 181 208 137 208 137 208 181 208 219 208 137 208 219 208 139 208 139 208 219 208 217 208 139 208 217 208 141 208 141 208 217 208 215 208 141 208 215 208 143 208 143 208 215 208 213 208 143 208 213 208 145 208 145 208 213 208 211 208 145 208 211 208 147 208 147 208 211 208 209 208 147 208 209 208 121 208 121 208 209 208 123 208 123 208 209 208 239 208 123 208 239 208 125 208 125 208 239 208 237 208 125 208 237 208 127 208 127 208 237 208 235 208 127 208 235 208 105 208 105 208 235 208 233 208 105 208 233 208 107 208 107 208 233 208 255 208 107 208 255 208 109 208 109 208 255 208 253 208 109 208 253 208 111 208 111 208 253 208 251 208 111 208 251 208 91 208 91 208 251 208 249 208 91 208 249 208 93 208 93 208 249 208 271 208 93 208 271 208 95 208 95 208 271 208 269 208 95 208 269 208 267 208 265 208 69 208 267 208 267 208 69 208 97 208 267 208 97 208 95 208 265 208 287 208 69 208 69 208 287 208 71 208 71 208 287 208 285 208 71 208 285 208 73 208 73 208 285 208 283 208 73 208 283 208 75 208 75 208 283 208 77 208 77 208 283 208 281 208 77 208 281 208 78 208 78 208 281 208 303 208 78 208 303 208 47 208 47 208 303 208 301 208 47 208 301 208 299 208 47 208 299 208 49 208 49 208 299 208 297 208 49 208 297 208 51 208 51 208 297 208 319 208 51 208 319 208 53 208 53 208 319 208 317 208 53 208 317 208 55 208 55 208 317 208 57 208 57 208 317 208 315 208 57 208 315 208 25 208 25 208 315 208 313 208 25 208 313 208 335 208 25 208 335 208 27 208 27 208 335 208 333 208</p>
        </triangles>
      </mesh>
    </geometry>
    <geometry id="geometry_257ea555_643a_4e95_a45a_b5d0c735cecd">
      <mesh>
        <source id="pos_6">
          <float_array id="pos_6-array" count="606">-14.95020485 -20.43050957 180.67607117 -14.95020485 -18.43050957 180.67607117 -16.24283791 -19.43050957 180.67607117 -17.53547096 -18.43050957 180.67607117 -17.53547096 -20.43050957 180.67607117 -13.12892342 -20.43050957 181.15356445 -13.12892342 -18.43050957 181.15356445 -13.36556625 -19.43050957 181.01724243 -13.55091476 -18.43050957 180.9198761 -13.73441505 -19.43050957 180.83827209 -13.76837063 -18.43050957 180.82519531 -13.9934063 -18.43050957 180.75650024 -14.12374592 -19.43050957 180.72955322 -14.46422863 -18.43050957 180.69029236 -14.53217316 -19.43050957 180.68634033 -14.53217316 -19.93050957 180.68634033 -14.46422863 -20.43050957 180.69029236 -14.12374592 -19.93050957 180.72955322 -13.9934063 -20.43050957 180.75650024 -13.73441505 -19.93050957 180.83827209 -13.76837063 -20.43050957 180.82519531 -13.55091476 -20.43050957 180.9198761 -13.36556625 -19.93050957 181.01724243 -12.59004402 -20.43050957 182.49736023 -12.59004402 -18.43050957 182.49736023 -12.61043072 -19.43050957 182.2308197 -12.62359047 -18.43050957 182.1194458 -12.65924549 -19.43050957 181.92799377 -12.71033669 -18.43050957 181.76359558 -12.76299 -19.43050957 181.64794922 -12.8900795 -18.43050957 181.44633484 -12.92938519 -19.43050957 181.39387512 -12.92938519 -19.93050957 181.39387512 -12.8900795 -20.43050957 181.44633484 -12.76299 -19.93050957 181.64794922 -12.71033669 -20.43050957 181.76359558 -12.65924549 -19.93050957 181.92799377 -12.62359047 -20.43050957 182.1194458 -12.61043072 -19.93050957 182.2308197 -12.90722847 -20.43050957 183.57171631 -12.90722847 -18.43050957 183.57171631 -12.81621552 -19.43050957 183.41125488 -12.76879883 -18.43050957 183.32095337 -12.71189117 -19.43050957 183.19718933 -12.66351223 -18.43050957 183.06019592 -12.64152336 -19.43050957 182.97288513 -12.61136818 -18.43050957 182.78343201 -12.61136818 -20.43050957 182.78343201 -12.64152336 -19.93050957 182.97288513 -12.66351223 -20.43050957 183.06019592 -12.71189117 -19.93050957 183.19718933 -12.76879883 -20.43050957 183.32095337 -12.81621552 -19.93050957 183.41125488 -13.74283791 -20.43050957 184.16175842 -13.74283791 -18.43050957 184.16175842 -13.57911396 -19.43050957 184.09960938 -13.49784184 -18.43050957 184.06546021 -13.38209343 -19.43050957 184.00886536 -13.2726059 -18.43050957 183.94111633 -13.20540237 -19.43050957 183.88925171 -13.08013725 -18.43050957 183.77029419 -13.08013725 -20.43050957 183.77029419 -13.20540237 -19.93050957 183.88925171 -13.2726059 -20.43050957 183.94111633 -13.38209343 -19.93050957 184.00886536 -13.49784184 -20.43050957 184.06546021 -13.57911396 -19.93050957 184.09960938 -14.97748756 -20.43050957 184.25042725 -14.97748756 -18.43050957 184.25042725 -14.72390175 -19.43050957 184.25056458 -14.66699219 -18.43050957 184.25001526 -14.35737038 -18.43050957 184.23924255 -14.23140526 -19.43050957 184.22947693 -14.04943085 -18.43050957 184.20848083 -14.04943085 -20.43050957 184.20848083 -14.23140526 -19.93050957 184.22947693 -14.35737038 -20.43050957 184.23924255 -14.72390175 -19.93050957 184.25056458 -14.66699219 -20.43050957 184.25001526 -17.53547096 -20.43050957 184.25042725 -17.53547096 -18.43050957 184.25042725 -16.25647926 -19.43050957 184.25042725 -17.53547096 -19.43050957 182.46325684 -18.85879898 -20.43050957 185.43051147 -18.85879898 -18.43050957 185.43051147 -18.85879898 -19.43050957 180.43051147 -18.85879898 -18.43050957 175.43051147 -18.85879898 -20.43050957 175.43051147 -15.08663368 -20.43050957 185.43051147 -15.08663368 -18.43050957 185.43051147 -16.97271729 -19.43050957 185.43051147 -13.565485 -20.43050957 185.33500671 -13.565485 -18.43050957 185.33500671 -13.77954865 -19.43050957 185.36227417 -13.94419861 -18.43050957 185.38163757 -14.4314785 -19.43050957 185.41970825 -14.32387733 -18.43050957 185.41430664 -14.70489693 -18.43050957 185.42759705 -14.70489693 -20.43050957 185.42759705 -14.4314785 -19.93050957 185.41970825 -14.32387733 -20.43050957 185.41430664 -13.94419861 -20.43050957 185.38163757 -13.77954865 -19.93050957 185.36227417 -12.33083534 -20.43050957 184.86775208 -12.33083534 -18.43050957 184.86775208 -12.51322651 -19.43050957 184.97315979 -12.6211462 -18.43050957 185.03219604 -12.76142883 -19.43050957 185.10218811 -12.92188454 -18.43050957 185.16957092 -13.02028465 -19.43050957 185.2035675 -13.23900509 -18.43050957 185.26443481 -13.23900509 -20.43050957 185.26443481 -13.02028465 -19.93050957 185.2035675 -12.92188454 -20.43050957 185.16957092 -12.76142883 -19.93050957 185.10218811 -12.6211462 -20.43050957 185.03219604 -12.51322651 -19.93050957 184.97315979 -11.5293293 -20.43050957 183.90254211 -11.5293293 -18.43050957 183.90254211 -11.63679218 -19.43050957 184.09474182 -11.68711185 -18.43050957 184.17953491 -11.77620029 -19.43050957 184.3165741 -11.86756706 -18.43050957 184.43754578 -11.93900394 -19.43050957 184.51879883 -12.0870533 -18.43050957 184.66282654 -12.0870533 -20.43050957 184.66282654 -11.93900394 -19.93050957 184.51879883 -11.86756706 -20.43050957 184.43754578 -11.77620029 -19.93050957 184.3165741 -11.68711185 -20.43050957 184.17953491 -11.63679218 -19.93050957 184.09474182 -11.22578621 -20.43050957 182.5382843 -11.22578621 -18.43050957 182.5382843 -11.23895836 -19.43050957 182.77862549 -11.24777794 -18.43050957 182.89146423 -11.2683115 -19.43050957 183.06932068 -11.29876804 -18.43050957 183.23812866 -11.32756233 -19.43050957 183.353302 -11.39898682 -18.43050957 183.57371521 -11.39898682 -20.43050957 183.57371521 -11.32756233 -19.93050957 183.353302 -11.29876804 -20.43050957 183.23812866 -11.2683115 -19.93050957 183.06932068 -11.24777794 -20.43050957 182.89146423 -11.23895836 -19.93050957 182.77862549 -12.03751564 -20.43050957 180.37934875 -12.03751564 -18.43050957 180.37934875 -11.80453873 -19.43050957 180.69506836 -11.68961334 -18.43050957 180.86402893 -11.54299736 -19.43050957 181.11149597 -11.54068565 -18.43050957 181.11587524 -11.4406147 -19.43050957 181.33049011 -11.4217844 -18.43050957 181.37911987 -11.36371708 -19.43050957 181.55917358 -11.33892441 -18.43050957 181.65605164 -11.27212811 -19.43050957 182.04013062 -11.28508854 -18.43050957 181.94400024 -11.27212811 -19.93050957 182.04013062 -11.36371708 -19.93050957 181.55917358 -11.33892441 -20.43050957 181.65605164 -11.4217844 -20.43050957 181.37911987 -11.28508854 -20.43050957 181.94400024 -11.4406147 -19.93050957 181.33049011 -11.54068565 -20.43050957 181.11587524 -11.54299736 -19.93050957 181.11149597 -11.68961334 -20.43050957 180.86402893 -11.80453873 -19.93050957 180.69506836 -14.97066689 -20.43050957 179.49598694 -14.97066689 -18.43050957 179.49598694 -14.35283566 -19.43050957 179.51066589 -14.17165565 -18.43050957 179.52153015 -13.72227573 -19.43050957 179.5741272 -13.7822876 -18.43050957 179.56443787 -13.40508556 -18.43050957 179.64347839 -13.04402161 -18.43050957 179.77047729 -13.12507534 -19.43050957 179.73670959 -13.41844082 -19.43050957 179.63986206 -13.72227573 -19.93050957 179.5741272 -14.35283566 -19.93050957 179.51066589 -14.17165565 -20.43050957 179.52153015 -12.84294605 -19.43050957 179.86694336 -12.69924927 -18.43050957 179.94589233 -12.56959343 -19.43050957 180.02325439 -12.56959343 -19.93050957 180.02325439 -12.69924927 -20.43050957 179.94589233 -12.84294605 -19.93050957 179.86694336 -13.04402161 -20.43050957 179.77047729 -13.12507534 -19.93050957 179.73670959 -13.40508556 -20.43050957 179.64347839 -13.41844082 -19.93050957 179.63986206 -13.7822876 -20.43050957 179.56443787 -17.53547096 -20.43050957 179.49598694 -17.53547096 -18.43050957 179.49598694 -16.25306892 -19.43050957 179.49598694 -17.53547096 -20.43050957 175.43051147 -17.53547096 -18.43050957 175.43051147 -17.53547096 -19.43050957 177.46325684 -18.19713593 -19.43050957 175.43051147 -15.04229259 -20.43050957 180.43051147 -15.04229259 -18.43050957 180.43051147 -15.04229259 -18.43050957 184.33273315 -15.04229259 -18.43050957 179.5149231</float_array>
          <technique_common>
            <accessor source="#pos_6-array" count="606" stride="3">
              <param name="X" type="float"/>
              <param name="Y" type="float"/>
              <param name="Z" type="float"/>
            </accessor>
          </technique_common>
        </source>
        <source id="norm_6">
          <float_array id="norm_6-array" count="312">0 0 1 -0.50596 0 0.86256 -0.48546 0 0.87426 -0.43985 0 0.89807 -0.3676 0 0.92998 -0.35122 0 0.93629 -0.23247 0 0.9726 -0.17381 0 0.98478 -0.06546 0 0.99786 -0.05116 0 0.99869 -0.01138 0 0.99994 -0.99791 0 0.06454 -0.99499 0 0.09994 -0.99056 0 0.13708 -0.97161 0 0.23657 -0.93215 0 0.36207 -0.88625 0 0.46321 -0.80839 0 0.58865 -0.79246 0 0.60993 -0.75762 0 0.6527 -0.86581 -0 -0.50037 -0.87772 -0 -0.47918 -0.89395 -0 -0.44816 -0.92408 -0 -0.3822 -0.96061 -0 -0.2779 -0.97722 -0 -0.21223 -0.99382 -0 -0.11097 -0.99842 -0 -0.05619 -0.3462 -0 -0.93816 -0.37209 -0 -0.9282 -0.40512 -0 -0.91426 -0.478 -0 -0.87836 -0.57755 -0 -0.81636 -0.64138 -0 -0.76722 -0.72583 -0 -0.68787 -0.76765 -0 -0.64087 0.00424 0 -0.99999 -0.00689 -0 -0.99998 -0.01246 -0 -0.99992 -0.06272 -0 -0.99803 -0.09287 -0 -0.99568 -0.13322 -0 -0.99109 -0.15938 -0 -0.98722 0 0 -1 1 0 0 -1 -0 -0 0.12832 0 0.99173 0.12246 0 0.99247 0.10997 0 0.99394 0.04325 0 0.99906 0.05756 0 0.99834 0.01671 0 0.99986 0.00311 0 1 0.50525 0 0.86297 0.49045 0 0.87147 0.46761 0 0.88394 0.42199 0 0.9066 0.34876 0 0.93721 0.30553 0 0.95218 0.2364 0 0.97166 0.19875 0 0.98005 0.87633 0 0.48171 0.86568 0 0.5006 0.85337 0 0.5213 0.82028 0 0.57196 0.77206 0 0.63555 0.73039 0 0.68303 0.66827 0 0.74392 0.63091 0 0.77585 0.99883 0 0.04838 0.99772 0 0.06746 0.99596 0 0.08983 0.98969 0 0.14324 0.97659 0 0.2151 0.96335 0 0.26823 0.93988 0 0.34151 0.92425 0 0.38179 0.79877 0 -0.60164 0.81626 0 -0.57769 0.83877 0 -0.54449 0.88353 0 -0.46838 0.8844 0 -0.46673 0.92774 0 -0.37323 0.93716 0 -0.34891 0.96369 0 -0.26701 0.97331 0 -0.22948 0.99231 0 -0.12378 0.98957 0 -0.14408 0.99701 0 -0.07721 0.01178 0 -0.99993 0.04793 0 -0.99885 0.07298 0 -0.99733 0.16718 0 -0.98593 0.15179 0 -0.98841 0.26383 0 -0.96457 0.39927 0 -0.91683 0.36943 0 -0.92926 0.25924 0 -0.96581 0.46274 0 -0.88649 0.49882 0 -0.86671 0.52488 0 -0.85118 0.57134 0 -0.82072 -0 -1 -0 0 1 0</float_array>
          <technique_common>
            <accessor source="#norm_6-array" count="312" stride="3">
              <param name="X" type="float"/>
              <param name="Y" type="float"/>
              <param name="Z" type="float"/>
            </accessor>
          </technique_common>
        </source>
        <source id="uvs_6">
          <float_array id="uvs_6-array" count="0"></float_array>
          <technique_common>
            <accessor source="#uvs_6-array" count="0" stride="2">
              <param name="S" type="float"/>
              <param name="T" type="float"/>
            </accessor>
          </technique_common>
        </source>
        <vertices id="vert_6">
          <input semantic="POSITION" source="#pos_6"/>
        </vertices>
        <triangles count="404" material="mat_4">
          <input semantic="VERTEX" source="#vert_6" offset="0"/>
          <input semantic="NORMAL" source="#norm_6" offset="1"/>
          <p>0 0 1 0 2 0 2 0 1 0 3 0 2 0 3 0 4 0 4 0 0 0 2 0 5 1 6 1 7 2 7 2 6 1 8 3 7 2 8 3 9 4 9 4 8 3 10 5 9 4 10 5 11 6 9 4 11 6 12 7 12 7 11 6 13 8 12 7 13 8 14 9 14 9 13 8 1 10 14 9 1 10 0 10 14 9 0 10 15 9 15 9 0 10 16 8 15 9 16 8 17 7 17 7 16 8 18 6 17 7 18 6 19 4 19 4 18 6 20 5 19 4 20 5 21 3 19 4 21 3 22 2 22 2 21 3 5 1 22 2 5 1 7 2 15 9 17 7 14 9 14 9 17 7 12 7 22 2 7 2 9 4 17 7 19 4 12 7 12 7 19 4 9 4 19 4 22 2 9 4 23 11 24 11 25 12 25 12 24 11 26 13 25 12 26 13 27 14 27 14 26 13 28 15 27 14 28 15 29 16 29 16 28 15 30 17 29 16 30 17 31 18 31 18 30 17 6 19 31 18 6 19 5 19 31 18 5 19 32 18 32 18 5 19 33 17 32 18 33 17 34 16 34 16 33 17 35 15 34 16 35 15 36 14 36 14 35 15 37 13 36 14 37 13 38 12 38 12 37 13 23 11 38 12 23 11 25 12 32 18 34 16 31 18 31 18 34 16 29 16 38 12 25 12 27 14 34 16 36 14 29 16 29 16 36 14 27 14 36 14 38 12 27 14 39 20 40 20 41 21 41 21 40 20 42 22 41 21 42 22 43 23 43 23 42 22 44 24 43 23 44 24 45 25 45 25 44 24 46 26 45 25 46 26 24 27 23 27 47 26 24 27 24 27 47 26 45 25 45 25 47 26 48 25 48 25 47 26 49 24 48 25 49 24 50 23 50 23 49 24 51 22 50 23 51 22 52 21 52 21 51 22 39 20 52 21 39 20 41 21 52 21 41 21 43 23 48 25 50 23 45 25 45 25 50 23 43 23 50 23 52 21 43 23 53 28 54 28 55 29 55 29 54 28 56 30 55 29 56 30 57 31 57 31 56 30 58 32 57 31 58 32 59 33 59 33 58 32 60 34 59 33 60 34 40 35 39 35 61 34 40 35 40 35 61 34 59 33 59 33 61 34 62 33 62 33 61 34 63 32 62 33 63 32 64 31 64 31 63 32 65 30 64 31 65 30 66 29 66 29 65 30 53 28 66 29 53 28 55 29 66 29 55 29 57 31 62 33 64 31 59 33 59 33 64 31 57 31 64 31 66 29 57 31 67 36 68 36 69 37 69 37 68 36 70 38 69 37 70 38 71 39 69 37 71 39 72 40 72 40 71 39 73 41 72 40 73 41 54 42 53 42 74 41 54 42 54 42 74 41 72 40 72 40 74 41 75 40 75 40 74 41 76 39 75 40 76 39 77 37 77 37 76 39 78 38 77 37 78 38 67 36 77 37 67 36 69 37 77 37 69 37 72 40 75 40 77 37 72 40 79 43 80 43 81 43 81 43 80 43 68 43 81 43 68 43 67 43 67 43 79 43 81 43 4 44 3 44 82 44 82 44 3 44 80 44 82 44 80 44 79 44 79 44 4 44 82 44 83 45 84 45 85 45 85 45 84 45 86 45 85 45 86 45 87 45 87 45 83 45 85 45 88 0 89 0 90 0 90 0 89 0 84 0 90 0 84 0 83 0 83 0 88 0 90 0 91 46 92 46 93 47 93 47 92 46 94 48 93 47 94 48 95 49 95 49 94 48 96 50 95 49 96 50 97 51 97 51 89 52 95 49 95 49 89 52 98 51 95 49 98 51 99 49 99 49 98 51 100 50 99 49 100 50 101 48 89 52 88 52 98 51 99 49 101 48 102 47 102 47 101 48 91 46 102 47 91 46 93 47 102 47 93 47 95 49 99 49 102 47 95 49 103 53 104 53 105 54 105 54 104 53 106 55 105 54 106 55 107 56 107 56 106 55 108 57 107 56 108 57 109 58 109 58 108 57 110 59 109 58 110 59 92 60 91 60 111 59 92 60 92 60 111 59 109 58 109 58 111 59 112 58 112 58 111 59 113 57 112 58 113 57 114 56 114 56 113 57 115 55 114 56 115 55 116 54 116 54 115 55 103 53 116 54 103 53 105 54 116 54 105 54 107 56 112 58 114 56 109 58 109 58 114 56 107 56 114 56 116 54 107 56 117 61 118 61 119 62 119 62 118 61 120 63 119 62 120 63 121 64 121 64 120 63 122 65 121 64 122 65 123 66 123 66 122 65 124 67 123 66 124 67 104 68 103 68 125 67 104 68 104 68 125 67 123 66 123 66 125 67 126 66 126 66 125 67 127 65 126 66 127 65 128 64 128 64 127 65 129 63 128 64 129 63 130 62 130 62 129 63 117 61 130 62 117 61 119 62 130 62 119 62 121 64 126 66 128 64 123 66 123 66 128 64 121 64 128 64 130 62 121 64 131 69 132 69 133 70 133 70 132 69 134 71 133 70 134 71 135 72 135 72 134 71 136 73 135 72 136 73 137 74 137 74 136 73 138 75 137 74 138 75 118 76 117 76 139 75 118 76 118 76 139 75 137 74 137 74 139 75 140 74 140 74 139 75 141 73 140 74 141 73 142 72 142 72 141 73 143 71 142 72 143 71 144 70 144 70 143 71 131 69 144 70 131 69 133 70 144 70 133 70 135 72 140 74 142 72 137 74 137 74 142 72 135 72 142 72 144 70 135 72 145 77 146 77 147 78 147 78 146 77 148 79 147 78 148 79 149 80 149 80 148 79 150 81 149 80 150 81 151 82 151 82 150 81 152 83 151 82 152 83 153 84 153 84 152 83 154 85 153 84 154 85 155 86 155 86 154 85 156 87 155 86 156 87 132 88 132 88 131 88 155 86 155 86 131 88 157 86 155 86 157 86 158 84 158 84 157 86 159 85 158 84 159 85 160 83 131 88 161 87 157 86 157 86 161 87 159 85 158 84 160 83 162 82 162 82 160 83 163 81 162 82 163 81 164 80 164 80 163 81 165 79 164 80 165 79 166 78 166 78 165 79 145 77 166 78 145 77 147 78 155 86 158 84 153 84 153 84 158 84 162 82 153 84 162 82 151 82 151 82 162 82 164 80 151 82 164 80 149 80 149 80 164 80 166 78 149 80 166 78 147 78 167 89 168 89 169 90 169 90 168 89 170 91 169 90 170 91 171 92 171 92 170 91 172 93 171 92 172 93 173 94 174 95 175 96 173 94 173 94 175 96 176 97 173 94 176 97 171 92 171 92 176 97 177 92 171 92 177 92 178 90 178 90 177 92 179 91 178 90 179 91 167 89 175 96 174 95 180 98 180 98 174 95 181 99 180 98 181 99 182 100 182 100 181 99 146 101 182 100 146 101 145 101 182 100 145 101 183 100 183 100 145 101 184 99 183 100 184 99 185 98 185 98 184 99 186 95 185 98 186 95 187 96 187 96 186 95 188 94 187 96 188 94 189 97 189 97 188 94 177 92 189 97 177 92 176 97 188 94 190 93 177 92 177 92 190 93 179 91 178 90 167 89 169 90 183 100 185 98 182 100 182 100 185 98 180 98 189 97 176 97 175 96 185 98 187 96 180 98 180 98 187 96 175 96 187 96 189 97 175 96 178 90 169 90 171 92 191 43 192 43 193 43 193 43 192 43 168 43 193 43 168 43 167 43 167 43 191 43 193 43 194 44 195 44 196 44 196 44 195 44 192 44 196 44 192 44 191 44 191 44 194 44 196 44 87 43 86 43 197 43 197 43 86 43 195 43 197 43 195 43 194 43 194 43 87 43 197 43 194 102 191 102 87 102 87 102 191 102 4 102 87 102 4 102 83 102 83 102 4 102 79 102 83 102 79 102 88 102 88 102 79 102 67 102 88 102 67 102 98 102 98 102 67 102 78 102 98 102 78 102 100 102 100 102 78 102 76 102 100 102 76 102 101 102 101 102 76 102 91 102 91 102 76 102 111 102 111 102 76 102 113 102 113 102 76 102 115 102 115 102 76 102 74 102 115 102 74 102 53 102 4 102 191 102 198 102 198 102 191 102 167 102 198 102 167 102 179 102 190 102 18 102 179 102 179 102 18 102 16 102 179 102 16 102 198 102 198 102 16 102 0 102 198 102 0 102 4 102 18 102 190 102 20 102 20 102 190 102 188 102 20 102 188 102 21 102 21 102 188 102 186 102 21 102 186 102 5 102 5 102 186 102 184 102 5 102 184 102 33 102 33 102 184 102 145 102 33 102 145 102 35 102 35 102 145 102 165 102 35 102 165 102 163 102 35 102 163 102 37 102 37 102 163 102 160 102 37 102 160 102 159 102 159 102 161 102 37 102 37 102 161 102 23 102 23 102 161 102 131 102 23 102 131 102 143 102 23 102 143 102 47 102 47 102 143 102 141 102 47 102 141 102 139 102 47 102 139 102 49 102 49 102 139 102 117 102 49 102 117 102 129 102 49 102 129 102 51 102 51 102 129 102 127 102 51 102 127 102 39 102 39 102 127 102 125 102 39 102 125 102 103 102 115 102 65 102 103 102 103 102 65 102 63 102 103 102 63 102 61 102 53 102 65 102 115 102 61 102 39 102 103 102 195 103 86 103 192 103 192 103 86 103 3 103 192 103 3 103 199 103 199 103 3 103 1 103 199 103 1 103 13 103 86 103 84 103 3 103 3 103 84 103 80 103 80 103 84 103 89 103 80 103 89 103 200 103 200 103 89 103 97 103 200 103 97 103 70 103 70 103 97 103 96 103 70 103 96 103 71 103 71 103 96 103 73 103 73 103 96 103 94 103 73 103 94 103 92 103 92 103 110 103 73 103 73 103 110 103 108 103 73 103 108 103 106 103 73 103 106 103 54 103 54 103 106 103 104 103 54 103 104 103 56 103 56 103 104 103 58 103 58 103 104 103 60 103 60 103 104 103 40 103 40 103 104 103 124 103 40 103 124 103 122 103 40 103 122 103 42 103 42 103 122 103 120 103 42 103 120 103 44 103 44 103 120 103 118 103 44 103 118 103 138 103 44 103 138 103 46 103 46 103 138 103 136 103 46 103 136 103 134 103 46 103 134 103 24 103 24 103 134 103 132 103 24 103 132 103 156 103 24 103 156 103 26 103 26 103 156 103 154 103 26 103 154 103 152 103 152 103 150 103 26 103 26 103 150 103 28 103 28 103 150 103 148 103 28 103 148 103 146 103 28 103 146 103 30 103 30 103 146 103 181 103 30 103 181 103 6 103 6 103 181 103 174 103 6 103 174 103 8 103 8 103 174 103 173 103 8 103 173 103 10 103 10 103 173 103 172 103 10 103 172 103 11 103 11 103 172 103 170 103 11 103 170 103 13 103 13 103 170 103 199 103 170 103 168 103 199 103 199 103 168 103 201 103 199 103 201 103 192 103 192 103 201 103 168 103 70 103 68 103 200 103 200 103 68 103 80 103</p>
        </triangles>
      </mesh>
    </geometry>
    <geometry id="geometry_d81ec7ad_6256_4163_a901_f33597acb5f3">
      <mesh>
        <source id="pos_7">
          <float_array id="pos_7-array" count="1452">-46.52592087 -20.43050957 178.75247192 -46.52592087 -18.43050957 178.75247192 -47.15006638 -19.43050957 178.69790649 -47.7742157 -18.43050957 178.64334106 -47.7742157 -20.43050957 178.64334106 -46.11323166 -20.43050957 177.52124023 -46.11323166 -18.43050957 177.52124023 -46.21104813 -19.43050957 177.70074463 -46.26773834 -18.43050957 177.81137085 -46.33141327 -19.43050957 177.94934082 -46.39274597 -18.43050957 178.11166382 -46.4217186 -19.43050957 178.20828247 -46.47219849 -18.43050957 178.42764282 -46.47219849 -20.43050957 178.42764282 -46.4217186 -19.93050957 178.20828247 -46.39274597 -20.43050957 178.11166382 -46.33141327 -19.93050957 177.94934082 -46.26773834 -20.43050957 177.81137085 -46.21104813 -19.93050957 177.70074463 -45.10709381 -20.43050957 176.74360657 -45.10709381 -18.43050957 176.74360657 -45.31416321 -19.43050957 176.84576416 -45.39688492 -18.43050957 176.88946533 -45.54443359 -19.43050957 176.97592163 -45.66673279 -18.43050957 177.06063843 -45.75410843 -19.43050957 177.13221741 -45.90135193 -18.43050957 177.27650452 -45.90135193 -20.43050957 177.27650452 -45.75410843 -19.93050957 177.13221741 -45.66673279 -20.43050957 177.06063843 -45.54443359 -19.93050957 176.97592163 -45.39688492 -20.43050957 176.88946533 -45.31416321 -19.93050957 176.84576416 -43.57230377 -20.43050957 176.44688416 -43.57230377 -18.43050957 176.44688416 -43.84479904 -19.43050957 176.45898438 -43.96667099 -18.43050957 176.4669342 -44.16891479 -19.43050957 176.48681641 -44.35535812 -18.43050957 176.51579285 -44.48717117 -19.43050957 176.5443573 -44.734272 -18.43050957 176.61425781 -44.734272 -20.43050957 176.61425781 -44.48717117 -19.93050957 176.5443573 -44.35535812 -20.43050957 176.51579285 -44.16891479 -19.93050957 176.48681641 -43.96667099 -20.43050957 176.4669342 -43.84479904 -19.93050957 176.45898438 -42.23533249 -20.43050957 176.67198181 -42.23533249 -18.43050957 176.67198181 -42.44194412 -19.43050957 176.60740662 -42.5620842 -18.43050957 176.57244873 -42.89307785 -18.43050957 176.49742126 -42.99933243 -19.43050957 176.48216248 -43.23077011 -18.43050957 176.46105957 -43.23077011 -20.43050957 176.46105957 -42.99933243 -19.93050957 176.48216248 -42.89307785 -20.43050957 176.49742126 -42.5620842 -20.43050957 176.57244873 -42.44194412 -19.93050957 176.60740662 -41.37244034 -20.43050957 177.28930664 -41.37244034 -18.43050957 177.28930664 -41.48563004 -19.43050957 177.16441345 -41.55619049 -18.43050957 177.09118652 -41.64712524 -19.43050957 177.00579834 -41.75828552 -18.43050957 176.91819763 -41.82731628 -19.43050957 176.87277222 -41.98877335 -18.43050957 176.78408813 -41.98877335 -20.43050957 176.78408813 -41.82731628 -19.93050957 176.87277222 -41.75828552 -20.43050957 176.91819763 -41.64712524 -19.93050957 177.00579834 -41.55619049 -20.43050957 177.09118652 -41.48563004 -19.93050957 177.16441345 -41.08935928 -20.43050957 178.14538574 -41.08935928 -18.43050957 178.14538574 -41.10292816 -19.43050957 177.99343872 -41.11241913 -18.43050957 177.91567993 -41.1318779 -19.43050957 177.80477905 -41.16172028 -18.43050957 177.6946106 -41.18780518 -19.43050957 177.62498474 -41.25425339 -18.43050957 177.48774719 -41.25425339 -20.43050957 177.48774719 -41.18780518 -19.93050957 177.62498474 -41.16172028 -20.43050957 177.6946106 -41.1318779 -19.93050957 177.80477905 -41.11241913 -20.43050957 177.91567993 -41.10292816 -19.93050957 177.99343872 -41.36220932 -20.43050957 178.96734619 -41.36220932 -18.43050957 178.96734619 -41.28389359 -19.43050957 178.84368896 -41.24544907 -18.43050957 178.77810669 -41.19613647 -19.43050957 178.6822052 -41.1554718 -18.43050957 178.57991028 -41.13589859 -19.43050957 178.51152039 -41.10942841 -18.43050957 178.36698914 -41.10942841 -20.43050957 178.36698914 -41.13589859 -19.93050957 178.51152039 -41.1554718 -20.43050957 178.57991028 -41.19613647 -19.93050957 178.6822052 -41.24544907 -20.43050957 178.77810669 -41.28389359 -19.93050957 178.84368896 -42.26261902 -20.43050957 179.55738831 -42.26261902 -18.43050957 179.55738831 -42.07556534 -19.43050957 179.47940063 -42.01025391 -18.43050957 179.45018005 -41.77173996 -18.43050957 179.32250977 -41.68995285 -19.43050957 179.26615906 -41.55841064 -18.43050957 179.15759277 -41.55841064 -20.43050957 179.15759277 -41.68995285 -19.93050957 179.26615906 -41.77173996 -20.43050957 179.32250977 -42.07556534 -19.93050957 179.47940063 -42.01025391 -20.43050957 179.45018005 -44.04297256 -20.43050957 180.04510498 -44.04297256 -18.43050957 180.04510498 -43.66340637 -19.43050957 179.9548645 -43.5937233 -18.43050957 179.93795776 -43.14641571 -18.43050957 179.82389832 -42.9585495 -19.43050957 179.77198792 -42.70290756 -18.43050957 179.69636536 -42.70290756 -20.43050957 179.69636536 -42.9585495 -19.93050957 179.77198792 -43.14641571 -20.43050957 179.82389832 -43.66340637 -19.93050957 179.9548645 -43.5937233 -20.43050957 179.93795776 -45.9733963 -20.43050957 180.66925049 -45.9733963 -18.43050957 180.66925049 -45.72217178 -19.43050957 180.5632019 -45.50380325 -18.43050957 180.47442627 -44.89582443 -19.43050957 180.26464844 -45.02593994 -18.43050957 180.30426025 -44.53728485 -18.43050957 180.16624451 -44.53728485 -20.43050957 180.16624451 -44.89582443 -19.93050957 180.26464844 -45.02593994 -20.43050957 180.30426025 -45.50380325 -20.43050957 180.47442627 -45.72217178 -19.93050957 180.5632019 -47.04092407 -20.43050957 181.60035706 -47.04092407 -18.43050957 181.60035706 -46.90169907 -19.43050957 181.42074585 -46.81763458 -18.43050957 181.31832886 -46.70492554 -19.43050957 181.19299316 -46.56957245 -18.43050957 181.06428528 -46.48284531 -19.43050957 180.99382019 -46.2826004 -18.43050957 180.85420227 -46.2826004 -20.43050957 180.85420227 -46.48284531 -19.93050957 180.99382019 -46.56957245 -20.43050957 181.06428528 -46.70492554 -19.93050957 181.19299316 -46.81763458 -20.43050957 181.31832886 -46.90169907 -19.93050957 181.42074585 -47.39222336 -20.43050957 182.84524536 -47.39222336 -18.43050957 182.84524536 -47.37661362 -19.43050957 182.62280273 -47.36606979 -18.43050957 182.51649475 -47.34221268 -19.43050957 182.3531189 -47.30657196 -18.43050957 182.19723511 -47.27345657 -19.43050957 182.09320068 -47.19083786 -18.43050957 181.89393616 -47.19083786 -20.43050957 181.89393616 -47.27345657 -19.93050957 182.09320068 -47.30657196 -20.43050957 182.19723511 -47.34221268 -19.93050957 182.3531189 -47.36606979 -20.43050957 182.51649475 -47.37661362 -19.93050957 182.62280273 -46.96248245 -20.43050957 184.26066589 -46.96248245 -18.43050957 184.26066589 -47.08583069 -19.43050957 184.03781128 -47.14211273 -18.43050957 183.92860413 -47.22041702 -19.43050957 183.75717163 -47.28264618 -18.43050957 183.58474731 -47.31472778 -19.43050957 183.46438599 -47.3573761 -18.43050957 183.22102356 -47.3573761 -20.43050957 183.22102356 -47.31472778 -19.93050957 183.46438599 -47.28264618 -20.43050957 183.58474731 -47.22041702 -19.93050957 183.75717163 -47.14211273 -20.43050957 183.92860413 -47.08583069 -19.93050957 184.03781128 -45.70736694 -20.43050957 185.25997925 -45.70736694 -18.43050957 185.25997925 -45.96181488 -19.43050957 185.13513184 -46.07400131 -18.43050957 185.07582092 -46.25430679 -19.43050957 184.96910095 -46.41249466 -18.43050957 184.85670471 -46.5177536 -19.43050957 184.76698303 -46.7025528 -18.43050957 184.57739258 -46.74865723 -19.43050957 184.52442932 -46.74865723 -19.93050957 184.52442932 -46.7025528 -20.43050957 184.57739258 -46.5177536 -19.93050957 184.76698303 -46.41249466 -20.43050957 184.85670471 -46.25430679 -19.93050957 184.96910095 -46.07400131 -20.43050957 185.07582092 -45.96181488 -19.93050957 185.13513184 -43.87244034 -20.43050957 185.6010437 -43.87244034 -18.43050957 185.6010437 -44.19631195 -19.43050957 185.58691406 -44.34286499 -18.43050957 185.5776062 -44.58343887 -19.43050957 185.55471802 -44.80705261 -18.43050957 185.52119446 -44.96413422 -19.43050957 185.48847961 -45.26052856 -18.43050957 185.40814209 -45.26052856 -20.43050957 185.40814209 -44.96413422 -19.93050957 185.48847961 -44.80705261 -20.43050957 185.52119446 -44.58343887 -19.93050957 185.55471802 -44.34286499 -20.43050957 185.5776062 -44.19631195 -19.93050957 185.58691406 -41.91132355 -20.43050957 185.24291992 -41.91132355 -18.43050957 185.24291992 -42.21380997 -19.43050957 185.34565735 -42.38874817 -18.43050957 185.40097046 -42.61806488 -19.43050957 185.46495056 -42.8734436 -18.43050957 185.52026367 -43.02975845 -19.43050957 185.54460144 -43.36964035 -18.43050957 185.57824707 -43.36964035 -20.43050957 185.57824707 -43.02975845 -19.93050957 185.54460144 -42.8734436 -20.43050957 185.52026367 -42.61806488 -19.93050957 185.46495056 -42.38874817 -20.43050957 185.40097046 -42.21380997 -19.93050957 185.34565735 -40.60504532 -20.43050957 184.18904114 -40.60504532 -18.43050957 184.18904114 -40.77880096 -19.43050957 184.40667725 -40.87594986 -18.43050957 184.52093506 -41.01700592 -19.43050957 184.67095947 -41.17783356 -18.43050957 184.81474304 -41.28699112 -19.43050957 184.8961792 -41.52990341 -18.43050957 185.04685974 -41.59052658 -19.43050957 185.08015442 -41.59052658 -19.93050957 185.08015442 -41.52990341 -20.43050957 185.04685974 -41.28699112 -19.93050957 184.8961792 -41.17783356 -20.43050957 184.81474304 -41.01700592 -19.93050957 184.67095947 -40.87594986 -20.43050957 184.52093506 -40.77880096 -19.93050957 184.40667725 -40.11391449 -20.43050957 182.61332703 -40.11391449 -18.43050957 182.61332703 -40.14383316 -19.43050957 182.89653015 -40.16178894 -18.43050957 183.03076172 -40.19900513 -19.43050957 183.23852539 -40.25009155 -18.43050957 183.43551636 -40.29584122 -19.43050957 183.56745911 -40.40674591 -18.43050957 183.81881714 -40.40674591 -20.43050957 183.81881714 -40.29584122 -19.93050957 183.56745911 -40.25009155 -20.43050957 183.43551636 -40.19900513 -19.93050957 183.23852539 -40.16178894 -20.43050957 183.03076172 -40.14383316 -19.93050957 182.89653015 -41.38267136 -20.43050957 182.51782227 -41.38267136 -18.43050957 182.51782227 -40.74829483 -19.43050957 182.56556702 -42.07503128 -20.43050957 183.95028687 -42.07503128 -18.43050957 183.95028687 -41.90023422 -19.43050957 183.75956726 -41.8013382 -18.43050957 183.6423645 -41.68929291 -19.43050957 183.48980713 -41.5851593 -18.43050957 183.30574036 -41.53702545 -19.43050957 183.1907959 -41.45849991 -18.43050957 182.92446899 -41.44458771 -19.43050957 182.86192322 -41.44458771 -19.93050957 182.86192322 -41.45849991 -20.43050957 182.92446899 -41.53702545 -19.93050957 183.1907959 -41.5851593 -20.43050957 183.30574036 -41.68929291 -19.93050957 183.48980713 -41.8013382 -20.43050957 183.6423645 -41.90023422 -19.93050957 183.75956726 -43.81787109 -20.43050957 184.43460083 -43.81787109 -18.43050957 184.43460083 -43.47232819 -19.43050957 184.4216156 -43.35237885 -18.43050957 184.41325378 -43.0994072 -19.43050957 184.38279724 -42.90198517 -18.43050957 184.34135437 -42.74206161 -19.43050957 184.2918396 -42.47911072 -18.43050957 184.17729187 -42.4034462 -19.43050957 184.13815308 -42.4034462 -19.93050957 184.13815308 -42.47911072 -20.43050957 184.17729187 -42.74206161 -19.93050957 184.2918396 -42.90198517 -20.43050957 184.34135437 -43.0994072 -19.93050957 184.38279724 -43.35237885 -20.43050957 184.41325378 -43.47232819 -19.93050957 184.4216156 -45.56752777 -20.43050957 183.99462891 -45.56752777 -18.43050957 183.99462891 -45.33455276 -19.43050957 184.12034607 -45.15849304 -18.43050957 184.20724487 -44.97860718 -19.43050957 184.28288269 -44.73217773 -18.43050957 184.3573761 -44.60533524 -19.43050957 184.38278198 -44.28156662 -18.43050957 184.41964722 -44.21571732 -19.43050957 184.42356873 -44.21571732 -19.93050957 184.42356873 -44.28156662 -20.43050957 184.41964722 -44.60533524 -19.93050957 184.38278198 -44.73217773 -20.43050957 184.3573761 -44.97860718 -19.93050957 184.28288269 -45.15849304 -20.43050957 184.20724487 -45.33455276 -19.93050957 184.12034607 -46.116642 -20.43050957 182.93391418 -46.116642 -18.43050957 182.93391418 -46.08841705 -19.43050957 183.13465881 -46.06784821 -18.43050957 183.243927 -46.02968979 -19.43050957 183.38587952 -46.02795029 -18.43050957 183.39108276 -45.98274231 -19.43050957 183.50257874 -45.96945953 -18.43050957 183.52880859 -45.92015457 -19.43050957 183.61134338 -45.7915535 -18.43050957 183.77340698 -45.75748062 -19.43050957 183.80990601 -45.75748062 -19.93050957 183.80990601 -45.7915535 -20.43050957 183.77340698 -45.92015457 -19.93050957 183.61134338 -45.96945953 -20.43050957 183.52880859 -45.98274231 -19.93050957 183.50257874 -46.02795029 -20.43050957 183.39108276 -46.02968979 -19.93050957 183.38587952 -46.06784821 -20.43050957 183.243927 -46.08841705 -19.93050957 183.13465881 -45.72782898 -20.43050957 182.04714966 -45.72782898 -18.43050957 182.04714966 -45.83943176 -19.43050957 182.17268372 -45.8932724 -18.43050957 182.23875427 -45.96368408 -19.43050957 182.33876038 -46.02124023 -18.43050957 182.44688416 -46.04940033 -19.43050957 182.52183533 -46.08733368 -18.43050957 182.68229675 -46.08733368 -20.43050957 182.68229675 -46.04940033 -19.93050957 182.52183533 -46.02124023 -20.43050957 182.44688416 -45.96368408 -19.93050957 182.33876038 -45.8932724 -20.43050957 182.23875427 -45.83943176 -19.93050957 182.17268372 -43.73260498 -20.43050957 181.33433533 -43.73260498 -18.43050957 181.33433533 -44.17708969 -19.43050957 181.43051147 -44.256073 -18.43050957 181.44909668 -44.58384323 -19.43050957 181.53562927 -44.76805496 -18.43050957 181.59341431 -44.97892761 -19.43050957 181.67074585 -45.25756073 -18.43050957 181.79554749 -45.35828781 -19.43050957 181.84632874 -45.35828781 -19.93050957 181.84632874 -45.25756073 -20.43050957 181.79554749 -44.97892761 -19.93050957 181.67074585 -44.76805496 -20.43050957 181.59341431 -44.58384323 -19.93050957 181.53562927 -44.256073 -20.43050957 181.44909668 -44.17708969 -19.93050957 181.43051147 -41.51909637 -20.43050957 180.6965332 -41.51909637 -18.43050957 180.6965332 -41.80228806 -19.43050957 180.79954529 -42.06204605 -18.43050957 180.89093018 -42.75685501 -19.43050957 181.10243225 -42.61172867 -18.43050957 181.0627594 -43.16994858 -18.43050957 181.20597839 -43.16994858 -20.43050957 181.20597839 -42.75685501 -19.93050957 181.10243225 -42.61172867 -20.43050957 181.0627594 -42.06204605 -20.43050957 180.89093018 -41.80228806 -19.93050957 180.79954529 -40.22987747 -20.43050957 179.67675781 -40.22987747 -18.43050957 179.67675781 -40.3974762 -19.43050957 179.87602234 -40.50231552 -18.43050957 179.99356079 -40.63743591 -19.43050957 180.13131714 -40.80337906 -18.43050957 180.27484131 -40.90656281 -19.43050957 180.35043335 -41.14871979 -18.43050957 180.5012207 -41.14871979 -20.43050957 180.5012207 -40.90656281 -19.93050957 180.35043335 -40.80337906 -20.43050957 180.27484131 -40.63743591 -19.93050957 180.13131714 -40.50231552 -20.43050957 179.99356079 -40.3974762 -19.93050957 179.87602234 -39.81377792 -20.43050957 178.2545166 -39.81377792 -18.43050957 178.2545166 -39.83171463 -19.43050957 178.512146 -39.84369659 -18.43050957 178.63201904 -39.87181473 -19.43050957 178.82089233 -39.9134407 -18.43050957 178.99772644 -39.95298004 -19.43050957 179.11749268 -40.05089951 -18.43050957 179.34338379 -40.05089951 -20.43050957 179.34338379 -39.95298004 -19.93050957 179.11749268 -39.9134407 -20.43050957 178.99772644 -39.87181473 -19.93050957 178.82089233 -39.84369659 -20.43050957 178.63201904 -39.83171463 -19.93050957 178.512146 -40.27080536 -20.43050957 176.75042725 -40.27080536 -18.43050957 176.75042725 -40.13962936 -19.43050957 176.98832703 -40.08046341 -18.43050957 177.10350037 -39.99708176 -19.43050957 177.28645325 -39.93120575 -18.43050957 177.46896362 -39.89687729 -19.43050957 177.59735107 -39.85136795 -18.43050957 177.8553772 -39.85136795 -20.43050957 177.8553772 -39.89687729 -19.93050957 177.59735107 -39.93120575 -20.43050957 177.46896362 -39.99708176 -19.93050957 177.28645325 -40.08046341 -20.43050957 177.10350037 -40.13962936 -19.93050957 176.98832703 -41.58390045 -20.43050957 175.65220642 -41.58390045 -18.43050957 175.65220642 -41.31920242 -19.43050957 175.79415894 -41.20097733 -18.43050957 175.86198425 -41.01332092 -19.43050957 175.9813385 -40.84723282 -18.43050957 176.10636902 -40.73754501 -19.43050957 176.20419312 -40.5435257 -18.43050957 176.41003418 -40.49536896 -19.43050957 176.46687317 -40.49536896 -19.93050957 176.46687317 -40.5435257 -20.43050957 176.41003418 -40.73754501 -19.93050957 176.20419312 -40.84723282 -20.43050957 176.10636902 -41.01332092 -19.93050957 175.9813385 -41.20097733 -20.43050957 175.86198425 -41.31920242 -19.93050957 175.79415894 -43.51091385 -20.43050957 175.25997925 -43.51091385 -18.43050957 175.25997925 -43.16840744 -19.43050957 175.27610779 -43.01437378 -18.43050957 175.28671265 -42.76044083 -19.43050957 175.3130188 -42.52571487 -18.43050957 175.35145569 -42.36060333 -19.43050957 175.3891449 -42.05059814 -18.43050957 175.48152161 -42.05059814 -20.43050957 175.48152161 -42.36060333 -19.93050957 175.3891449 -42.52571487 -20.43050957 175.35145569 -42.76044083 -19.93050957 175.3130188 -43.01437378 -20.43050957 175.28671265 -43.16840744 -19.93050957 175.27610779 -45.78580856 -20.43050957 175.65560913 -45.78580856 -18.43050957 175.65560913 -45.44596481 -19.43050957 175.54222107 -45.23180008 -18.43050957 175.47590637 -44.97415161 -19.43050957 175.40603638 -44.66926575 -18.43050957 175.34300232 -44.49367523 -19.43050957 175.31742859 -44.09373474 -18.43050957 175.28147888 -44.09373474 -20.43050957 175.28147888 -44.49367523 -19.93050957 175.31742859 -44.66926575 -20.43050957 175.34300232 -44.97415161 -19.93050957 175.40603638 -45.23180008 -20.43050957 175.47590637 -45.44596481 -19.93050957 175.54222107 -47.22510147 -20.43050957 176.84593201 -47.22510147 -18.43050957 176.84593201 -47.03108597 -19.43050957 176.59875488 -46.92695999 -18.43050957 176.47406006 -46.76945877 -19.43050957 176.3031311 -46.59484482 -18.43050957 176.14311218 -46.47291565 -19.43050957 176.04954529 -46.20687103 -18.43050957 175.87944031 -46.1390152 -19.43050957 175.84095764 -46.1390152 -19.93050957 175.84095764 -46.20687103 -20.43050957 175.87944031 -46.47291565 -19.93050957 176.04954529 -46.59484482 -20.43050957 176.14311218 -46.76945877 -19.93050957 176.3031311 -46.92695999 -20.43050957 176.47406006 -47.03108597 -19.93050957 176.59875488 -47.74334717 -19.43050957 178.32044983 -47.72429276 -18.43050957 178.167099 -47.683918 -19.43050957 177.93023682 -47.6272049 -18.43050957 177.7053833 -47.57587814 -19.43050957 177.55497742 -47.45041656 -18.43050957 177.26818848 -47.41440964 -19.43050957 177.19616699 -47.41440964 -19.93050957 177.19616699 -47.45041656 -20.43050957 177.26818848 -47.57587814 -19.93050957 177.55497742 -47.6272049 -20.43050957 177.7053833 -47.683918 -19.93050957 177.93023682 -47.72429276 -20.43050957 178.167099 -47.74334717 -19.93050957 178.32044983 -43.7939949 -20.43050957 180.45759583 -43.7939949 -18.43050957 180.45759583</float_array>
          <technique_common>
            <accessor source="#pos_7-array" count="1452" stride="3">
              <param name="X" type="float"/>
              <param name="Y" type="float"/>
              <param name="Z" type="float"/>
            </accessor>
          </technique_common>
        </source>
        <source id="norm_7">
          <float_array id="norm_7-array" count="825">-0.0871 0 0.9962 0.87521 0 0.48375 0.88379 0 0.46788 0.89697 0 0.44209 0.91979 0 0.39241 0.95048 0 0.31077 0.96428 0 0.26487 0.98178 0 0.19001 0.98872 0 0.14977 0.43509 0 0.90039 0.45704 0 0.88945 0.4785 0 0.87809 0.53634 0 0.844 0.6047 0 0.79645 0.66113 0 0.75027 0.731 0 0.68238 0.76801 0 0.64044 0.03857 0 0.99926 0.05605 0 0.99843 0.07535 0 0.99716 0.12359 0 0.99233 0.18642 0 0.98247 0.23568 0 0.97183 0.3027 0 0.95309 0.34018 0 0.94036 -0.3029 0 0.95302 -0.28907 0 0.95731 -0.26821 0 0.96336 -0.16175 0 0.98683 -0.12348 0 0.99235 -0.06327 0 0.998 -0.03063 0 0.99953 -0.74583 0 0.66614 -0.73111 0 0.68226 -0.70686 0 0.70735 -0.65826 0 0.75279 -0.57467 0 0.81839 -0.52557 0 0.85075 -0.44376 0 0.89615 -0.39895 0 0.91697 -0.99675 0 0.08059 -0.99439 0 0.10578 -0.99031 0 0.13888 -0.97733 0 0.21173 -0.94887 0 0.31566 -0.92359 0 0.38339 -0.87814 0 0.4784 -0.84931 0 0.52789 -0.84009 -0 -0.54244 -0.8542 -0 -0.51995 -0.87214 -0 -0.48925 -0.90771 -0 -0.4196 -0.94988 -0 -0.31261 -0.97089 -0 -0.23954 -0.99148 -0 -0.13023 -0.99752 -0 -0.0704 -0.3774 -0 -0.92605 -0.39958 -0 -0.9167 -0.41809 -0 -0.90841 -0.53767 -0 -0.84315 -0.59658 -0 -0.80255 -0.66905 -0 -0.74322 -0.70917 -0 -0.70504 -0.22949 -0 -0.97331 -0.23487 -0 -0.97203 -0.23703 -0 -0.9715 -0.25959 -0 -0.96572 -0.27357 -0 -0.96185 -0.29248 -0 -0.95627 -0.30528 -0 -0.95226 -0.39119 -0 -0.92031 -0.38432 -0 -0.9232 -0.36716 -0 -0.93016 -0.283 -0 -0.95912 -0.29977 -0 -0.95401 -0.2493 -0 -0.96843 -0.23238 -0 -0.97262 -0.79446 -0 -0.60731 -0.78198 -0 -0.62331 -0.76227 -0 -0.64726 -0.72143 -0 -0.69248 -0.65228 -0 -0.75798 -0.60969 -0 -0.79264 -0.53941 -0 -0.84204 -0.50022 -0 -0.8659 -0.99806 -0 -0.06223 -0.99633 -0 -0.08559 -0.99351 -0 -0.11372 -0.9837 -0 -0.17981 -0.96289 -0 -0.2699 -0.94241 -0 -0.33445 -0.90618 -0 -0.4229 -0.88249 -0 -0.47034 -0.87104 0 0.49121 -0.88256 0 0.4702 -0.89591 0 0.44423 -0.92425 0 0.38178 -0.95644 0 0.29192 -0.97437 0 0.22496 -0.99172 0 0.12842 -0.99723 0 0.07443 -0.4329 0 0.90144 -0.45562 0 0.89017 -0.48064 0 0.87692 -0.54194 0 0.84042 -0.61896 0 0.78542 -0.67597 0 0.73693 -0.74799 0 0.66371 -0.76001 0 0.64992 -0.78497 0 0.61953 -0.03801 0 0.99928 -0.05467 0 0.9985 -0.07331 0 0.99731 -0.11937 0 0.99285 -0.17982 0 0.9837 -0.22666 0 0.97397 -0.29076 0 0.9568 -0.32661 0 0.94516 0.32651 0 0.9452 0.3117 0 0.95018 0.28948 0 0.95718 0.24489 0 0.96955 0.17521 0 0.98453 0.13378 0 0.99101 0.0688 0 0.99763 0.03357 0 0.99944 0.78634 0 0.61779 0.77159 0 0.63613 0.75032 0 0.66107 0.70259 0 0.7116 0.62483 0 0.78076 0.57205 0 0.82022 0.48854 0 0.87254 0.47454 0 0.88024 0.44143 0 0.8973 0.99523 0 0.09758 0.99277 0 0.12006 0.98916 0 0.14686 0.97768 0 0.21011 0.9553 0 0.29564 0.93395 0 0.35739 0.89716 0 0.44171 0.87338 0 0.48705 0.07506 0 -0.99718 -0.73063 -0 -0.68278 -0.75031 -0 -0.66108 -0.78025 -0 -0.62546 -0.83384 -0 -0.55201 -0.90527 -0 -0.42484 -0.937 -0 -0.34932 -0.97392 -0 -0.22691 -0.97813 -0 -0.20799 -0.98683 -0 -0.16178 -0.0276 -0 -0.99962 -0.05764 -0 -0.99834 -0.08267 -0 -0.99658 -0.1625 -0 -0.98671 -0.25203 -0 -0.96772 -0.33934 -0 -0.94067 -0.44856 -0 -0.89375 -0.46956 -0 -0.8829 -0.5097 -0 -0.86035 0.48147 0 -0.87646 0.46157 0 -0.8871 0.41939 0 -0.90781 0.3509 0 -0.93641 0.22533 0 -0.97428 0.16894 0 -0.98563 0.06676 0 -0.99777 0.05295 0 -0.9986 0.01519 0 -0.99988 0.99178 0 -0.12793 0.98677 0 -0.1621 0.97734 0 -0.21167 0.94923 0 -0.31458 0.94766 0 -0.31927 0.89996 0 -0.43597 0.88423 0 -0.46704 0.83223 0 -0.55443 0.73921 0 -0.67348 0.72311 0 -0.69073 0.68411 0 -0.72938 0.73993 0 0.67269 0.76208 0 0.64748 0.79005 0 0.61305 0.84761 0 0.53062 0.91665 0 0.39969 0.95205 0 0.30593 0.98605 0 0.16647 0.99587 0 0.09075 0.20465 0 0.97884 0.22519 0 0.97432 0.2332 0 0.97243 0.28111 0 0.95968 0.31872 0 0.94785 0.3714 0 0.92847 0.44104 0 0.89749 0.4586 0 0.88864 0.48682 0 0.8735 0.34362 0 0.93911 0.33827 0 0.94105 0.32395 0 0.94607 0.25751 0 0.96628 0.2702 0 0.9628 0.23112 0 0.97293 0.21804 0 0.97594 0.76971 0 0.6384 0.75632 0 0.6542 0.73421 0 0.67892 0.68999 0 0.72382 0.61377 0 0.78948 0.56899 0 0.82234 0.49396 0 0.86949 0.45267 0 0.89168 0.99812 0 0.06125 0.9963 0 0.08597 0.99338 0 0.11486 0.98283 0 0.1845 0.96063 0 0.27784 0.93799 0 0.34667 0.89823 0 0.43953 0.87211 0 0.48931 0.87184 0 -0.48978 0.8833 0 -0.46882 0.89638 0 -0.44328 0.92449 0 -0.3812 0.95622 0 -0.29266 0.97419 0 -0.22573 0.99155 0 -0.12975 0.99711 0 -0.07591 0.46562 0 -0.88499 0.48663 0 -0.87361 0.51008 0 -0.86013 0.56674 0 -0.8239 0.63836 0 -0.76974 0.69064 0 -0.7232 0.75722 0 -0.65316 0.7683 0 -0.64009 0.79151 0 -0.61116 0.04096 0 -0.99916 0.05922 0 -0.99825 0.07953 0 -0.99683 0.13004 0 -0.99151 0.19608 0 -0.98059 0.24747 0 -0.9689 0.31739 0 -0.9483 0.35633 0 -0.93436 -0.32133 -0 -0.94697 -0.30683 -0 -0.95176 -0.28265 -0 -0.95922 -0.23782 -0 -0.97131 -0.16436 -0 -0.9864 -0.12486 -0 -0.99217 -0.05992 -0 -0.9982 -0.02537 -0 -0.99968 -0.79142 -0 -0.61127 -0.77679 -0 -0.62977 -0.75673 -0 -0.65373 -0.70997 -0 -0.70423 -0.63581 -0 -0.77185 -0.58283 -0 -0.8126 -0.5006 -0 -0.86568 -0.48649 -0 -0.87368 -0.45372 -0 -0.89114 -0.99616 -0 -0.08753 -0.99388 -0 -0.11049 -0.99044 -0 -0.13792 -0.97926 -0 -0.20261 -0.95694 -0 -0.29028 -0.93546 -0 -0.35343 -0.89816 -0 -0.43966 -0.89089 -0 -0.45422 -0.87398 -0 -0.48595 -0 -1 -0 0 1 0</float_array>
          <technique_common>
            <accessor source="#norm_7-array" count="825" stride="3">
              <param name="X" type="float"/>
              <param name="Y" type="float"/>
              <param name="Z" type="float"/>
            </accessor>
          </technique_common>
        </source>
        <source id="uvs_7">
          <float_array id="uvs_7-array" count="0"></float_array>
          <technique_common>
            <accessor source="#uvs_7-array" count="0" stride="2">
              <param name="S" type="float"/>
              <param name="T" type="float"/>
            </accessor>
          </technique_common>
        </source>
        <vertices id="vert_7">
          <input semantic="POSITION" source="#pos_7"/>
        </vertices>
        <triangles count="964" material="mat_3">
          <input semantic="VERTEX" source="#vert_7" offset="0"/>
          <input semantic="NORMAL" source="#norm_7" offset="1"/>
          <p>0 0 1 0 2 0 2 0 1 0 3 0 2 0 3 0 4 0 4 0 0 0 2 0 5 1 6 1 7 2 7 2 6 1 8 3 7 2 8 3 9 4 9 4 8 3 10 5 9 4 10 5 11 6 11 6 10 5 12 7 11 6 12 7 1 8 0 8 13 7 1 8 1 8 13 7 11 6 11 6 13 7 14 6 14 6 13 7 15 5 14 6 15 5 16 4 16 4 15 5 17 3 16 4 17 3 18 2 18 2 17 3 5 1 18 2 5 1 7 2 18 2 7 2 9 4 14 6 16 4 11 6 11 6 16 4 9 4 16 4 18 2 9 4 19 9 20 9 21 10 21 10 20 9 22 11 21 10 22 11 23 12 23 12 22 11 24 13 23 12 24 13 25 14 25 14 24 13 26 15 25 14 26 15 6 16 5 16 27 15 6 16 6 16 27 15 25 14 25 14 27 15 28 14 28 14 27 15 29 13 28 14 29 13 30 12 30 12 29 13 31 11 30 12 31 11 32 10 32 10 31 11 19 9 32 10 19 9 21 10 32 10 21 10 23 12 28 14 30 12 25 14 25 14 30 12 23 12 30 12 32 10 23 12 33 17 34 17 35 18 35 18 34 17 36 19 35 18 36 19 37 20 37 20 36 19 38 21 37 20 38 21 39 22 39 22 38 21 40 23 39 22 40 23 20 24 19 24 41 23 20 24 20 24 41 23 39 22 39 22 41 23 42 22 42 22 41 23 43 21 42 22 43 21 44 20 44 20 43 21 45 19 44 20 45 19 46 18 46 18 45 19 33 17 46 18 33 17 35 18 46 18 35 18 37 20 42 22 44 20 39 22 39 22 44 20 37 20 44 20 46 18 37 20 47 25 48 25 49 26 49 26 48 25 50 27 49 26 50 27 51 28 49 26 51 28 52 29 52 29 51 28 53 30 52 29 53 30 34 31 33 31 54 30 34 31 34 31 54 30 52 29 52 29 54 30 55 29 55 29 54 30 56 28 55 29 56 28 57 27 55 29 57 27 58 26 58 26 57 27 47 25 58 26 47 25 49 26 58 26 49 26 52 29 55 29 58 26 52 29 59 32 60 32 61 33 61 33 60 32 62 34 61 33 62 34 63 35 63 35 62 34 64 36 63 35 64 36 65 37 65 37 64 36 66 38 65 37 66 38 48 39 47 39 67 38 48 39 48 39 67 38 65 37 65 37 67 38 68 37 68 37 67 38 69 36 68 37 69 36 70 35 70 35 69 36 71 34 70 35 71 34 72 33 72 33 71 34 59 32 72 33 59 32 61 33 72 33 61 33 63 35 68 37 70 35 65 37 65 37 70 35 63 35 70 35 72 33 63 35 73 40 74 40 75 41 75 41 74 40 76 42 75 41 76 42 77 43 77 43 76 42 78 44 77 43 78 44 79 45 79 45 78 44 80 46 79 45 80 46 60 47 59 47 81 46 60 47 60 47 81 46 79 45 79 45 81 46 82 45 82 45 81 46 83 44 82 45 83 44 84 43 84 43 83 44 85 42 84 43 85 42 86 41 86 41 85 42 73 40 86 41 73 40 75 41 86 41 75 41 77 43 82 45 84 43 79 45 79 45 84 43 77 43 84 43 86 41 77 43 87 48 88 48 89 49 89 49 88 48 90 50 89 49 90 50 91 51 91 51 90 50 92 52 91 51 92 52 93 53 93 53 92 52 94 54 93 53 94 54 74 55 73 55 95 54 74 55 74 55 95 54 93 53 93 53 95 54 96 53 96 53 95 54 97 52 96 53 97 52 98 51 98 51 97 52 99 50 98 51 99 50 100 49 100 49 99 50 87 48 100 49 87 48 89 49 100 49 89 49 91 51 96 53 98 51 93 53 93 53 98 51 91 51 98 51 100 49 91 51 101 56 102 56 103 57 103 57 102 56 104 58 103 57 104 58 105 59 103 57 105 59 106 60 106 60 105 59 107 61 106 60 107 61 88 62 87 62 108 61 88 62 88 62 108 61 106 60 106 60 108 61 109 60 109 60 108 61 110 59 109 60 110 59 111 57 111 57 110 59 112 58 111 57 112 58 101 56 111 57 101 56 103 57 111 57 103 57 106 60 109 60 111 57 106 60 113 63 114 63 115 64 115 64 114 63 116 65 115 64 116 65 117 66 115 64 117 66 118 67 118 67 117 66 119 68 118 67 119 68 102 69 101 69 120 68 102 69 102 69 120 68 118 67 118 67 120 68 121 67 121 67 120 68 122 66 121 67 122 66 123 64 123 64 122 66 124 65 123 64 124 65 113 63 123 64 113 63 115 64 123 64 115 64 118 67 121 67 123 64 118 67 125 70 126 70 127 71 127 71 126 70 128 72 127 71 128 72 129 73 129 73 128 72 130 74 129 73 130 74 131 75 131 75 114 76 129 73 129 73 114 76 132 75 129 73 132 75 133 73 133 73 132 75 134 74 133 73 134 74 135 72 114 76 113 76 132 75 133 73 135 72 136 71 136 71 135 72 125 70 136 71 125 70 127 71 136 71 127 71 129 73 133 73 136 71 129 73 137 77 138 77 139 78 139 78 138 77 140 79 139 78 140 79 141 80 141 80 140 79 142 81 141 80 142 81 143 82 143 82 142 81 144 83 143 82 144 83 126 84 125 84 145 83 126 84 126 84 145 83 143 82 143 82 145 83 146 82 146 82 145 83 147 81 146 82 147 81 148 80 148 80 147 81 149 79 148 80 149 79 150 78 150 78 149 79 137 77 150 78 137 77 139 78 150 78 139 78 141 80 146 82 148 80 143 82 143 82 148 80 141 80 148 80 150 78 141 80 151 85 152 85 153 86 153 86 152 85 154 87 153 86 154 87 155 88 155 88 154 87 156 89 155 88 156 89 157 90 157 90 156 89 158 91 157 90 158 91 138 92 137 92 159 91 138 92 138 92 159 91 157 90 157 90 159 91 160 90 160 90 159 91 161 89 160 90 161 89 162 88 162 88 161 89 163 87 162 88 163 87 164 86 164 86 163 87 151 85 164 86 151 85 153 86 164 86 153 86 155 88 160 90 162 88 157 90 157 90 162 88 155 88 162 88 164 86 155 88 165 93 166 93 167 94 167 94 166 93 168 95 167 94 168 95 169 96 169 96 168 95 170 97 169 96 170 97 171 98 171 98 170 97 172 99 171 98 172 99 152 100 151 100 173 99 152 100 152 100 173 99 171 98 171 98 173 99 174 98 174 98 173 99 175 97 174 98 175 97 176 96 176 96 175 97 177 95 176 96 177 95 178 94 178 94 177 95 165 93 178 94 165 93 167 94 178 94 167 94 169 96 174 98 176 96 171 98 171 98 176 96 169 96 176 96 178 94 169 96 179 101 180 101 181 102 181 102 180 101 182 103 181 102 182 103 183 104 183 104 182 103 184 105 183 104 184 105 185 106 185 106 184 105 186 107 185 106 186 107 187 108 187 108 186 107 166 109 187 108 166 109 165 109 187 108 165 109 188 108 188 108 165 109 189 107 188 108 189 107 190 106 190 106 189 107 191 105 190 106 191 105 192 104 192 104 191 105 193 103 192 104 193 103 194 102 194 102 193 103 179 101 194 102 179 101 181 102 188 108 190 106 187 108 187 108 190 106 185 106 194 102 181 102 183 104 190 106 192 104 185 106 185 106 192 104 183 104 192 104 194 102 183 104 195 110 196 110 197 111 197 111 196 110 198 112 197 111 198 112 199 113 199 113 198 112 200 114 199 113 200 114 201 115 201 115 200 114 202 116 201 115 202 116 180 117 179 117 203 116 180 117 180 117 203 116 201 115 201 115 203 116 204 115 204 115 203 116 205 114 204 115 205 114 206 113 206 113 205 114 207 112 206 113 207 112 208 111 208 111 207 112 195 110 208 111 195 110 197 111 208 111 197 111 199 113 204 115 206 113 201 115 201 115 206 113 199 113 206 113 208 111 199 113 209 118 210 118 211 119 211 119 210 118 212 120 211 119 212 120 213 121 213 121 212 120 214 122 213 121 214 122 215 123 215 123 214 122 216 124 215 123 216 124 196 125 195 125 217 124 196 125 196 125 217 124 215 123 215 123 217 124 218 123 218 123 217 124 219 122 218 123 219 122 220 121 220 121 219 122 221 120 220 121 221 120 222 119 222 119 221 120 209 118 222 119 209 118 211 119 222 119 211 119 213 121 218 123 220 121 215 123 215 123 220 121 213 121 220 121 222 119 213 121 223 126 224 126 225 127 225 127 224 126 226 128 225 127 226 128 227 129 227 129 226 128 228 130 227 129 228 130 229 131 229 131 228 130 230 132 229 131 230 132 231 133 231 133 230 132 210 134 231 133 210 134 209 134 231 133 209 134 232 133 232 133 209 134 233 132 232 133 233 132 234 131 234 131 233 132 235 130 234 131 235 130 236 129 236 129 235 130 237 128 236 129 237 128 238 127 238 127 237 128 223 126 238 127 223 126 225 127 232 133 234 131 231 133 231 133 234 131 229 131 238 127 225 127 227 129 234 131 236 129 229 131 229 131 236 129 227 129 236 129 238 127 227 129 239 135 240 135 241 136 241 136 240 135 242 137 241 136 242 137 243 138 243 138 242 137 244 139 243 138 244 139 245 140 245 140 244 139 246 141 245 140 246 141 224 142 223 142 247 141 224 142 224 142 247 141 245 140 245 140 247 141 248 140 248 140 247 141 249 139 248 140 249 139 250 138 250 138 249 139 251 137 250 138 251 137 252 136 252 136 251 137 239 135 252 136 239 135 241 136 252 136 241 136 243 138 248 140 250 138 245 140 245 140 250 138 243 138 250 138 252 136 243 138 253 143 254 143 255 143 255 143 254 143 240 143 255 143 240 143 239 143 239 143 253 143 255 143 256 144 257 144 258 145 258 145 257 144 259 146 258 145 259 146 260 147 260 147 259 146 261 148 260 147 261 148 262 149 262 149 261 148 263 150 262 149 263 150 264 151 264 151 263 150 254 152 264 151 254 152 253 152 264 151 253 152 265 151 265 151 253 152 266 150 265 151 266 150 267 149 267 149 266 150 268 148 267 149 268 148 269 147 269 147 268 148 270 146 269 147 270 146 271 145 271 145 270 146 256 144 271 145 256 144 258 145 265 151 267 149 264 151 264 151 267 149 262 149 271 145 258 145 260 147 267 149 269 147 262 149 262 149 269 147 260 147 269 147 271 145 260 147 272 153 273 153 274 154 274 154 273 153 275 155 274 154 275 155 276 156 276 156 275 155 277 157 276 156 277 157 278 158 278 158 277 157 279 159 278 158 279 159 280 160 280 160 279 159 257 161 280 160 257 161 256 161 280 160 256 161 281 160 281 160 256 161 282 159 281 160 282 159 283 158 283 158 282 159 284 157 283 158 284 157 285 156 285 156 284 157 286 155 285 156 286 155 287 154 287 154 286 155 272 153 287 154 272 153 274 154 281 160 283 158 280 160 280 160 283 158 278 158 287 154 274 154 276 156 283 158 285 156 278 158 278 158 285 156 276 156 285 156 287 154 276 156 288 162 289 162 290 163 290 163 289 162 291 164 290 163 291 164 292 165 292 165 291 164 293 166 292 165 293 166 294 167 294 167 293 166 295 168 294 167 295 168 296 169 296 169 295 168 273 170 296 169 273 170 272 170 296 169 272 170 297 169 297 169 272 170 298 168 297 169 298 168 299 167 299 167 298 168 300 166 299 167 300 166 301 165 301 165 300 166 302 164 301 165 302 164 303 163 303 163 302 164 288 162 303 163 288 162 290 163 297 169 299 167 296 169 296 169 299 167 294 167 303 163 290 163 292 165 299 167 301 165 294 167 294 167 301 165 292 165 301 165 303 163 292 165 304 171 305 171 306 172 306 172 305 171 307 173 306 172 307 173 308 174 308 174 307 173 309 175 308 174 309 175 310 176 310 176 309 175 311 177 310 176 311 177 312 178 312 178 311 177 313 179 312 178 313 179 314 180 314 180 313 179 289 181 314 180 289 181 288 181 314 180 288 181 315 180 315 180 288 181 316 179 315 180 316 179 317 178 317 178 316 179 318 177 317 178 318 177 319 176 319 176 318 177 320 175 319 176 320 175 321 174 321 174 320 175 322 173 321 174 322 173 323 172 323 172 322 173 304 171 323 172 304 171 306 172 315 180 317 178 314 180 314 180 317 178 312 178 317 178 319 176 312 178 312 178 319 176 310 176 323 172 306 172 308 174 319 176 321 174 310 176 310 176 321 174 308 174 321 174 323 172 308 174 324 182 325 182 326 183 326 183 325 182 327 184 326 183 327 184 328 185 328 185 327 184 329 186 328 185 329 186 330 187 330 187 329 186 331 188 330 187 331 188 305 189 304 189 332 188 305 189 305 189 332 188 330 187 330 187 332 188 333 187 333 187 332 188 334 186 333 187 334 186 335 185 335 185 334 186 336 184 335 185 336 184 337 183 337 183 336 184 324 182 337 183 324 182 326 183 337 183 326 183 328 185 333 187 335 185 330 187 330 187 335 185 328 185 335 185 337 183 328 185 338 190 339 190 340 191 340 191 339 190 341 192 340 191 341 192 342 193 342 193 341 192 343 194 342 193 343 194 344 195 344 195 343 194 345 196 344 195 345 196 346 197 346 197 345 196 325 198 346 197 325 198 324 198 346 197 324 198 347 197 347 197 324 198 348 196 347 197 348 196 349 195 349 195 348 196 350 194 349 195 350 194 351 193 351 193 350 194 352 192 351 193 352 192 353 191 353 191 352 192 338 190 353 191 338 190 340 191 347 197 349 195 346 197 346 197 349 195 344 195 353 191 340 191 342 193 349 195 351 193 344 195 344 195 351 193 342 193 351 193 353 191 342 193 354 199 355 199 356 200 356 200 355 199 357 201 356 200 357 201 358 202 358 202 357 201 359 203 358 202 359 203 360 204 360 204 339 205 358 202 358 202 339 205 361 204 358 202 361 204 362 202 362 202 361 204 363 203 362 202 363 203 364 201 339 205 338 205 361 204 362 202 364 201 365 200 365 200 364 201 354 199 365 200 354 199 356 200 365 200 356 200 358 202 362 202 365 200 358 202 366 206 367 206 368 207 368 207 367 206 369 208 368 207 369 208 370 209 370 209 369 208 371 210 370 209 371 210 372 211 372 211 371 210 373 212 372 211 373 212 355 213 354 213 374 212 355 213 355 213 374 212 372 211 372 211 374 212 375 211 375 211 374 212 376 210 375 211 376 210 377 209 377 209 376 210 378 208 377 209 378 208 379 207 379 207 378 208 366 206 379 207 366 206 368 207 379 207 368 207 370 209 375 211 377 209 372 211 372 211 377 209 370 209 377 209 379 207 370 209 380 214 381 214 382 215 382 215 381 214 383 216 382 215 383 216 384 217 384 217 383 216 385 218 384 217 385 218 386 219 386 219 385 218 387 220 386 219 387 220 367 221 366 221 388 220 367 221 367 221 388 220 386 219 386 219 388 220 389 219 389 219 388 220 390 218 389 219 390 218 391 217 391 217 390 218 392 216 391 217 392 216 393 215 393 215 392 216 380 214 393 215 380 214 382 215 393 215 382 215 384 217 389 219 391 217 386 219 386 219 391 217 384 217 391 217 393 215 384 217 394 222 395 222 396 223 396 223 395 222 397 224 396 223 397 224 398 225 398 225 397 224 399 226 398 225 399 226 400 227 400 227 399 226 401 228 400 227 401 228 381 229 380 229 402 228 381 229 381 229 402 228 400 227 400 227 402 228 403 227 403 227 402 228 404 226 403 227 404 226 405 225 405 225 404 226 406 224 405 225 406 224 407 223 407 223 406 224 394 222 407 223 394 222 396 223 407 223 396 223 398 225 403 227 405 225 400 227 400 227 405 225 398 225 405 225 407 223 398 225 408 230 409 230 410 231 410 231 409 230 411 232 410 231 411 232 412 233 412 233 411 232 413 234 412 233 413 234 414 235 414 235 413 234 415 236 414 235 415 236 416 237 416 237 415 236 395 238 416 237 395 238 394 238 416 237 394 238 417 237 417 237 394 238 418 236 417 237 418 236 419 235 419 235 418 236 420 234 419 235 420 234 421 233 421 233 420 234 422 232 421 233 422 232 423 231 423 231 422 232 408 230 423 231 408 230 410 231 417 237 419 235 416 237 416 237 419 235 414 235 423 231 410 231 412 233 419 235 421 233 414 235 414 235 421 233 412 233 421 233 423 231 412 233 424 239 425 239 426 240 426 240 425 239 427 241 426 240 427 241 428 242 428 242 427 241 429 243 428 242 429 243 430 244 430 244 429 243 431 245 430 244 431 245 409 246 408 246 432 245 409 246 409 246 432 245 430 244 430 244 432 245 433 244 433 244 432 245 434 243 433 244 434 243 435 242 435 242 434 243 436 241 435 242 436 241 437 240 437 240 436 241 424 239 437 240 424 239 426 240 437 240 426 240 428 242 433 244 435 242 430 244 430 244 435 242 428 242 435 242 437 240 428 242 438 247 439 247 440 248 440 248 439 247 441 249 440 248 441 249 442 250 442 250 441 249 443 251 442 250 443 251 444 252 444 252 443 251 445 253 444 252 445 253 425 254 424 254 446 253 425 254 425 254 446 253 444 252 444 252 446 253 447 252 447 252 446 253 448 251 447 252 448 251 449 250 449 250 448 251 450 249 449 250 450 249 451 248 451 248 450 249 438 247 451 248 438 247 440 248 451 248 440 248 442 250 447 252 449 250 444 252 444 252 449 250 442 250 449 250 451 248 442 250 452 255 453 255 454 256 454 256 453 255 455 257 454 256 455 257 456 258 456 258 455 257 457 259 456 258 457 259 458 260 458 260 457 259 459 261 458 260 459 261 460 262 460 262 459 261 439 263 460 262 439 263 438 263 460 262 438 263 461 262 461 262 438 263 462 261 461 262 462 261 463 260 463 260 462 261 464 259 463 260 464 259 465 258 465 258 464 259 466 257 465 258 466 257 467 256 467 256 466 257 452 255 467 256 452 255 454 256 461 262 463 260 460 262 460 262 463 260 458 260 467 256 454 256 456 258 463 260 465 258 458 260 458 260 465 258 456 258 465 258 467 256 456 258 4 264 3 264 468 265 468 265 3 264 469 266 468 265 469 266 470 267 470 267 469 266 471 268 470 267 471 268 472 269 472 269 471 268 473 270 472 269 473 270 474 271 474 271 473 270 453 272 474 271 453 272 452 272 474 271 452 272 475 271 475 271 452 272 476 270 475 271 476 270 477 269 477 269 476 270 478 268 477 269 478 268 479 267 479 267 478 268 480 266 479 267 480 266 481 265 481 265 480 266 4 264 481 265 4 264 468 265 475 271 477 269 474 271 474 271 477 269 472 269 481 265 468 265 470 267 477 269 479 267 472 269 472 269 479 267 470 267 479 267 481 265 470 267 4 273 480 273 0 273 0 273 480 273 13 273 13 273 480 273 478 273 13 273 478 273 15 273 15 273 478 273 476 273 15 273 476 273 17 273 17 273 476 273 452 273 17 273 452 273 5 273 5 273 452 273 466 273 5 273 466 273 464 273 5 273 464 273 27 273 27 273 464 273 462 273 27 273 462 273 29 273 29 273 462 273 438 273 29 273 438 273 31 273 31 273 438 273 19 273 19 273 438 273 450 273 19 273 450 273 41 273 41 273 450 273 448 273 41 273 448 273 43 273 43 273 448 273 446 273 43 273 446 273 45 273 45 273 446 273 424 273 45 273 424 273 436 273 434 273 56 273 436 273 436 273 56 273 54 273 436 273 54 273 33 273 56 273 434 273 57 273 57 273 434 273 432 273 57 273 432 273 47 273 47 273 432 273 67 273 67 273 432 273 408 273 67 273 408 273 69 273 69 273 408 273 422 273 69 273 422 273 71 273 71 273 422 273 420 273 71 273 420 273 59 273 59 273 420 273 418 273 59 273 418 273 81 273 81 273 418 273 394 273 81 273 394 273 83 273 83 273 394 273 406 273 83 273 406 273 85 273 85 273 406 273 404 273 85 273 404 273 402 273 85 273 402 273 73 273 73 273 402 273 380 273 73 273 380 273 95 273 95 273 380 273 392 273 95 273 392 273 390 273 95 273 390 273 97 273 97 273 390 273 388 273 97 273 388 273 366 273 97 273 366 273 99 273 99 273 366 273 378 273 99 273 378 273 87 273 87 273 378 273 376 273 87 273 376 273 108 273 108 273 376 273 374 273 108 273 374 273 110 273 110 273 374 273 112 273 112 273 374 273 364 273 112 273 364 273 101 273 101 273 364 273 363 273 101 273 363 273 361 273 374 273 354 273 364 273 101 273 361 273 120 273 120 273 361 273 338 273 120 273 338 273 122 273 122 273 338 273 482 273 122 273 482 273 124 273 124 273 482 273 113 273 113 273 482 273 132 273 132 273 482 273 134 273 134 273 482 273 135 273 135 273 482 273 352 273 135 273 352 273 350 273 338 273 352 273 482 273 350 273 348 273 135 273 135 273 348 273 125 273 125 273 348 273 324 273 125 273 324 273 145 273 145 273 324 273 147 273 147 273 324 273 336 273 147 273 336 273 149 273 149 273 336 273 334 273 149 273 334 273 137 273 137 273 334 273 159 273 159 273 334 273 332 273 159 273 332 273 161 273 161 273 332 273 163 273 163 273 332 273 304 273 163 273 304 273 151 273 151 273 304 273 173 273 173 273 304 273 175 273 175 273 304 273 322 273 175 273 322 273 177 273 177 273 322 273 320 273 177 273 320 273 165 273 165 273 320 273 318 273 165 273 318 273 189 273 189 273 318 273 316 273 189 273 316 273 191 273 191 273 316 273 193 273 193 273 316 273 288 273 193 273 288 273 179 273 179 273 288 273 302 273 179 273 302 273 203 273 203 273 302 273 300 273 203 273 300 273 205 273 205 273 300 273 298 273 205 273 298 273 207 273 207 273 298 273 195 273 195 273 298 273 272 273 195 273 272 273 217 273 217 273 272 273 286 273 217 273 286 273 219 273 219 273 286 273 284 273 219 273 284 273 221 273 221 273 284 273 282 273 221 273 282 273 209 273 209 273 282 273 256 273 209 273 256 273 233 273 233 273 256 273 235 273 235 273 256 273 270 273 235 273 270 273 237 273 237 273 270 273 268 273 237 273 268 273 223 273 223 273 268 273 247 273 247 273 268 273 266 273 247 273 266 273 249 273 249 273 266 273 251 273 251 273 266 273 253 273 251 273 253 273 239 273 33 273 45 273 436 273 473 274 8 274 453 274 453 274 8 274 6 274 453 274 6 274 455 274 455 274 6 274 457 274 457 274 6 274 26 274 457 274 26 274 459 274 459 274 26 274 24 274 459 274 24 274 439 274 439 274 24 274 22 274 439 274 22 274 20 274 8 274 473 274 10 274 10 274 473 274 471 274 10 274 471 274 12 274 12 274 471 274 469 274 12 274 469 274 1 274 1 274 469 274 3 274 439 274 20 274 441 274 441 274 20 274 40 274 441 274 40 274 443 274 443 274 40 274 38 274 443 274 38 274 445 274 445 274 38 274 36 274 445 274 36 274 34 274 445 274 34 274 425 274 425 274 34 274 53 274 425 274 53 274 427 274 427 274 53 274 51 274 427 274 51 274 429 274 429 274 51 274 50 274 429 274 50 274 431 274 431 274 50 274 48 274 431 274 48 274 66 274 431 274 66 274 409 274 409 274 66 274 64 274 409 274 64 274 411 274 411 274 64 274 62 274 411 274 62 274 413 274 413 274 62 274 60 274 413 274 60 274 415 274 415 274 60 274 80 274 415 274 80 274 395 274 395 274 80 274 78 274 395 274 78 274 397 274 397 274 78 274 76 274 397 274 76 274 399 274 399 274 76 274 401 274 401 274 76 274 74 274 401 274 74 274 381 274 381 274 74 274 94 274 381 274 94 274 383 274 383 274 94 274 385 274 385 274 94 274 92 274 385 274 92 274 387 274 387 274 92 274 367 274 367 274 92 274 90 274 367 274 90 274 369 274 369 274 90 274 88 274 369 274 88 274 371 274 371 274 88 274 107 274 371 274 107 274 105 274 105 274 104 274 371 274 371 274 104 274 102 274 371 274 102 274 119 274 119 274 117 274 371 274 371 274 117 274 116 274 371 274 116 274 373 274 373 274 116 274 114 274 373 274 114 274 355 274 355 274 114 274 357 274 357 274 114 274 483 274 357 274 483 274 359 274 359 274 483 274 360 274 360 274 483 274 339 274 339 274 483 274 341 274 341 274 483 274 128 274 341 274 128 274 343 274 343 274 128 274 345 274 345 274 128 274 126 274 345 274 126 274 325 274 325 274 126 274 144 274 325 274 144 274 142 274 114 274 131 274 483 274 483 274 131 274 130 274 483 274 130 274 128 274 325 274 142 274 327 274 327 274 142 274 140 274 327 274 140 274 329 274 329 274 140 274 138 274 329 274 138 274 158 274 329 274 158 274 331 274 331 274 158 274 156 274 331 274 156 274 154 274 331 274 154 274 305 274 305 274 154 274 152 274 305 274 152 274 172 274 172 274 170 274 305 274 305 274 170 274 307 274 307 274 170 274 168 274 307 274 168 274 309 274 309 274 168 274 166 274 309 274 166 274 311 274 311 274 166 274 186 274 311 274 186 274 313 274 313 274 186 274 184 274 313 274 184 274 182 274 313 274 182 274 289 274 289 274 182 274 180 274 289 274 180 274 291 274 291 274 180 274 202 274 291 274 202 274 293 274 293 274 202 274 200 274 293 274 200 274 295 274 295 274 200 274 198 274 295 274 198 274 196 274 295 274 196 274 273 274 273 274 196 274 216 274 273 274 216 274 275 274 275 274 216 274 214 274 275 274 214 274 277 274 277 274 214 274 212 274 277 274 212 274 279 274 279 274 212 274 210 274 279 274 210 274 257 274 257 274 210 274 230 274 257 274 230 274 228 274 257 274 228 274 259 274 259 274 228 274 226 274 259 274 226 274 261 274 261 274 226 274 224 274 261 274 224 274 246 274 261 274 246 274 263 274 263 274 246 274 244 274 263 274 244 274 242 274 240 274 254 274 242 274 242 274 254 274 263 274</p>
        </triangles>
      </mesh>
    </geometry>
  </library_geometries>
  <library_visual_scenes>
    <visual_scene id="DefaultScene">
      <node id="node_b7385a25_02f5_4ac1_b0cf_fa1c52ca8df4" type="NODE">
        <matrix>1 0 0 0 0 1 0 0 0 0 1 0 0 0 0 1</matrix>
        <node id="node_b7385a25_02f5_4ac1_b0cf_fa1c52ca8df4_mesh0" type="NODE">
          <matrix>10 0 0 0 0 10 0 0 0 0 10 0 0 0 0 1</matrix>
          <instance_geometry url="#geometry_7c1f7254_47f1_45fe_97f9_d1ba4c464c60">
            <bind_material>
              <technique_common>
                <instance_material symbol="mat_0" target="#mat_0"/>
              </technique_common>
            </bind_material>
          </instance_geometry>
        </node>
        <node id="node_b7385a25_02f5_4ac1_b0cf_fa1c52ca8df4_mesh1" type="NODE">
          <matrix>10 0 0 0 0 10 0 0 0 0 10 0 0 0 0 1</matrix>
          <instance_geometry url="#geometry_04d69671_12a7_452d_b982_14f3e7f936fd">
            <bind_material>
              <technique_common>
                <instance_material symbol="mat_1" target="#mat_1"/>
              </technique_common>
            </bind_material>
          </instance_geometry>
        </node>
        <node id="node_b7385a25_02f5_4ac1_b0cf_fa1c52ca8df4_mesh2" type="NODE">
          <matrix>10 0 0 0 0 10 0 0 0 0 10 0 0 0 0 1</matrix>
          <instance_geometry url="#geometry_99a6fb60_568a_4757_8e2d_16d36f730202">
            <bind_material>
              <technique_common>
                <instance_material symbol="mat_2" target="#mat_2"/>
              </technique_common>
            </bind_material>
          </instance_geometry>
        </node>
        <node id="node_b7385a25_02f5_4ac1_b0cf_fa1c52ca8df4_mesh3" type="NODE">
          <matrix>10 0 0 0 0 10 0 0 0 0 10 0 0 0 0 1</matrix>
          <instance_geometry url="#geometry_89c252f4_19e1_4a2b_b78d_3d3a26d35267">
            <bind_material>
              <technique_common>
                <instance_material symbol="mat_3" target="#mat_3"/>
              </technique_common>
            </bind_material>
          </instance_geometry>
        </node>
        <node id="node_b7385a25_02f5_4ac1_b0cf_fa1c52ca8df4_mesh4" type="NODE">
          <matrix>10 0 0 0 0 10 0 0 0 0 10 0 0 0 0 1</matrix>
          <instance_geometry url="#geometry_a5f1c4a6_fabe_460a_9865_d9b2d6619408">
            <bind_material>
              <technique_common>
                <instance_material symbol="mat_3" target="#mat_3"/>
              </technique_common>
            </bind_material>
          </instance_geometry>
        </node>
        <node id="node_b7385a25_02f5_4ac1_b0cf_fa1c52ca8df4_mesh5" type="NODE">
          <matrix>10 0 0 0 0 10 0 0 0 0 10 0 0 0 0 1</matrix>
          <instance_geometry url="#geometry_a728a2be_a96e_43b5_8a64_d6b384dde889">
            <bind_material>
              <technique_common>
                <instance_material symbol="mat_3" target="#mat_3"/>
              </technique_common>
            </bind_material>
          </instance_geometry>
        </node>
        <node id="node_b7385a25_02f5_4ac1_b0cf_fa1c52ca8df4_mesh6" type="NODE">
          <matrix>10 0 0 0 0 10 0 0 0 0 10 0 0 0 0 1</matrix>
          <instance_geometry url="#geometry_257ea555_643a_4e95_a45a_b5d0c735cecd">
            <bind_material>
              <technique_common>
                <instance_material symbol="mat_4" target="#mat_4"/>
              </technique_common>
            </bind_material>
          </instance_geometry>
        </node>
        <node id="node_b7385a25_02f5_4ac1_b0cf_fa1c52ca8df4_mesh7" type="NODE">
          <matrix>10 0 0 0 0 10 0 0 0 0 10 0 0 0 0 1</matrix>
          <instance_geometry url="#geometry_d81ec7ad_6256_4163_a901_f33597acb5f3">
            <bind_material>
              <technique_common>
                <instance_material symbol="mat_3" target="#mat_3"/>
              </technique_common>
            </bind_material>
          </instance_geometry>
        </node>
      </node>
    </visual_scene>
  </library_visual_scenes>
  <scene>
    <instance_visual_scene url="#DefaultScene"/>
  </scene>
</COLLADA>
