<?xml version="1.0" encoding="UTF-8"?>
<COLLADA xmlns="http://www.collada.org/2005/11/COLLADASchema" version="1.4.1">
<!--
# File generated by ImageToStl.com - Free Image and 3D model conversion tools
-->
  <asset>
    <contributor>
      <author>ImageToStl.com</author>
      <authoring_tool>ImageToStl.com</authoring_tool>
    </contributor>
    <created>2024-10-02T10:34:29</created>
    <modified>2024-10-02T10:34:29</modified>
    <up_axis>Y_UP</up_axis>
  </asset>
  <library_effects>
    <effect id="effect_0">
        <profile_COMMON>
          <technique sid="common">
            <phong>
              <emission>
                <color>0 0 0 1</color>
              </emission>
              <diffuse>
                <color>0.35153 0.35153 0.35153 1</color>
              </diffuse>
              <shininess>
                <float>0</float>
              </shininess>
              <transparency>
                <float>1</float>
              </transparency>
            </phong>
          </technique>
        </profile_COMMON>
    </effect>
    <effect id="effect_1">
        <profile_COMMON>
          <technique sid="common">
            <phong>
              <emission>
                <color>0 0 0 1</color>
              </emission>
              <diffuse>
                <color>0.02519 0.02519 0.02519 1</color>
              </diffuse>
              <shininess>
                <float>0</float>
              </shininess>
              <transparency>
                <float>1</float>
              </transparency>
            </phong>
          </technique>
        </profile_COMMON>
    </effect>
    <effect id="effect_2">
        <profile_COMMON>
          <technique sid="common">
            <phong>
              <emission>
                <color>0 0 0 1</color>
              </emission>
              <diffuse>
                <color>0.7011 0.0999 0.0999 1</color>
              </diffuse>
              <shininess>
                <float>0</float>
              </shininess>
              <transparency>
                <float>1</float>
              </transparency>
            </phong>
          </technique>
        </profile_COMMON>
    </effect>
    <effect id="effect_3">
        <profile_COMMON>
          <technique sid="common">
            <phong>
              <emission>
                <color>0 0 0 1</color>
              </emission>
              <diffuse>
                <color>0.84687 0.84687 0.84687 1</color>
              </diffuse>
              <shininess>
                <float>0</float>
              </shininess>
              <transparency>
                <float>1</float>
              </transparency>
            </phong>
          </technique>
        </profile_COMMON>
    </effect>
    <effect id="effect_4">
        <profile_COMMON>
          <technique sid="common">
            <phong>
              <diffuse>
                <color>0.75 0.75 0.75 1</color>
              </diffuse>
            </phong>
          </technique>
        </profile_COMMON>
    </effect>
  </library_effects>
  <library_materials>
    <material id="mat_0">
      <instance_effect url="#effect_0"/>
    </material>
    <material id="mat_1">
      <instance_effect url="#effect_1"/>
    </material>
    <material id="mat_2">
      <instance_effect url="#effect_2"/>
    </material>
    <material id="mat_3">
      <instance_effect url="#effect_3"/>
    </material>
    <material id="mat_4">
      <instance_effect url="#effect_4"/>
    </material>
  </library_materials>
  <library_geometries>
    <geometry id="geometry_19002b74_e155_47e8_945d_0ecacde42dc6">
      <mesh>
        <source id="pos_0">
          <float_array id="pos_0-array" count="336">-27.85262489 -17.95490837 0 -27.81088829 -17.5 0 -27.84129143 -17.88870239 -2.5 -27.81088829 -17.5 -5 -27.85262489 -17.95490837 -5 -27.93824577 -18.28775978 -2.5 -27.98641777 -18.42023659 -5 -28.10701561 -18.68022919 -2.5 -28.21840096 -18.86802483 -5 -28.34697914 -19.04695129 -2.5 -28.54312134 -19.26776695 -5 -28.65072823 -19.36918831 -2.5 -28.94286537 -19.59248924 -5 -29.00459671 -19.63157272 -2.5 -29.3906517 -19.82447052 -5 -29.3906517 -19.82447052 -2.5 -29.78955078 -19.94503784 -2.5 -29.3906517 -19.82447052 0 -29.85598183 -19.9582634 0 -30.31088829 -20 -2.5 -30.31088829 -20 0 -30.76579666 -19.9582634 0 -30.83222771 -19.94503784 -2.5 -31.23112679 -19.82447052 0 -31.36219025 -19.76820755 -2.5 -31.67891312 -19.59248924 0 -31.85783958 -19.46390915 -2.5 -32.07865524 -19.26776695 0 -32.27479935 -19.04695129 -2.5 -32.40337753 -18.86802483 0 -32.57909775 -18.55130005 -2.5 -32.63536072 -18.42023659 0 -32.75592804 -18.02133751 -2.5 -32.76915359 -17.95490837 0 -32.8108902 -17.5 0 -32.76915359 -17.95490837 -5 -32.8108902 -17.5 -5 -29.85598183 -19.9582634 -5 -30.31088829 -20 -5 -30.76579666 -19.9582634 -5 -31.23112679 -19.82447052 -5 -31.67891312 -19.59248924 -5 -32.07865524 -19.26776695 -5 -32.40337753 -18.86802483 -5 -32.63536072 -18.42023659 -5 -28.94286537 -19.59248924 0 -28.54312134 -19.26776695 0 -28.21840096 -18.86802483 0 -27.98641777 -18.42023659 0 -27.85262489 -17.04509163 -5 -27.86585236 -16.97866249 -2.5 -27.98641777 -16.57976341 -5 -28.04268074 -16.44869995 -2.5 -28.21840096 -16.13197517 -5 -28.34697914 -15.95304871 -2.5 -28.54312134 -15.73223305 -5 -28.7639389 -15.5360899 -2.5 -28.94286537 -15.40751076 -5 -29.25958824 -15.2317915 -2.5 -29.3906517 -15.17552948 -5 -29.78955078 -15.05496311 -2.5 -29.85598183 -15.0417366 -5 -30.31088829 -15 -2.5 -30.31088829 -15 -5 -30.76579666 -15.0417366 -5 -30.83222771 -15.05496311 -2.5 -31.23112679 -15.17552948 -5 -31.23112679 -15.17552948 -2.5 -31.61718178 -15.36842823 -2.5 -31.23112679 -15.17552948 0 -31.67891312 -15.40751076 0 -27.85262489 -17.04509163 0 -27.98641777 -16.57976341 0 -28.21840096 -16.13197517 0 -28.54312134 -15.73223305 0 -28.94286537 -15.40751076 0 -29.3906517 -15.17552948 0 -29.85598183 -15.0417366 0 -30.31088829 -15 0 -30.76579666 -15.0417366 0 -31.97105026 -15.63081169 -2.5 -32.07865524 -15.73223305 0 -32.27479935 -15.95304871 -2.5 -32.40337753 -16.13197517 0 -32.51476288 -16.31977081 -2.5 -32.63536072 -16.57976341 0 -32.68353271 -16.71224022 -2.5 -32.76915359 -17.04509163 0 -32.78048706 -17.11129761 -2.5 -32.76915359 -17.04509163 -5 -32.63536072 -16.57976341 -5 -32.40337753 -16.13197517 -5 -32.07865524 -15.73223305 -5 -31.67891312 -15.40751076 -5 -30.31088829 17.5 -5 -30.31088829 17.5 0 -15.15544415 8.75 -2.5 0 0 0 0 0 -5 -60.62177658 0 -5 -60.62177658 0 0 -45.4663353 8.75 -2.5 -60.62177658 -35 -5 -60.62177658 -35 0 -60.62177658 -17.5 -2.5 -30.31088829 -52.5 -5 -30.31088829 -52.5 0 -45.4663353 -43.75 -2.5 0 -35 -5 0 -35 0 -15.15544415 -43.75 -2.5 0 -17.5 -2.5</float_array>
          <technique_common>
            <accessor source="#pos_0-array" count="336" stride="3">
              <param name="X" type="float"/>
              <param name="Y" type="float"/>
              <param name="Z" type="float"/>
            </accessor>
          </technique_common>
        </source>
        <source id="norm_0">
          <float_array id="norm_0-array" count="225">-0.98331 0.18196 0 -1 0 0 -0.98784 0.15548 0 -0.94906 0.3151 0 -0.92979 0.36809 0 -0.88155 0.47209 0 -0.837 0.54721 0 -0.78556 0.61878 0 -0.70711 0.70711 0 -0.66406 0.74768 0 -0.54721 0.837 0 -0.52252 0.85263 0 -0.36809 0.92979 0 -0.20854 0.97801 0 -0.18196 0.98331 0 0 1 0 0.18196 0.98331 0 0.20854 0.97801 0 0.36809 0.92979 0 0.42052 0.90728 0 0.54721 0.837 0 0.61878 0.78556 0 0.70711 0.70711 0 0.78556 0.61878 0 0.837 0.54721 0 0.90728 0.42052 0 0.92979 0.36809 0 0.97801 0.20854 0 0.98331 0.18196 0 1 0 0 -0.98331 -0.18196 -0 -0.97801 -0.20854 -0 -0.92979 -0.36809 -0 -0.90728 -0.42052 -0 -0.837 -0.54721 -0 -0.78556 -0.61878 -0 -0.70711 -0.70711 -0 -0.61878 -0.78556 -0 -0.54721 -0.837 -0 -0.42052 -0.90728 -0 -0.36809 -0.92979 -0 -0.20854 -0.97801 -0 -0.18196 -0.98331 -0 0 -1 0 0.18196 -0.98331 0 0.20854 -0.97801 0 0.36809 -0.92979 0 0.52252 -0.85263 0 0.54721 -0.837 0 -0 -1 -0 0.66406 -0.74768 0 0.70711 -0.70711 0 0.78556 -0.61878 0 0.837 -0.54721 0 0.88155 -0.47209 0 0.92979 -0.36809 0 0.94906 -0.3151 0 0.98331 -0.18196 0 0.98784 -0.15548 0 0.5 0.86603 0 -0.5 0.86603 -0 -0.5 0.86603 -0 -0.5 0.86603 -0 -1 0 0 -1 0 0 -1 0 0 -1 0 0 -1 0 0 -0.5 -0.86603 -0 -0.5 -0.86603 -0 -0.5 -0.86603 -0 0.5 -0.86603 0 1 0 0 0 0 1 -0 -0 -1</float_array>
          <technique_common>
            <accessor source="#norm_0-array" count="225" stride="3">
              <param name="X" type="float"/>
              <param name="Y" type="float"/>
              <param name="Z" type="float"/>
            </accessor>
          </technique_common>
        </source>
        <source id="uvs_0">
          <float_array id="uvs_0-array" count="0"></float_array>
          <technique_common>
            <accessor source="#uvs_0-array" count="0" stride="2">
              <param name="S" type="float"/>
              <param name="T" type="float"/>
            </accessor>
          </technique_common>
        </source>
        <vertices id="vert_0">
          <input semantic="POSITION" source="#pos_0"/>
        </vertices>
        <triangles count="224" material="mat_0">
          <input semantic="VERTEX" source="#vert_0" offset="0"/>
          <input semantic="NORMAL" source="#norm_0" offset="1"/>
          <p>0 0 1 1 2 2 2 2 1 1 3 1 2 2 3 1 4 0 2 2 4 0 5 3 5 3 4 0 6 4 5 3 6 4 7 5 7 5 6 4 8 6 7 5 8 6 9 7 9 7 8 6 10 8 9 7 10 8 11 9 11 9 10 8 12 10 11 9 12 10 13 11 13 11 12 10 14 12 13 11 14 12 15 12 15 12 14 12 16 13 15 12 16 13 17 12 17 12 16 13 18 14 18 14 16 13 19 15 18 14 19 15 20 15 20 15 19 15 21 16 21 16 19 15 22 17 21 16 22 17 23 18 23 18 22 17 24 19 23 18 24 19 25 20 25 20 24 19 26 21 25 20 26 21 27 22 27 22 26 21 28 23 27 22 28 23 29 24 29 24 28 23 30 25 29 24 30 25 31 26 31 26 30 25 32 27 31 26 32 27 33 28 33 28 32 27 34 29 34 29 32 27 35 28 34 29 35 28 36 29 14 12 37 14 16 13 16 13 37 14 19 15 37 14 38 15 19 15 19 15 38 15 39 16 19 15 39 16 22 17 22 17 39 16 40 18 22 17 40 18 24 19 24 19 40 18 41 20 24 19 41 20 26 21 26 21 41 20 42 22 26 21 42 22 28 23 28 23 42 22 43 24 28 23 43 24 30 25 30 25 43 24 44 26 30 25 44 26 32 27 32 27 44 26 35 28 15 12 17 12 13 11 13 11 17 12 45 10 13 11 45 10 11 9 11 9 45 10 46 8 11 9 46 8 9 7 9 7 46 8 47 6 9 7 47 6 7 5 7 5 47 6 48 4 7 5 48 4 5 3 5 3 48 4 0 0 5 3 0 0 2 2 3 1 1 1 49 30 49 30 1 1 50 31 49 30 50 31 51 32 51 32 50 31 52 33 51 32 52 33 53 34 53 34 52 33 54 35 53 34 54 35 55 36 55 36 54 35 56 37 55 36 56 37 57 38 57 38 56 37 58 39 57 38 58 39 59 40 59 40 58 39 60 41 59 40 60 41 61 42 61 42 60 41 62 43 61 42 62 43 63 43 63 43 62 43 64 44 64 44 62 43 65 45 64 44 65 45 66 46 66 46 65 45 67 46 66 46 67 46 68 47 68 47 67 46 69 46 68 47 69 46 70 48 1 1 71 30 50 31 50 31 71 30 72 32 50 31 72 32 52 33 52 33 72 32 73 34 52 33 73 34 54 35 54 35 73 34 74 36 54 35 74 36 56 37 56 37 74 36 75 38 56 37 75 38 58 39 58 39 75 38 76 40 58 39 76 40 60 41 60 41 76 40 77 42 60 41 77 42 62 43 62 43 77 42 78 49 62 43 78 49 79 44 62 43 79 44 65 45 65 45 79 44 69 46 65 45 69 46 67 46 68 47 70 48 80 50 80 50 70 48 81 51 80 50 81 51 82 52 82 52 81 51 83 53 82 52 83 53 84 54 84 54 83 53 85 55 84 54 85 55 86 56 86 56 85 55 87 57 86 56 87 57 88 58 88 58 87 57 34 29 88 58 34 29 36 29 36 29 89 57 88 58 88 58 89 57 86 56 89 57 90 55 86 56 86 56 90 55 84 54 90 55 91 53 84 54 84 54 91 53 82 52 91 53 92 51 82 52 82 52 92 51 80 50 92 51 93 48 80 50 80 50 93 48 68 47 93 48 66 46 68 47 94 59 95 59 96 59 96 59 95 59 97 59 96 59 97 59 98 59 98 59 94 59 96 59 99 60 100 60 101 61 101 61 100 60 95 62 101 61 95 62 94 62 94 62 99 60 101 61 102 63 103 64 104 65 104 65 103 64 100 66 104 65 100 66 99 67 99 67 102 63 104 65 105 68 106 68 107 69 107 69 106 68 103 70 107 69 103 70 102 70 102 70 105 68 107 69 108 71 109 71 110 71 110 71 109 71 106 71 110 71 106 71 105 71 105 71 108 71 110 71 98 72 97 72 111 72 111 72 97 72 109 72 111 72 109 72 108 72 108 72 98 72 111 72 87 73 100 73 34 73 34 73 100 73 103 73 34 73 103 73 33 73 33 73 103 73 31 73 31 73 103 73 29 73 29 73 103 73 27 73 27 73 103 73 106 73 27 73 106 73 25 73 25 73 106 73 23 73 23 73 106 73 21 73 21 73 106 73 20 73 20 73 106 73 18 73 18 73 106 73 17 73 17 73 106 73 45 73 45 73 106 73 46 73 46 73 106 73 109 73 46 73 109 73 47 73 47 73 109 73 48 73 48 73 109 73 0 73 0 73 109 73 1 73 1 73 109 73 97 73 1 73 97 73 71 73 71 73 97 73 72 73 72 73 97 73 73 73 73 73 97 73 74 73 74 73 97 73 95 73 74 73 95 73 75 73 75 73 95 73 76 73 76 73 95 73 77 73 77 73 95 73 78 73 78 73 95 73 79 73 79 73 95 73 69 73 69 73 95 73 70 73 70 73 95 73 81 73 81 73 95 73 100 73 81 73 100 73 83 73 83 73 100 73 85 73 85 73 100 73 87 73 35 74 102 74 36 74 36 74 102 74 99 74 36 74 99 74 89 74 89 74 99 74 90 74 90 74 99 74 91 74 91 74 99 74 92 74 92 74 99 74 94 74 92 74 94 74 93 74 93 74 94 74 66 74 66 74 94 74 64 74 64 74 94 74 63 74 63 74 94 74 61 74 61 74 94 74 59 74 59 74 94 74 57 74 57 74 94 74 55 74 55 74 94 74 98 74 55 74 98 74 53 74 53 74 98 74 51 74 51 74 98 74 49 74 49 74 98 74 3 74 3 74 98 74 108 74 3 74 108 74 4 74 4 74 108 74 6 74 6 74 108 74 8 74 8 74 108 74 10 74 10 74 108 74 105 74 10 74 105 74 12 74 12 74 105 74 14 74 14 74 105 74 37 74 37 74 105 74 38 74 38 74 105 74 39 74 39 74 105 74 40 74 40 74 105 74 41 74 41 74 105 74 42 74 42 74 105 74 102 74 42 74 102 74 43 74 43 74 102 74 44 74 44 74 102 74 35 74</p>
        </triangles>
      </mesh>
    </geometry>
    <geometry id="geometry_7c28588e_6ade_400f_980e_28272a6469d8">
      <mesh>
        <source id="pos_1">
          <float_array id="pos_1-array" count="288">-27.81088829 -17.5 0 -27.81088829 -17.5 150 -27.85262489 -17.95490837 0 -27.86585236 -18.02133751 75 -27.98641777 -18.42023659 0 -28.04268074 -18.55130005 75 -28.21840096 -18.86802483 0 -28.34697914 -19.04695129 75 -28.54312134 -19.26776695 0 -28.7639389 -19.46390915 75 -28.94286537 -19.59248924 0 -29.25958824 -19.76820755 75 -29.3906517 -19.82447052 0 -29.78955078 -19.94503784 75 -29.85598183 -19.9582634 0 -30.31088829 -20 75 -30.31088829 -20 0 -30.76579666 -19.9582634 0 -30.83222771 -19.94503784 75 -31.23112679 -19.82447052 0 -31.23112679 -19.82447052 75 -31.61718178 -19.63157272 75 -31.23112679 -19.82447052 150 -31.67891312 -19.59248924 150 -27.85262489 -17.95490837 150 -27.98641777 -18.42023659 150 -28.21840096 -18.86802483 150 -28.54312134 -19.26776695 150 -28.94286537 -19.59248924 150 -29.3906517 -19.82447052 150 -29.85598183 -19.9582634 150 -30.31088829 -20 150 -30.76579666 -19.9582634 150 -31.97105026 -19.36918831 75 -32.07865524 -19.26776695 150 -32.27479935 -19.04695129 75 -32.40337753 -18.86802483 150 -32.51476288 -18.68022919 75 -32.63536072 -18.42023659 150 -32.68353271 -18.28775978 75 -32.76915359 -17.95490837 150 -32.78048706 -17.88870239 75 -32.8108902 -17.5 150 -32.8108902 -17.5 0 -32.76915359 -17.95490837 0 -32.63536072 -18.42023659 0 -32.40337753 -18.86802483 0 -32.07865524 -19.26776695 0 -31.67891312 -19.59248924 0 -27.85262489 -17.04509163 150 -27.84129143 -17.11129761 75 -27.85262489 -17.04509163 0 -27.93824577 -16.71224022 75 -27.98641777 -16.57976341 0 -28.10701561 -16.31977081 75 -28.21840096 -16.13197517 0 -28.34697914 -15.95304871 75 -28.54312134 -15.73223305 0 -28.65072823 -15.63081169 75 -28.94286537 -15.40751076 0 -29.00459671 -15.36842823 75 -29.3906517 -15.17552948 0 -29.3906517 -15.17552948 75 -29.78955078 -15.05496311 75 -29.3906517 -15.17552948 150 -29.85598183 -15.0417366 150 -30.31088829 -15 75 -30.31088829 -15 150 -30.76579666 -15.0417366 150 -30.83222771 -15.05496311 75 -31.23112679 -15.17552948 150 -31.36219025 -15.2317915 75 -31.67891312 -15.40751076 150 -31.85783958 -15.5360899 75 -32.07865524 -15.73223305 150 -32.27479935 -15.95304871 75 -32.40337753 -16.13197517 150 -32.57909775 -16.44869995 75 -32.63536072 -16.57976341 150 -32.75592804 -16.97866249 75 -32.76915359 -17.04509163 150 -32.76915359 -17.04509163 0 -29.85598183 -15.0417366 0 -30.31088829 -15 0 -30.76579666 -15.0417366 0 -31.23112679 -15.17552948 0 -31.67891312 -15.40751076 0 -32.07865524 -15.73223305 0 -32.40337753 -16.13197517 0 -32.63536072 -16.57976341 0 -28.94286537 -15.40751076 150 -28.54312134 -15.73223305 150 -28.21840096 -16.13197517 150 -27.98641777 -16.57976341 150 -30.31088829 -17.5 150 -30.31088829 -17.5 0</float_array>
          <technique_common>
            <accessor source="#pos_1-array" count="288" stride="3">
              <param name="X" type="float"/>
              <param name="Y" type="float"/>
              <param name="Z" type="float"/>
            </accessor>
          </technique_common>
        </source>
        <source id="norm_1">
          <float_array id="norm_1-array" count="186">1 -0 0 0.98331 -0.18196 0 0.97801 -0.20854 0 0.92979 -0.36809 0 0.90728 -0.42052 0 0.837 -0.54721 0 0.78556 -0.61878 0 0.70711 -0.70711 0 0.61878 -0.78556 0 0.54721 -0.837 0 0.42052 -0.90728 0 0.36809 -0.92979 0 0.20854 -0.97801 0 0.18196 -0.98331 0 -0 -1 -0 -0 -1 0 -0.18196 -0.98331 0 -0.20854 -0.97801 0 -0.36809 -0.92979 0 -0.52252 -0.85263 0 -0.54721 -0.837 0 0 -1 0 -0.66406 -0.74768 0 -0.70711 -0.70711 0 -0.78556 -0.61878 0 -0.837 -0.54721 0 -0.88155 -0.47209 0 -0.92979 -0.36809 0 -0.94906 -0.3151 0 -0.98331 -0.18196 0 -0.98784 -0.15548 0 -1 -0 0 0.98331 0.18196 0 0.98784 0.15548 0 0.94906 0.3151 0 0.92979 0.36809 0 0.88155 0.47209 0 0.837 0.54721 0 0.78556 0.61878 0 0.70711 0.70711 0 0.66406 0.74768 0 0.54721 0.837 0 0.52252 0.85263 0 0.36809 0.92979 0 0.20854 0.97801 0 0.18196 0.98331 0 -0 1 0 -0.18196 0.98331 0 -0.20854 0.97801 0 -0.36809 0.92979 0 -0.42052 0.90728 0 -0.54721 0.837 0 -0.61878 0.78556 0 -0.70711 0.70711 0 -0.78556 0.61878 0 -0.837 0.54721 0 -0.90728 0.42052 0 -0.92979 0.36809 0 -0.97801 0.20854 0 -0.98331 0.18196 0 0 0 1 -0 -0 -1</float_array>
          <technique_common>
            <accessor source="#norm_1-array" count="186" stride="3">
              <param name="X" type="float"/>
              <param name="Y" type="float"/>
              <param name="Z" type="float"/>
            </accessor>
          </technique_common>
        </source>
        <source id="uvs_1">
          <float_array id="uvs_1-array" count="0"></float_array>
          <technique_common>
            <accessor source="#uvs_1-array" count="0" stride="2">
              <param name="S" type="float"/>
              <param name="T" type="float"/>
            </accessor>
          </technique_common>
        </source>
        <vertices id="vert_1">
          <input semantic="POSITION" source="#pos_1"/>
        </vertices>
        <triangles count="188" material="mat_1">
          <input semantic="VERTEX" source="#vert_1" offset="0"/>
          <input semantic="NORMAL" source="#norm_1" offset="1"/>
          <p>0 0 1 0 2 1 2 1 1 0 3 2 2 1 3 2 4 3 4 3 3 2 5 4 4 3 5 4 6 5 6 5 5 4 7 6 6 5 7 6 8 7 8 7 7 6 9 8 8 7 9 8 10 9 10 9 9 8 11 10 10 9 11 10 12 11 12 11 11 10 13 12 12 11 13 12 14 13 14 13 13 12 15 14 14 13 15 14 16 15 16 15 15 14 17 16 17 16 15 14 18 17 17 16 18 17 19 18 19 18 18 17 20 18 19 18 20 18 21 19 21 19 20 18 22 18 21 19 22 18 23 20 1 0 24 1 3 2 3 2 24 1 25 3 3 2 25 3 5 4 5 4 25 3 26 5 5 4 26 5 7 6 7 6 26 5 27 7 7 6 27 7 9 8 9 8 27 7 28 9 9 8 28 9 11 10 11 10 28 9 29 11 11 10 29 11 13 12 13 12 29 11 30 13 13 12 30 13 15 14 15 14 30 13 31 21 15 14 31 21 32 16 15 14 32 16 18 17 18 17 32 16 22 18 18 17 22 18 20 18 21 19 23 20 33 22 33 22 23 20 34 23 33 22 34 23 35 24 35 24 34 23 36 25 35 24 36 25 37 26 37 26 36 25 38 27 37 26 38 27 39 28 39 28 38 27 40 29 39 28 40 29 41 30 41 30 40 29 42 31 41 30 42 31 43 31 43 31 44 29 41 30 41 30 44 29 39 28 44 29 45 27 39 28 39 28 45 27 37 26 45 27 46 25 37 26 37 26 46 25 35 24 46 25 47 23 35 24 35 24 47 23 33 22 47 23 48 20 33 22 33 22 48 20 21 19 48 20 19 18 21 19 49 32 1 0 50 33 50 33 1 0 0 0 50 33 0 0 51 32 50 33 51 32 52 34 52 34 51 32 53 35 52 34 53 35 54 36 54 36 53 35 55 37 54 36 55 37 56 38 56 38 55 37 57 39 56 38 57 39 58 40 58 40 57 39 59 41 58 40 59 41 60 42 60 42 59 41 61 43 60 42 61 43 62 43 62 43 61 43 63 44 62 43 63 44 64 43 64 43 63 44 65 45 65 45 63 44 66 46 65 45 66 46 67 46 67 46 66 46 68 47 68 47 66 46 69 48 68 47 69 48 70 49 70 49 69 48 71 50 70 49 71 50 72 51 72 51 71 50 73 52 72 51 73 52 74 53 74 53 73 52 75 54 74 53 75 54 76 55 76 55 75 54 77 56 76 55 77 56 78 57 78 57 77 56 79 58 78 57 79 58 80 59 80 59 79 58 42 31 42 31 79 58 81 59 42 31 81 59 43 31 61 43 82 45 63 44 63 44 82 45 66 46 82 45 83 46 66 46 66 46 83 46 84 47 66 46 84 47 69 48 69 48 84 47 85 49 69 48 85 49 71 50 71 50 85 49 86 51 71 50 86 51 73 52 73 52 86 51 87 53 73 52 87 53 75 54 75 54 87 53 88 55 75 54 88 55 77 56 77 56 88 55 89 57 77 56 89 57 79 58 79 58 89 57 81 59 62 43 64 43 60 42 60 42 64 43 90 41 60 42 90 41 58 40 58 40 90 41 91 39 58 40 91 39 56 38 56 38 91 39 92 37 56 38 92 37 54 36 54 36 92 37 93 35 54 36 93 35 52 34 52 34 93 35 49 32 52 34 49 32 50 33 80 60 42 60 94 60 94 60 42 60 40 60 94 60 40 60 38 60 38 60 36 60 94 60 94 60 36 60 34 60 94 60 34 60 23 60 23 60 22 60 94 60 94 60 22 60 32 60 94 60 32 60 31 60 31 60 30 60 94 60 94 60 30 60 29 60 94 60 29 60 28 60 28 60 27 60 94 60 94 60 27 60 26 60 94 60 26 60 25 60 25 60 24 60 94 60 94 60 24 60 1 60 94 60 1 60 49 60 49 60 93 60 94 60 94 60 93 60 92 60 94 60 92 60 91 60 91 60 90 60 94 60 94 60 90 60 64 60 94 60 64 60 65 60 65 60 67 60 94 60 94 60 67 60 68 60 94 60 68 60 70 60 70 60 72 60 94 60 94 60 72 60 74 60 94 60 74 60 76 60 76 60 78 60 94 60 94 60 78 60 80 60 51 61 0 61 95 61 95 61 0 61 2 61 95 61 2 61 4 61 4 61 6 61 95 61 95 61 6 61 8 61 95 61 8 61 10 61 10 61 12 61 95 61 95 61 12 61 14 61 95 61 14 61 16 61 16 61 17 61 95 61 95 61 17 61 19 61 95 61 19 61 48 61 48 61 47 61 95 61 95 61 47 61 46 61 95 61 46 61 45 61 45 61 44 61 95 61 95 61 44 61 43 61 95 61 43 61 81 61 81 61 89 61 95 61 95 61 89 61 88 61 95 61 88 61 87 61 87 61 86 61 95 61 95 61 86 61 85 61 95 61 85 61 84 61 84 61 83 61 95 61 95 61 83 61 82 61 95 61 82 61 61 61 61 61 59 61 95 61 95 61 59 61 57 61 95 61 57 61 55 61 55 61 53 61 95 61 95 61 53 61 51 61</p>
        </triangles>
      </mesh>
    </geometry>
    <geometry id="geometry_87ceb489_2472_40ac_8ca3_4f772613380e">
      <mesh>
        <source id="pos_2">
          <float_array id="pos_2-array" count="78">-18.57411766 -15.43050957 151.29040527 -18.57411766 -18.43050957 151.29040527 -30.33201981 -16.93050957 151.41941833 -42.08992004 -18.43050957 151.5484314 -42.08992004 -15.43050957 151.5484314 -1.76348138 -15.43050957 167.73614502 -1.76348138 -18.43050957 167.73614502 -10.1687994 -16.93050957 159.51327515 -1.5054549 -15.43050957 191.25195312 -1.5054549 -18.43050957 191.25195312 -1.6344682 -16.93050957 179.49404907 -17.95118713 -15.43050957 208.06257629 -17.95118713 -18.43050957 208.06257629 -9.72832108 -16.93050957 199.65725708 -41.46699142 -15.43050957 208.32060242 -41.46699142 -18.43050957 208.32060242 -29.70908737 -16.93050957 208.19158936 -58.27762604 -15.43050957 191.87487793 -58.27762604 -18.43050957 191.87487793 -49.87230682 -16.93050957 200.0977478 -58.53565216 -15.43050957 168.35906982 -58.53565216 -18.43050957 168.35906982 -58.4066391 -16.93050957 180.11697388 -50.3127861 -16.93050957 159.95375061 -30.02055359 -15.43050957 179.80551147 -30.02055359 -18.43050957 179.80551147</float_array>
          <technique_common>
            <accessor source="#pos_2-array" count="78" stride="3">
              <param name="X" type="float"/>
              <param name="Y" type="float"/>
              <param name="Z" type="float"/>
            </accessor>
          </technique_common>
        </source>
        <source id="norm_2">
          <float_array id="norm_2-array" count="54">-0.01097 0 -0.99994 0.69931 -0 -0.71482 0.69931 -0 -0.71482 0.69931 -0 -0.71482 0.99994 0 -0.01097 0.71482 0 0.69931 0.01097 -0 0.99994 0.01097 -0 0.99994 0.01097 -0 0.99994 -0.69931 -0 0.71482 -0.69931 -0 0.71482 -0.69931 -0 0.71482 -0.99994 0 0.01097 -0.71482 -0 -0.69931 -0.71482 -0 -0.69931 -0.71482 -0 -0.69931 0 1 0 0 -1 0</float_array>
          <technique_common>
            <accessor source="#norm_2-array" count="54" stride="3">
              <param name="X" type="float"/>
              <param name="Y" type="float"/>
              <param name="Z" type="float"/>
            </accessor>
          </technique_common>
        </source>
        <source id="uvs_2">
          <float_array id="uvs_2-array" count="0"></float_array>
          <technique_common>
            <accessor source="#uvs_2-array" count="0" stride="2">
              <param name="S" type="float"/>
              <param name="T" type="float"/>
            </accessor>
          </technique_common>
        </source>
        <vertices id="vert_2">
          <input semantic="POSITION" source="#pos_2"/>
        </vertices>
        <triangles count="48" material="mat_2">
          <input semantic="VERTEX" source="#vert_2" offset="0"/>
          <input semantic="NORMAL" source="#norm_2" offset="1"/>
          <p>0 0 1 0 2 0 2 0 1 0 3 0 2 0 3 0 4 0 4 0 0 0 2 0 5 1 6 1 7 2 7 2 6 1 1 3 7 2 1 3 0 3 0 3 5 1 7 2 8 4 9 4 10 4 10 4 9 4 6 4 10 4 6 4 5 4 5 4 8 4 10 4 11 5 12 5 13 5 13 5 12 5 9 5 13 5 9 5 8 5 8 5 11 5 13 5 14 6 15 6 16 7 16 7 15 6 12 8 16 7 12 8 11 8 11 8 14 6 16 7 17 9 18 9 19 10 19 10 18 9 15 11 19 10 15 11 14 11 14 11 17 9 19 10 20 12 21 12 22 12 22 12 21 12 18 12 22 12 18 12 17 12 17 12 20 12 22 12 4 13 3 13 23 14 23 14 3 13 21 15 23 14 21 15 20 15 20 15 4 13 23 14 0 16 4 16 24 16 24 16 4 16 20 16 24 16 20 16 17 16 17 16 14 16 24 16 24 16 14 16 11 16 24 16 11 16 8 16 8 16 5 16 24 16 24 16 5 16 0 16 18 17 21 17 25 17 25 17 21 17 3 17 25 17 3 17 1 17 1 17 6 17 25 17 25 17 6 17 9 17 25 17 9 17 12 17 12 17 15 17 25 17 25 17 15 17 18 17</p>
        </triangles>
      </mesh>
    </geometry>
    <geometry id="geometry_06f826a2_662c_4c9d_8cd6_6a2babfb1e2e">
      <mesh>
        <source id="pos_3">
          <float_array id="pos_3-array" count="144">-58.27762604 -15.43050957 191.87487793 -58.27762604 -18.43050957 191.87487793 -58.4066391 -16.93050957 180.11697388 -58.53565216 -18.43050957 168.35906982 -58.53565216 -15.43050957 168.35906982 -41.46699142 -15.43050957 208.32060242 -41.46699142 -18.43050957 208.32060242 -49.87230682 -16.93050957 200.0977478 -17.95118713 -15.43050957 208.06257629 -17.95118713 -18.43050957 208.06257629 -29.70908737 -16.93050957 208.19158936 -1.5054549 -15.43050957 191.25195312 -1.5054549 -18.43050957 191.25195312 -9.72832108 -16.93050957 199.65725708 -1.76348138 -15.43050957 167.73614502 -1.76348138 -18.43050957 167.73614502 -1.6344682 -16.93050957 179.49404907 -18.57411766 -15.43050957 151.29040527 -18.57411766 -18.43050957 151.29040527 -10.1687994 -16.93050957 159.51327515 -42.08992004 -15.43050957 151.5484314 -42.08992004 -18.43050957 151.5484314 -30.33201981 -16.93050957 151.41941833 -50.3127861 -16.93050957 159.95375061 -42.64555359 -15.43050957 149.32606506 -42.64555359 -18.43050957 149.32606506 -51.57277679 -16.93050957 158.25328064 -60.5 -18.43050957 167.18051147 -60.5 -15.43050957 167.18051147 -17.39555359 -15.43050957 149.32606506 -17.39555359 -18.43050957 149.32606506 -30.02055359 -16.93050957 149.32606506 0.45889246 -15.43050957 167.18051147 0.45889246 -18.43050957 167.18051147 -8.46833038 -16.93050957 158.25328064 0.45889246 -15.43050957 192.43051147 0.45889246 -18.43050957 192.43051147 0.45889246 -16.93050957 179.80551147 -17.39555359 -15.43050957 210.28495789 -17.39555359 -18.43050957 210.28495789 -8.46833038 -16.93050957 201.35772705 -42.64555359 -15.43050957 210.28495789 -42.64555359 -18.43050957 210.28495789 -30.02055359 -16.93050957 210.28495789 -60.5 -15.43050957 192.43051147 -60.5 -18.43050957 192.43051147 -51.57277679 -16.93050957 201.35772705 -60.5 -16.93050957 179.80551147</float_array>
          <technique_common>
            <accessor source="#pos_3-array" count="144" stride="3">
              <param name="X" type="float"/>
              <param name="Y" type="float"/>
              <param name="Z" type="float"/>
            </accessor>
          </technique_common>
        </source>
        <source id="norm_3">
          <float_array id="norm_3-array" count="66">0.99994 0 -0.01097 0.69931 0 -0.71482 -0.01097 0 -0.99994 -0.71482 0 -0.69931 -0.99994 0 0.01097 -0.69931 0 0.71482 0.01097 0 0.99994 0.71482 -0 0.69931 0.71482 -0 0.69931 0.71482 -0 0.69931 -0.70711 -0 -0.70711 -0.70711 -0 -0.70711 -0.70711 -0 -0.70711 0 0 -1 0.70711 0 -0.70711 1 0 0 0.70711 0 0.70711 0 0 1 -0.70711 0 0.70711 -1 0 0 0 1 0 0 -1 0</float_array>
          <technique_common>
            <accessor source="#norm_3-array" count="66" stride="3">
              <param name="X" type="float"/>
              <param name="Y" type="float"/>
              <param name="Z" type="float"/>
            </accessor>
          </technique_common>
        </source>
        <source id="uvs_3">
          <float_array id="uvs_3-array" count="0"></float_array>
          <technique_common>
            <accessor source="#uvs_3-array" count="0" stride="2">
              <param name="S" type="float"/>
              <param name="T" type="float"/>
            </accessor>
          </technique_common>
        </source>
        <vertices id="vert_3">
          <input semantic="POSITION" source="#pos_3"/>
        </vertices>
        <triangles count="96" material="mat_3">
          <input semantic="VERTEX" source="#vert_3" offset="0"/>
          <input semantic="NORMAL" source="#norm_3" offset="1"/>
          <p>0 0 1 0 2 0 2 0 1 0 3 0 2 0 3 0 4 0 4 0 0 0 2 0 5 1 6 1 7 1 7 1 6 1 1 1 7 1 1 1 0 1 0 1 5 1 7 1 8 2 9 2 10 2 10 2 9 2 6 2 10 2 6 2 5 2 5 2 8 2 10 2 11 3 12 3 13 3 13 3 12 3 9 3 13 3 9 3 8 3 8 3 11 3 13 3 14 4 15 4 16 4 16 4 15 4 12 4 16 4 12 4 11 4 11 4 14 4 16 4 17 5 18 5 19 5 19 5 18 5 15 5 19 5 15 5 14 5 14 5 17 5 19 5 20 6 21 6 22 6 22 6 21 6 18 6 22 6 18 6 17 6 17 6 20 6 22 6 4 7 3 7 23 8 23 8 3 7 21 9 23 8 21 9 20 9 20 9 4 7 23 8 24 10 25 10 26 11 26 11 25 10 27 12 26 11 27 12 28 12 28 12 24 10 26 11 29 13 30 13 31 13 31 13 30 13 25 13 31 13 25 13 24 13 24 13 29 13 31 13 32 14 33 14 34 14 34 14 33 14 30 14 34 14 30 14 29 14 29 14 32 14 34 14 35 15 36 15 37 15 37 15 36 15 33 15 37 15 33 15 32 15 32 15 35 15 37 15 38 16 39 16 40 16 40 16 39 16 36 16 40 16 36 16 35 16 35 16 38 16 40 16 41 17 42 17 43 17 43 17 42 17 39 17 43 17 39 17 38 17 38 17 41 17 43 17 44 18 45 18 46 18 46 18 45 18 42 18 46 18 42 18 41 18 41 18 44 18 46 18 28 19 27 19 47 19 47 19 27 19 45 19 47 19 45 19 44 19 44 19 28 19 47 19 20 20 28 20 4 20 4 20 28 20 44 20 4 20 44 20 0 20 0 20 44 20 41 20 0 20 41 20 5 20 5 20 41 20 38 20 5 20 38 20 8 20 8 20 38 20 35 20 8 20 35 20 11 20 11 20 35 20 32 20 11 20 32 20 14 20 14 20 32 20 29 20 14 20 29 20 17 20 17 20 29 20 24 20 17 20 24 20 20 20 20 20 24 20 28 20 3 21 27 21 21 21 21 21 27 21 25 21 21 21 25 21 18 21 18 21 25 21 30 21 18 21 30 21 15 21 15 21 30 21 33 21 15 21 33 21 12 21 12 21 33 21 36 21 12 21 36 21 9 21 9 21 36 21 39 21 9 21 39 21 6 21 6 21 39 21 42 21 6 21 42 21 1 21 1 21 42 21 45 21 1 21 45 21 3 21 3 21 45 21 27 21</p>
        </triangles>
      </mesh>
    </geometry>
    <geometry id="geometry_f393b4ba_190d_4311_b6b6_f24500ef9ad9">
      <mesh>
        <source id="pos_4">
          <float_array id="pos_4-array" count="1068">-37.31377792 -20.43050957 180.52600098 -37.31377792 -18.43050957 180.52600098 -37.31377792 -19.43050957 179.93937683 -37.31377792 -18.43050957 179.35275269 -37.31377792 -20.43050957 179.35275269 -33.0777626 -20.43050957 180.53282166 -33.0777626 -18.43050957 180.53282166 -35.19577026 -19.43050957 180.52941895 -33.0777626 -20.43050957 176.822052 -33.0777626 -18.43050957 176.822052 -33.0777626 -19.43050957 178.67744446 -35.09004211 -20.43050957 175.65220642 -35.09004211 -18.43050957 175.65220642 -34.74319458 -19.43050957 175.80406189 -34.55537033 -18.43050957 175.89001465 -34.30131912 -19.43050957 176.01443481 -34.03832626 -18.43050957 176.15829468 -33.87752533 -19.43050957 176.256073 -33.54974365 -18.43050957 176.47581482 -33.54974365 -20.43050957 176.47581482 -33.87752533 -19.93050957 176.256073 -34.03832626 -20.43050957 176.15829468 -34.30131912 -19.93050957 176.01443481 -34.55537033 -20.43050957 175.89001465 -34.74319458 -19.93050957 175.80406189 -37.21828079 -20.43050957 175.25997925 -37.21828079 -18.43050957 175.25997925 -36.85639954 -19.43050957 175.27836609 -36.67390823 -18.43050957 175.29109192 -36.40490341 -19.43050957 175.31794739 -36.13627243 -18.43050957 175.35881042 -35.96033478 -19.43050957 175.3952179 -35.60981369 -18.43050957 175.48733521 -35.60981369 -20.43050957 175.48733521 -35.96033478 -19.93050957 175.3952179 -36.13627243 -20.43050957 175.35881042 -36.40490341 -19.93050957 175.31794739 -36.67390823 -20.43050957 175.29109192 -36.85639954 -19.93050957 175.27836609 -39.8956337 -20.43050957 175.89094543 -39.8956337 -18.43050957 175.89094543 -39.47743225 -19.43050957 175.70985413 -39.25340271 -18.43050957 175.61949158 -38.93450546 -19.43050957 175.50569153 -38.59615326 -18.43050957 175.41104126 -38.37615967 -19.43050957 175.36619568 -37.91441727 -18.43050957 175.30531311 -37.80143738 -19.43050957 175.2953949 -37.80143738 -19.93050957 175.2953949 -37.91441727 -20.43050957 175.30531311 -38.37615967 -19.93050957 175.36619568 -38.59615326 -20.43050957 175.41104126 -38.93450546 -19.93050957 175.50569153 -39.25340271 -20.43050957 175.61949158 -39.47743225 -19.93050957 175.70985413 -41.71350479 -20.43050957 177.71563721 -41.71350479 -18.43050957 177.71563721 -41.48095322 -19.43050957 177.34347534 -41.3584404 -18.43050957 177.16053772 -41.164608 -19.43050957 176.90074158 -41.16392136 -18.43050957 176.89990234 -40.9490242 -18.43050957 176.65953064 -40.79233551 -19.43050957 176.51367188 -40.70929718 -18.43050957 176.44387817 -40.35963821 -19.43050957 176.18673706 -40.44932175 -18.43050957 176.24838257 -40.35963821 -19.93050957 176.18673706 -40.79233551 -19.93050957 176.51367188 -40.70929718 -20.43050957 176.44387817 -40.9490242 -20.43050957 176.65953064 -40.44932175 -20.43050957 176.24838257 -41.164608 -19.93050957 176.90074158 -41.16392136 -20.43050957 176.89990234 -41.3584404 -20.43050957 177.16053772 -41.48095322 -19.93050957 177.34347534 -42.32741928 -20.43050957 180.38276672 -42.32741928 -18.43050957 180.38276672 -42.3012886 -19.43050957 179.90910339 -42.28390884 -18.43050957 179.69032288 -42.24251175 -19.43050957 179.34016418 -42.18144226 -18.43050957 179.01164246 -42.12292862 -19.43050957 178.78541565 -41.97841644 -18.43050957 178.35643005 -41.93586349 -19.43050957 178.24641418 -41.93586349 -19.93050957 178.24641418 -41.97841644 -20.43050957 178.35643005 -42.12292862 -19.93050957 178.78541565 -42.18144226 -20.43050957 179.01164246 -42.24251175 -19.93050957 179.34016418 -42.28390884 -20.43050957 179.69032288 -42.3012886 -19.93050957 179.90910339 -41.71691513 -20.43050957 183.10786438 -41.71691513 -18.43050957 183.10786438 -41.89214706 -19.43050957 182.67497253 -41.97686005 -18.43050957 182.45075989 -42.0873909 -19.43050957 182.12138367 -42.17783737 -18.43050957 181.78036499 -42.22200394 -19.43050957 181.55413818 -42.28153229 -18.43050957 181.08807373 -42.29153824 -19.43050957 180.97224426 -42.29153824 -19.93050957 180.97224426 -42.28153229 -20.43050957 181.08807373 -42.22200394 -19.93050957 181.55413818 -42.17783737 -20.43050957 181.78036499 -42.0873909 -19.93050957 182.12138367 -41.97686005 -20.43050957 182.45075989 -41.89214706 -19.93050957 182.67497253 -39.96043777 -20.43050957 184.98712158 -39.96043777 -18.43050957 184.98712158 -40.3194313 -19.43050957 184.74855042 -40.50483704 -18.43050957 184.61637878 -40.75370789 -19.43050957 184.41827393 -40.75881195 -18.43050957 184.41386414 -40.99091721 -18.43050957 184.19076538 -41.12809753 -19.43050957 184.03164673 -41.19688797 -18.43050957 183.94306946 -41.43889618 -19.43050957 183.58517456 -41.38188553 -18.43050957 183.67562866 -41.43889618 -19.93050957 183.58517456 -41.12809753 -19.93050957 184.03164673 -41.19688797 -20.43050957 183.94306946 -40.99091721 -20.43050957 184.19076538 -41.38188553 -20.43050957 183.67562866 -40.75370789 -19.93050957 184.41827393 -40.75881195 -20.43050957 184.41386414 -40.50483704 -20.43050957 184.61637878 -40.3194313 -19.93050957 184.74855042 -37.3205986 -20.43050957 185.6010437 -37.3205986 -18.43050957 185.6010437 -37.795784 -19.43050957 185.57611084 -38.00718689 -18.43050957 185.55975342 -38.35826111 -19.43050957 185.5186615 -38.67961502 -18.43050957 185.45881653 -38.90613174 -19.43050957 185.39967346 -39.32763672 -18.43050957 185.2550354 -39.43759155 -19.43050957 185.21156311 -39.43759155 -19.93050957 185.21156311 -39.32763672 -20.43050957 185.2550354 -38.90613174 -19.93050957 185.39967346 -38.67961502 -20.43050957 185.45881653 -38.35826111 -19.93050957 185.5186615 -38.00718689 -20.43050957 185.55975342 -37.795784 -19.93050957 185.57611084 -35.35948181 -20.43050957 185.2497406 -35.35948181 -18.43050957 185.2497406 -35.66662216 -19.43050957 185.35055542 -35.83782196 -18.43050957 185.40293884 -36.0704689 -19.43050957 185.46598816 -36.32284927 -18.43050957 185.51951599 -36.48117065 -19.43050957 185.54389954 -36.81860733 -18.43050957 185.57733154 -36.81860733 -20.43050957 185.57733154 -36.48117065 -19.93050957 185.54389954 -36.32284927 -20.43050957 185.51951599 -36.0704689 -19.93050957 185.46598816 -35.83782196 -20.43050957 185.40293884 -35.66662216 -19.93050957 185.35055542 -33.98499298 -20.43050957 184.27088928 -33.98499298 -18.43050957 184.27088928 -34.1736908 -19.43050957 184.46931458 -34.2833252 -18.43050957 184.57844543 -34.43351364 -19.43050957 184.71522522 -34.60717392 -18.43050957 184.85058594 -34.71944809 -19.43050957 184.92492676 -34.97162247 -18.43050957 185.06640625 -34.97162247 -20.43050957 185.06640625 -34.71944809 -19.93050957 184.92492676 -34.60717392 -20.43050957 184.85058594 -34.43351364 -19.93050957 184.71522522 -34.2833252 -20.43050957 184.57844543 -34.1736908 -19.93050957 184.46931458 -33.22782898 -20.43050957 182.63378906 -33.22782898 -18.43050957 182.63378906 -33.319664 -19.43050957 182.94528198 -33.35933685 -18.43050957 183.07028198 -33.43993378 -19.43050957 183.29838562 -33.52093124 -18.43050957 183.49261475 -33.59128189 -19.43050957 183.63684082 -33.73574829 -18.43050957 183.88986206 -33.73574829 -20.43050957 183.88986206 -33.59128189 -19.93050957 183.63684082 -33.52093124 -20.43050957 183.49261475 -33.43993378 -19.93050957 183.29838562 -33.35933685 -20.43050957 183.07028198 -33.319664 -19.93050957 182.94528198 -34.42155457 -20.43050957 182.30636597 -34.42155457 -18.43050957 182.30636597 -33.82469177 -19.43050957 182.47007751 -34.98089981 -20.43050957 183.50691223 -34.98089981 -18.43050957 183.50691223 -34.87201309 -19.43050957 183.3372345 -34.80300903 -18.43050957 183.22489929 -34.60746384 -19.43050957 182.8405304 -34.64742661 -18.43050957 182.93225098 -34.52523422 -18.43050957 182.62371826 -34.52523422 -20.43050957 182.62371826 -34.60746384 -19.93050957 182.8405304 -34.64742661 -20.43050957 182.93225098 -34.80300903 -20.43050957 183.22489929 -34.87201309 -19.93050957 183.3372345 -35.93587875 -20.43050957 184.20608521 -35.93587875 -18.43050957 184.20608521 -35.74523544 -19.43050957 184.11430359 -35.66577911 -18.43050957 184.07350159 -35.52910995 -19.43050957 183.99615479 -35.41216278 -18.43050957 183.91871643 -35.33000183 -19.43050957 183.85510254 -35.18736649 -18.43050957 183.72514343 -35.18736649 -20.43050957 183.72514343 -35.33000183 -19.93050957 183.85510254 -35.41216278 -20.43050957 183.91871643 -35.52910995 -19.93050957 183.99615479 -35.66577911 -20.43050957 184.07350159 -35.74523544 -19.93050957 184.11430359 -37.31377792 -20.43050957 184.46870422 -37.31377792 -18.43050957 184.46870422 -37.07064056 -19.43050957 184.45776367 -36.96010208 -18.43050957 184.45054626 -36.61134338 -18.43050957 184.40701294 -36.49358749 -19.43050957 184.3818512 -36.27100372 -18.43050957 184.32000732 -36.27100372 -20.43050957 184.32000732 -36.49358749 -19.93050957 184.3818512 -36.61134338 -20.43050957 184.40701294 -37.07064056 -19.93050957 184.45776367 -36.96010208 -20.43050957 184.45054626 -38.88267517 -20.43050957 184.19244385 -38.88267517 -18.43050957 184.19244385 -38.64350891 -19.43050957 184.27166748 -38.50033951 -18.43050957 184.31576538 -38.3190918 -19.43050957 184.36489868 -38.11235809 -18.43050957 184.40811157 -37.98891068 -19.43050957 184.42652893 -37.71557236 -18.43050957 184.45214844 -37.71557236 -20.43050957 184.45214844 -37.98891068 -19.93050957 184.42652893 -38.11235809 -20.43050957 184.40811157 -38.3190918 -19.93050957 184.36489868 -38.50033951 -20.43050957 184.31576538 -38.64350891 -19.93050957 184.27166748 -39.95020294 -20.43050957 183.4659729 -39.95020294 -18.43050957 183.4659729 -39.7991333 -19.43050957 183.60960388 -39.71172333 -18.43050957 183.68890381 -39.59298706 -19.43050957 183.78871155 -39.45723343 -18.43050957 183.88853455 -39.37046051 -19.43050957 183.9440155 -39.17729187 -18.43050957 184.05116272 -39.17729187 -20.43050957 184.05116272 -39.37046051 -19.93050957 183.9440155 -39.45723343 -20.43050957 183.88853455 -39.59298706 -19.93050957 183.78871155 -39.71172333 -20.43050957 183.68890381 -39.7991333 -19.93050957 183.60960388 -40.58117294 -20.43050957 182.47689819 -40.58117294 -18.43050957 182.47689819 -40.49720764 -19.43050957 182.6530304 -40.45251465 -18.43050957 182.74269104 -40.30788422 -18.43050957 182.99830627 -40.25412369 -19.43050957 183.07887268 -40.13688278 -18.43050957 183.23713684 -40.13688278 -20.43050957 183.23713684 -40.25412369 -19.93050957 183.07887268 -40.30788422 -20.43050957 182.99830627 -40.45251465 -20.43050957 182.74269104 -40.49720764 -19.93050957 182.6530304 -40.96316528 -20.43050957 180.46461487 -40.96316528 -18.43050957 180.46461487 -40.94664764 -19.43050957 180.81600952 -40.9356041 -18.43050957 180.98072815 -40.90977859 -19.43050957 181.24168396 -40.87151337 -18.43050957 181.48982239 -40.83524704 -19.43050957 181.66014099 -40.74535751 -18.43050957 181.98699951 -40.74535751 -20.43050957 181.98699951 -40.83524704 -19.93050957 181.66014099 -40.87151337 -20.43050957 181.48982239 -40.90977859 -19.93050957 181.24168396 -40.9356041 -20.43050957 180.98072815 -40.94664764 -19.93050957 180.81600952 -40.50272751 -20.43050957 178.22723389 -40.50272751 -18.43050957 178.22723389 -40.63472366 -19.43050957 178.56011963 -40.71063614 -18.43050957 178.76664734 -40.7921524 -19.43050957 179.02006531 -40.86506271 -18.43050957 179.31755066 -40.89512634 -19.43050957 179.49171448 -40.93727112 -18.43050957 179.8861084 -40.94313812 -19.43050957 179.97515869 -40.94313812 -19.93050957 179.97515869 -40.93727112 -20.43050957 179.8861084 -40.89512634 -19.93050957 179.49171448 -40.86506271 -20.43050957 179.31755066 -40.7921524 -19.93050957 179.02006531 -40.71063614 -20.43050957 178.76664734 -40.63472366 -19.93050957 178.56011963 -39.16234589 -20.43050957 176.89025879 -39.16234589 -18.43050957 176.89025879 -39.43676376 -19.43050957 177.05828857 -39.57332993 -18.43050957 177.14822388 -39.76435471 -19.43050957 177.28910828 -39.94268417 -18.43050957 177.44804382 -40.04912567 -19.43050957 177.56297302 -40.24319839 -18.43050957 177.81703186 -40.2878418 -19.43050957 177.88313293 -40.2878418 -19.93050957 177.88313293 -40.24319839 -20.43050957 177.81703186 -40.04912567 -19.93050957 177.56297302 -39.94268417 -20.43050957 177.44804382 -39.76435471 -19.93050957 177.28910828 -39.57332993 -20.43050957 177.14822388 -39.43676376 -19.93050957 177.05828857 -37.29331589 -20.43050957 176.45370483 -37.29331589 -18.43050957 176.45370483 -37.61772156 -19.43050957 176.47380066 -37.77817154 -18.43050957 176.48757935 -38.01802826 -19.43050957 176.51739502 -38.25344086 -18.43050957 176.56245422 -38.40846634 -19.43050957 176.60319519 -38.7127037 -18.43050957 176.70578003 -38.7127037 -20.43050957 176.70578003 -38.40846634 -19.93050957 176.60319519 -38.25344086 -20.43050957 176.56245422 -38.01802826 -19.93050957 176.51739502 -37.77817154 -20.43050957 176.48757935 -37.61772156 -19.93050957 176.47380066 -35.61528015 -20.43050957 176.78453064 -35.61528015 -18.43050957 176.78453064 -35.88913345 -19.43050957 176.6895752 -36.02379227 -18.43050957 176.64585876 -36.23134232 -19.43050957 176.58563232 -36.43827438 -18.43050957 176.53755188 -36.57969666 -19.43050957 176.51296997 -36.86276627 -18.43050957 176.48022461 -36.86276627 -20.43050957 176.48022461 -36.57969666 -19.93050957 176.51296997 -36.43827438 -20.43050957 176.53755188 -36.23134232 -19.93050957 176.58563232 -36.02379227 -20.43050957 176.64585876 -35.88913345 -19.93050957 176.6895752 -34.373806 -20.43050957 177.49053955 -34.373806 -18.43050957 177.49053955 -34.54426956 -19.43050957 177.3631897 -34.6631012 -18.43050957 177.277771 -35.05805588 -19.43050957 177.03648376 -34.96493149 -18.43050957 177.08657837 -35.28508377 -18.43050957 176.9269104 -35.28508377 -20.43050957 176.9269104 -35.05805588 -19.93050957 177.03648376 -34.96493149 -20.43050957 177.08657837 -34.6631012 -20.43050957 177.277771 -34.54426956 -19.93050957 177.3631897 -34.373806 -20.43050957 179.35275269 -34.373806 -18.43050957 179.35275269 -34.373806 -19.43050957 178.42164612 -35.84379196 -19.43050957 179.35275269</float_array>
          <technique_common>
            <accessor source="#pos_4-array" count="1068" stride="3">
              <param name="X" type="float"/>
              <param name="Y" type="float"/>
              <param name="Z" type="float"/>
            </accessor>
          </technique_common>
        </source>
        <source id="norm_4">
          <float_array id="norm_4-array" count="603">-1 -0 -0 -0.00161 0 1 1 0 0 0.39726 0 -0.9177 0.40871 0 -0.91267 0.42457 0 -0.9054 0.45715 0 -0.88939 0.50454 0 -0.86339 0.53347 0 -0.84582 0.57622 0 -0.8173 0.59902 0 -0.80073 0.04579 0 -0.99895 0.06069 0 -0.99816 0.07965 0 -0.99682 0.12195 0 -0.99254 0.1816 0 -0.98337 0.22229 0 -0.97498 0.28084 0 -0.95975 0.31298 0 -0.94976 -0.4033 -0 -0.91507 -0.38541 -0 -0.92275 -0.36088 -0 -0.93261 -0.30744 -0 -0.95157 -0.22694 -0 -0.97391 -0.174 -0 -0.98475 -0.09427 -0 -0.99555 -0.08108 -0 -0.99671 -0.05042 -0 -0.99873 -0.85243 -0 -0.52285 -0.83908 -0 -0.54402 -0.82121 -0 -0.57062 -0.77762 -0 -0.62874 -0.77743 -0 -0.62897 -0.70806 -0 -0.70616 -0.65547 -0 -0.75522 -0.6316 -0 -0.77529 -0.55949 -0 -0.82884 -0.57383 -0 -0.81898 -0.52651 -0 -0.85017 -0.99883 -0 -0.04843 -0.99766 -0 -0.06843 -0.99581 -0 -0.09144 -0.9891 -0 -0.14725 -0.97515 -0 -0.22156 -0.96073 -0 -0.27747 -0.93529 -0 -0.35389 -0.93016 -0 -0.36716 -0.91829 -0 -0.39591 -0.92462 0 0.38088 -0.93147 0 0.36382 -0.93992 0 0.34141 -0.95666 0 0.29122 -0.97606 0 0.21752 -0.98593 0 0.16714 -0.99571 0 0.09255 -0.9968 0 0.07999 -0.99869 0 0.05118 -0.54649 0 0.83746 -0.56743 0 0.82342 -0.5954 0 0.80343 -0.65344 0 0.75698 -0.6549 0 0.75572 -0.73281 0 0.68043 -0.77951 0 0.62639 -0.79952 0 0.60064 -0.8504 0 0.52613 -0.84121 0 0.54072 -0.87067 0 0.49187 -0.04545 0 0.99897 -0.06634 0 0.9978 -0.08935 0 0.996 -0.14718 0 0.98911 -0.22232 0 0.97497 -0.28122 0 0.95964 -0.3605 0 0.93276 -0.37449 0 0.92723 -0.4043 0 0.91463 0.31662 0 0.94855 0.3022 0 0.95325 0.28151 0 0.95956 0.23862 0 0.97111 0.17314 0 0.9849 0.1325 0 0.99118 0.06999 0 0.99755 0.03581 0 0.99936 0.72928 0 0.68422 0.7152 0 0.69892 0.69397 0 0.72001 0.64912 0 0.76068 0.57573 0 0.81764 0.52939 0 0.84838 0.45496 0 0.89051 0.41352 0 0.91049 0.96089 0 0.27695 0.95567 0 0.29445 0.95025 0 0.31149 0.93371 0 0.35802 0.9103 0 0.41394 0.88696 0 0.46185 0.85171 0 0.52402 0.82924 0 0.5589 0.26452 -0 -0.96438 0.26452 -0 -0.96438 0.26452 -0 -0.96438 -0.83918 -0 -0.54386 -0.84641 -0 -0.53253 -0.85868 -0 -0.51251 -0.92336 -0 -0.38394 -0.90954 -0 -0.41561 -0.94404 -0 -0.32982 -0.95366 -0 -0.30088 -0.42715 -0 -0.90418 -0.44714 -0 -0.89446 -0.46763 -0 -0.88392 -0.52082 -0 -0.85367 -0.58551 -0 -0.81066 -0.63724 -0 -0.77067 -0.70281 -0 -0.71138 -0.73784 -0 -0.67497 -0.03929 -0 -0.99923 -0.05628 -0 -0.99841 -0.0754 -0 -0.99715 -0.18438 -0 -0.98286 -0.23209 -0 -0.97269 -0.29745 -0 -0.95474 -0.33392 -0 -0.9426 0.31927 0 -0.94766 0.30479 0 -0.95242 0.28214 0 -0.95937 0.23813 0 -0.97123 0.16803 0 -0.98578 0.12804 0 -0.99177 0.06414 0 -0.99794 0.02974 0 -0.99956 0.69319 0 -0.72075 0.68057 0 -0.73268 0.66166 0 -0.7498 0.62228 0 -0.7828 0.55883 0 -0.82928 0.51924 0 -0.85463 0.45588 0 -0.89004 0.42062 0 -0.90724 0.90467 0 -0.42612 0.89867 0 -0.43863 0.89062 0 -0.45475 0.84263 0 -0.53849 0.82136 0 -0.57041 0.78791 0 -0.61579 0.76827 0 -0.64013 0.99914 0 -0.04147 0.99832 0 -0.05792 0.99702 0 -0.07711 0.99241 0 -0.12299 0.98281 0 -0.18461 0.97308 0 -0.23049 0.95577 0 -0.29413 0.94417 0 -0.32946 0.92738 0 0.37411 0.93392 0 0.35749 0.9439 0 0.33024 0.96042 0 0.27857 0.981 0 0.19402 0.98907 0 0.14746 0.99743 0 0.07167 0.99819 0 0.06011 0.99951 0 0.03131 0.51485 0 0.85728 0.53685 0 0.84367 0.56498 0 0.82511 0.62566 0 0.78009 0.70711 0 0.7071 0.75768 0 0.65263 0.82344 0 0.56741 0.83348 0 0.55255 0.85526 0 0.5182 0.0555 0 0.99846 0.0745 0 0.99722 0.09822 0 0.99516 0.15215 0 0.98836 0.22725 0 0.97384 0.27934 0 0.96019 0.35284 0 0.93569 0.39274 0 0.91965 -0.33264 0 0.94305 -0.31751 0 0.94826 -0.29885 0 0.9543 -0.25535 0 0.96685 -0.19408 0 0.98099 -0.14966 0 0.98874 -0.08554 0 0.99633 -0.0495 0 0.99877 -0.60173 0 0.7987 -0.592 0 0.80594 -0.57367 0 0.81909 -0.46047 0 0.88768 -0.48746 0 0.87314 -0.41281 0 0.91082 -0.3875 0 0.92187 0 0 -1 -0 -1 -0 0 1 0</float_array>
          <technique_common>
            <accessor source="#norm_4-array" count="603" stride="3">
              <param name="X" type="float"/>
              <param name="Y" type="float"/>
              <param name="Z" type="float"/>
            </accessor>
          </technique_common>
        </source>
        <source id="uvs_4">
          <float_array id="uvs_4-array" count="0"></float_array>
          <technique_common>
            <accessor source="#uvs_4-array" count="0" stride="2">
              <param name="S" type="float"/>
              <param name="T" type="float"/>
            </accessor>
          </technique_common>
        </source>
        <vertices id="vert_4">
          <input semantic="POSITION" source="#pos_4"/>
        </vertices>
        <triangles count="708" material="mat_3">
          <input semantic="VERTEX" source="#vert_4" offset="0"/>
          <input semantic="NORMAL" source="#norm_4" offset="1"/>
          <p>0 0 1 0 2 0 2 0 1 0 3 0 2 0 3 0 4 0 4 0 0 0 2 0 5 1 6 1 7 1 7 1 6 1 1 1 7 1 1 1 0 1 0 1 5 1 7 1 8 2 9 2 10 2 10 2 9 2 6 2 10 2 6 2 5 2 5 2 8 2 10 2 11 3 12 3 13 4 13 4 12 3 14 5 13 4 14 5 15 6 15 6 14 5 16 7 15 6 16 7 17 8 17 8 16 7 18 9 17 8 18 9 9 10 8 10 19 9 9 10 9 10 19 9 17 8 17 8 19 9 20 8 20 8 19 9 21 7 20 8 21 7 22 6 22 6 21 7 23 5 22 6 23 5 24 4 24 4 23 5 11 3 24 4 11 3 13 4 24 4 13 4 15 6 20 8 22 6 17 8 17 8 22 6 15 6 22 6 24 4 15 6 25 11 26 11 27 12 27 12 26 11 28 13 27 12 28 13 29 14 29 14 28 13 30 15 29 14 30 15 31 16 31 16 30 15 32 17 31 16 32 17 12 18 11 18 33 17 12 18 12 18 33 17 31 16 31 16 33 17 34 16 34 16 33 17 35 15 34 16 35 15 36 14 36 14 35 15 37 13 36 14 37 13 38 12 38 12 37 13 25 11 38 12 25 11 27 12 38 12 27 12 29 14 34 16 36 14 31 16 31 16 36 14 29 14 36 14 38 12 29 14 39 19 40 19 41 20 41 20 40 19 42 21 41 20 42 21 43 22 43 22 42 21 44 23 43 22 44 23 45 24 45 24 44 23 46 25 45 24 46 25 47 26 47 26 46 25 26 27 47 26 26 27 25 27 47 26 25 27 48 26 48 26 25 27 49 25 48 26 49 25 50 24 50 24 49 25 51 23 50 24 51 23 52 22 52 22 51 23 53 21 52 22 53 21 54 20 54 20 53 21 39 19 54 20 39 19 41 20 48 26 50 24 47 26 47 26 50 24 45 24 54 20 41 20 43 22 50 24 52 22 45 24 45 24 52 22 43 22 52 22 54 20 43 22 55 28 56 28 57 29 57 29 56 28 58 30 57 29 58 30 59 31 59 31 58 30 60 32 59 31 60 32 61 33 59 31 61 33 62 34 62 34 61 33 63 35 62 34 63 35 64 36 64 36 63 35 65 37 64 36 65 37 40 38 40 38 39 38 64 36 64 36 39 38 66 36 64 36 66 36 67 34 67 34 66 36 68 35 67 34 68 35 69 33 39 38 70 37 66 36 66 36 70 37 68 35 67 34 69 33 71 31 71 31 69 33 72 32 71 31 72 32 73 30 71 31 73 30 74 29 74 29 73 30 55 28 74 29 55 28 57 29 64 36 67 34 62 34 62 34 67 34 71 31 62 34 71 31 59 31 59 31 71 31 74 29 59 31 74 29 57 29 75 39 76 39 77 40 77 40 76 39 78 41 77 40 78 41 79 42 79 42 78 41 80 43 79 42 80 43 81 44 81 44 80 43 82 45 81 44 82 45 83 46 83 46 82 45 56 47 83 46 56 47 55 47 83 46 55 47 84 46 84 46 55 47 85 45 84 46 85 45 86 44 86 44 85 45 87 43 86 44 87 43 88 42 88 42 87 43 89 41 88 42 89 41 90 40 90 40 89 41 75 39 90 40 75 39 77 40 84 46 86 44 83 46 83 46 86 44 81 44 90 40 77 40 79 42 86 44 88 42 81 44 81 44 88 42 79 42 88 42 90 40 79 42 91 48 92 48 93 49 93 49 92 48 94 50 93 49 94 50 95 51 95 51 94 50 96 52 95 51 96 52 97 53 97 53 96 52 98 54 97 53 98 54 99 55 99 55 98 54 76 56 99 55 76 56 75 56 99 55 75 56 100 55 100 55 75 56 101 54 100 55 101 54 102 53 102 53 101 54 103 52 102 53 103 52 104 51 104 51 103 52 105 50 104 51 105 50 106 49 106 49 105 50 91 48 106 49 91 48 93 49 100 55 102 53 99 55 99 55 102 53 97 53 106 49 93 49 95 51 102 53 104 51 97 53 97 53 104 51 95 51 104 51 106 49 95 51 107 57 108 57 109 58 109 58 108 57 110 59 109 58 110 59 111 60 111 60 110 59 112 61 111 60 112 61 113 62 111 60 113 62 114 63 114 63 113 62 115 64 114 63 115 64 116 65 116 65 115 64 117 66 116 65 117 66 92 67 92 67 91 67 116 65 116 65 91 67 118 65 116 65 118 65 119 63 119 63 118 65 120 64 119 63 120 64 121 62 91 67 122 66 118 65 118 65 122 66 120 64 119 63 121 62 123 60 123 60 121 62 124 61 123 60 124 61 125 59 123 60 125 59 126 58 126 58 125 59 107 57 126 58 107 57 109 58 116 65 119 63 114 63 114 63 119 63 123 60 114 63 123 60 111 60 111 60 123 60 126 58 111 60 126 58 109 58 127 68 128 68 129 69 129 69 128 68 130 70 129 69 130 70 131 71 131 71 130 70 132 72 131 71 132 72 133 73 133 73 132 72 134 74 133 73 134 74 135 75 135 75 134 74 108 76 135 75 108 76 107 76 135 75 107 76 136 75 136 75 107 76 137 74 136 75 137 74 138 73 138 73 137 74 139 72 138 73 139 72 140 71 140 71 139 72 141 70 140 71 141 70 142 69 142 69 141 70 127 68 142 69 127 68 129 69 136 75 138 73 135 75 135 75 138 73 133 73 142 69 129 69 131 71 138 73 140 71 133 73 133 73 140 71 131 71 140 71 142 69 131 71 143 77 144 77 145 78 145 78 144 77 146 79 145 78 146 79 147 80 147 80 146 79 148 81 147 80 148 81 149 82 149 82 148 81 150 83 149 82 150 83 128 84 127 84 151 83 128 84 128 84 151 83 149 82 149 82 151 83 152 82 152 82 151 83 153 81 152 82 153 81 154 80 154 80 153 81 155 79 154 80 155 79 156 78 156 78 155 79 143 77 156 78 143 77 145 78 156 78 145 78 147 80 152 82 154 80 149 82 149 82 154 80 147 80 154 80 156 78 147 80 157 85 158 85 159 86 159 86 158 85 160 87 159 86 160 87 161 88 161 88 160 87 162 89 161 88 162 89 163 90 163 90 162 89 164 91 163 90 164 91 144 92 143 92 165 91 144 92 144 92 165 91 163 90 163 90 165 91 166 90 166 90 165 91 167 89 166 90 167 89 168 88 168 88 167 89 169 87 168 88 169 87 170 86 170 86 169 87 157 85 170 86 157 85 159 86 170 86 159 86 161 88 166 90 168 88 163 90 163 90 168 88 161 88 168 88 170 86 161 88 171 93 172 93 173 94 173 94 172 93 174 95 173 94 174 95 175 96 175 96 174 95 176 97 175 96 176 97 177 98 177 98 176 97 178 99 177 98 178 99 158 100 157 100 179 99 158 100 158 100 179 99 177 98 177 98 179 99 180 98 180 98 179 99 181 97 180 98 181 97 182 96 182 96 181 97 183 95 182 96 183 95 184 94 184 94 183 95 171 93 184 94 171 93 173 94 184 94 173 94 175 96 180 98 182 96 177 98 177 98 182 96 175 96 182 96 184 94 175 96 185 101 186 101 187 102 187 102 186 101 172 103 187 102 172 103 171 103 171 103 185 101 187 102 188 104 189 104 190 105 190 105 189 104 191 106 190 105 191 106 192 107 192 107 191 106 193 108 192 107 193 108 194 109 194 109 186 110 192 107 192 107 186 110 195 109 192 107 195 109 196 107 196 107 195 109 197 108 196 107 197 108 198 106 186 110 185 110 195 109 196 107 198 106 199 105 199 105 198 106 188 104 199 105 188 104 190 105 199 105 190 105 192 107 196 107 199 105 192 107 200 111 201 111 202 112 202 112 201 111 203 113 202 112 203 113 204 114 204 114 203 113 205 115 204 114 205 115 206 116 206 116 205 115 207 117 206 116 207 117 189 118 188 118 208 117 189 118 189 118 208 117 206 116 206 116 208 117 209 116 209 116 208 117 210 115 209 116 210 115 211 114 211 114 210 115 212 113 211 114 212 113 213 112 213 112 212 113 200 111 213 112 200 111 202 112 213 112 202 112 204 114 209 116 211 114 206 116 206 116 211 114 204 114 211 114 213 112 204 114 214 119 215 119 216 120 216 120 215 119 217 121 216 120 217 121 218 122 216 120 218 122 219 123 219 123 218 122 220 124 219 123 220 124 201 125 200 125 221 124 201 125 201 125 221 124 219 123 219 123 221 124 222 123 222 123 221 124 223 122 222 123 223 122 224 120 224 120 223 122 225 121 224 120 225 121 214 119 224 120 214 119 216 120 224 120 216 120 219 123 222 123 224 120 219 123 226 126 227 126 228 127 228 127 227 126 229 128 228 127 229 128 230 129 230 129 229 128 231 130 230 129 231 130 232 131 232 131 231 130 233 132 232 131 233 132 215 133 214 133 234 132 215 133 215 133 234 132 232 131 232 131 234 132 235 131 235 131 234 132 236 130 235 131 236 130 237 129 237 129 236 130 238 128 237 129 238 128 239 127 239 127 238 128 226 126 239 127 226 126 228 127 239 127 228 127 230 129 235 131 237 129 232 131 232 131 237 129 230 129 237 129 239 127 230 129 240 134 241 134 242 135 242 135 241 134 243 136 242 135 243 136 244 137 244 137 243 136 245 138 244 137 245 138 246 139 246 139 245 138 247 140 246 139 247 140 227 141 226 141 248 140 227 141 227 141 248 140 246 139 246 139 248 140 249 139 249 139 248 140 250 138 249 139 250 138 251 137 251 137 250 138 252 136 251 137 252 136 253 135 253 135 252 136 240 134 253 135 240 134 242 135 253 135 242 135 244 137 249 139 251 137 246 139 246 139 251 137 244 137 251 137 253 135 244 137 254 142 255 142 256 143 256 143 255 142 257 144 256 143 257 144 258 145 256 143 258 145 259 146 259 146 258 145 260 147 259 146 260 147 241 148 240 148 261 147 241 148 241 148 261 147 259 146 259 146 261 147 262 146 262 146 261 147 263 145 262 146 263 145 264 144 262 146 264 144 265 143 265 143 264 144 254 142 265 143 254 142 256 143 265 143 256 143 259 146 262 146 265 143 259 146 266 149 267 149 268 150 268 150 267 149 269 151 268 150 269 151 270 152 270 152 269 151 271 153 270 152 271 153 272 154 272 154 271 153 273 155 272 154 273 155 255 156 254 156 274 155 255 156 255 156 274 155 272 154 272 154 274 155 275 154 275 154 274 155 276 153 275 154 276 153 277 152 277 152 276 153 278 151 277 152 278 151 279 150 279 150 278 151 266 149 279 150 266 149 268 150 279 150 268 150 270 152 275 154 277 152 272 154 272 154 277 152 270 152 277 152 279 150 270 152 280 157 281 157 282 158 282 158 281 157 283 159 282 158 283 159 284 160 284 160 283 159 285 161 284 160 285 161 286 162 286 162 285 161 287 163 286 162 287 163 288 164 288 164 287 163 267 165 288 164 267 165 266 165 288 164 266 165 289 164 289 164 266 165 290 163 289 164 290 163 291 162 291 162 290 163 292 161 291 162 292 161 293 160 293 160 292 161 294 159 293 160 294 159 295 158 295 158 294 159 280 157 295 158 280 157 282 158 289 164 291 162 288 164 288 164 291 162 286 162 295 158 282 158 284 160 291 162 293 160 286 162 286 162 293 160 284 160 293 160 295 158 284 160 296 166 297 166 298 167 298 167 297 166 299 168 298 167 299 168 300 169 300 169 299 168 301 170 300 169 301 170 302 171 302 171 301 170 303 172 302 171 303 172 304 173 304 173 303 172 281 174 304 173 281 174 280 174 304 173 280 174 305 173 305 173 280 174 306 172 305 173 306 172 307 171 307 171 306 172 308 170 307 171 308 170 309 169 309 169 308 170 310 168 309 169 310 168 311 167 311 167 310 168 296 166 311 167 296 166 298 167 305 173 307 171 304 173 304 173 307 171 302 171 311 167 298 167 300 169 307 171 309 169 302 171 302 171 309 169 300 169 309 169 311 167 300 169 312 175 313 175 314 176 314 176 313 175 315 177 314 176 315 177 316 178 316 178 315 177 317 179 316 178 317 179 318 180 318 180 317 179 319 181 318 180 319 181 297 182 296 182 320 181 297 182 297 182 320 181 318 180 318 180 320 181 321 180 321 180 320 181 322 179 321 180 322 179 323 178 323 178 322 179 324 177 323 178 324 177 325 176 325 176 324 177 312 175 325 176 312 175 314 176 325 176 314 176 316 178 321 180 323 178 318 180 318 180 323 178 316 178 323 178 325 176 316 178 326 183 327 183 328 184 328 184 327 183 329 185 328 184 329 185 330 186 330 186 329 185 331 187 330 186 331 187 332 188 332 188 331 187 333 189 332 188 333 189 313 190 312 190 334 189 313 190 313 190 334 189 332 188 332 188 334 189 335 188 335 188 334 189 336 187 335 188 336 187 337 186 337 186 336 187 338 185 337 186 338 185 339 184 339 184 338 185 326 183 339 184 326 183 328 184 339 184 328 184 330 186 335 188 337 186 332 188 332 188 337 186 330 186 337 186 339 184 330 186 340 191 341 191 342 192 342 192 341 191 343 193 342 192 343 193 344 194 344 194 343 193 345 195 344 194 345 195 346 196 346 196 327 197 344 194 344 194 327 197 347 196 344 194 347 196 348 194 348 194 347 196 349 195 348 194 349 195 350 193 327 197 326 197 347 196 348 194 350 193 351 192 351 192 350 193 340 191 351 192 340 191 342 192 351 192 342 192 344 194 348 194 351 192 344 194 352 0 353 0 354 0 354 0 353 0 341 0 354 0 341 0 340 0 340 0 352 0 354 0 4 198 3 198 355 198 355 198 3 198 353 198 355 198 353 198 352 198 352 198 4 198 355 198 4 199 352 199 0 199 0 199 352 199 5 199 5 199 352 199 8 199 8 199 352 199 340 199 8 199 340 199 19 199 19 199 340 199 21 199 21 199 340 199 350 199 21 199 350 199 349 199 21 199 349 199 23 199 23 199 349 199 347 199 23 199 347 199 11 199 11 199 347 199 326 199 11 199 326 199 33 199 33 199 326 199 338 199 33 199 338 199 35 199 35 199 338 199 336 199 35 199 336 199 37 199 37 199 336 199 334 199 37 199 334 199 25 199 25 199 334 199 312 199 25 199 312 199 49 199 49 199 312 199 324 199 49 199 324 199 322 199 49 199 322 199 51 199 51 199 322 199 320 199 51 199 320 199 53 199 53 199 320 199 296 199 53 199 296 199 39 199 39 199 296 199 310 199 39 199 310 199 70 199 70 199 310 199 308 199 70 199 308 199 68 199 68 199 308 199 69 199 69 199 308 199 306 199 69 199 306 199 72 199 72 199 306 199 73 199 73 199 306 199 280 199 73 199 280 199 55 199 55 199 280 199 294 199 55 199 294 199 85 199 85 199 294 199 292 199 85 199 292 199 87 199 87 199 292 199 89 199 89 199 292 199 290 199 89 199 290 199 75 199 75 199 290 199 266 199 75 199 266 199 101 199 101 199 266 199 278 199 101 199 278 199 103 199 103 199 278 199 276 199 103 199 276 199 105 199 105 199 276 199 274 199 105 199 274 199 254 199 105 199 254 199 91 199 91 199 254 199 264 199 91 199 264 199 122 199 122 199 264 199 263 199 122 199 263 199 120 199 120 199 263 199 261 199 120 199 261 199 121 199 121 199 261 199 240 199 121 199 240 199 124 199 124 199 240 199 125 199 125 199 240 199 252 199 125 199 252 199 107 199 107 199 252 199 250 199 107 199 250 199 248 199 107 199 248 199 137 199 137 199 248 199 226 199 137 199 226 199 139 199 139 199 226 199 238 199 139 199 238 199 236 199 139 199 236 199 141 199 141 199 236 199 234 199 141 199 234 199 127 199 127 199 234 199 214 199 127 199 214 199 225 199 127 199 225 199 151 199 151 199 225 199 223 199 151 199 223 199 153 199 153 199 223 199 221 199 153 199 221 199 155 199 155 199 221 199 200 199 155 199 200 199 143 199 143 199 200 199 212 199 143 199 212 199 165 199 165 199 212 199 210 199 165 199 210 199 167 199 167 199 210 199 208 199 167 199 208 199 169 199 169 199 208 199 188 199 169 199 188 199 157 199 157 199 188 199 198 199 157 199 198 199 179 199 179 199 198 199 197 199 179 199 197 199 181 199 181 199 197 199 195 199 181 199 195 199 183 199 183 199 195 199 185 199 183 199 185 199 171 199 3 200 1 200 353 200 353 200 1 200 6 200 353 200 6 200 9 200 353 200 9 200 341 200 341 200 9 200 18 200 341 200 18 200 16 200 14 200 345 200 16 200 16 200 345 200 343 200 16 200 343 200 341 200 345 200 14 200 346 200 346 200 14 200 12 200 346 200 12 200 327 200 327 200 12 200 32 200 327 200 32 200 329 200 329 200 32 200 30 200 329 200 30 200 331 200 331 200 30 200 28 200 331 200 28 200 333 200 333 200 28 200 26 200 333 200 26 200 313 200 313 200 26 200 46 200 313 200 46 200 315 200 315 200 46 200 317 200 317 200 46 200 44 200 317 200 44 200 319 200 319 200 44 200 42 200 319 200 42 200 297 200 297 200 42 200 40 200 297 200 40 200 299 200 299 200 40 200 65 200 299 200 65 200 301 200 301 200 65 200 63 200 301 200 63 200 61 200 301 200 61 200 303 200 303 200 61 200 60 200 303 200 60 200 58 200 303 200 58 200 281 200 281 200 58 200 56 200 281 200 56 200 283 200 283 200 56 200 82 200 283 200 82 200 285 200 285 200 82 200 80 200 285 200 80 200 78 200 285 200 78 200 287 200 287 200 78 200 76 200 287 200 76 200 267 200 267 200 76 200 98 200 267 200 98 200 269 200 269 200 98 200 96 200 269 200 96 200 271 200 271 200 96 200 94 200 271 200 94 200 273 200 273 200 94 200 255 200 255 200 94 200 92 200 255 200 92 200 257 200 257 200 92 200 117 200 257 200 117 200 258 200 258 200 117 200 115 200 258 200 115 200 260 200 260 200 115 200 113 200 260 200 113 200 241 200 241 200 113 200 112 200 241 200 112 200 110 200 241 200 110 200 243 200 243 200 110 200 108 200 243 200 108 200 245 200 245 200 108 200 247 200 247 200 108 200 134 200 247 200 134 200 227 200 227 200 134 200 132 200 227 200 132 200 229 200 229 200 132 200 231 200 231 200 132 200 130 200 231 200 130 200 233 200 233 200 130 200 128 200 233 200 128 200 215 200 215 200 128 200 217 200 217 200 128 200 150 200 217 200 150 200 218 200 218 200 150 200 148 200 218 200 148 200 220 200 220 200 148 200 146 200 220 200 146 200 201 200 201 200 146 200 144 200 201 200 144 200 203 200 203 200 144 200 164 200 203 200 164 200 205 200 205 200 164 200 162 200 205 200 162 200 207 200 207 200 162 200 160 200 207 200 160 200 189 200 189 200 160 200 158 200 189 200 158 200 191 200 191 200 158 200 178 200 191 200 178 200 193 200 193 200 178 200 176 200 193 200 176 200 194 200 194 200 176 200 174 200 194 200 174 200 186 200 186 200 174 200 172 200</p>
        </triangles>
      </mesh>
    </geometry>
    <geometry id="geometry_b2943e8a_9250_492b_be6f_c94c87cf2074">
      <mesh>
        <source id="pos_5">
          <float_array id="pos_5-array" count="117">-32.1432457 -20.43050957 185.43051147 -32.1432457 -18.43050957 185.43051147 -30.20600128 -19.43050957 180.43051147 -28.26875687 -18.43050957 175.43051147 -28.26875687 -20.43050957 175.43051147 -30.71077538 -20.43050957 185.43051147 -30.71077538 -18.43050957 185.43051147 -31.42701149 -19.43050957 185.43051147 -28.1118679 -20.43050957 178.16584778 -28.1118679 -18.43050957 178.16584778 -29.41132164 -19.43050957 181.798172 -27.58662987 -20.43050957 176.5287323 -27.58662987 -18.43050957 176.5287323 -27.66355133 -19.43050957 176.79315186 -27.70732307 -18.43050957 176.94140625 -27.83397865 -18.43050957 177.35217285 -27.97016716 -18.43050957 177.7598877 -27.83397865 -20.43050957 177.35217285 -27.70732307 -20.43050957 176.94140625 -27.97016716 -20.43050957 177.7598877 -27.04774666 -20.43050957 178.16584778 -27.04774666 -18.43050957 178.16584778 -27.14635277 -19.43050957 177.8938446 -27.19408417 -18.43050957 177.76039124 -27.33411598 -18.43050957 177.3528595 -27.46356773 -18.43050957 176.94184875 -27.33411598 -20.43050957 177.3528595 -27.19408417 -20.43050957 177.76039124 -27.46356773 -20.43050957 176.94184875 -24.34651947 -20.43050957 185.43051147 -24.34651947 -18.43050957 185.43051147 -25.69713402 -19.43050957 181.798172 -22.99590492 -20.43050957 185.43051147 -22.99590492 -18.43050957 185.43051147 -23.67121315 -19.43050957 185.43051147 -26.91132164 -20.43050957 175.43051147 -26.91132164 -18.43050957 175.43051147 -24.95361328 -19.43050957 180.43051147 -27.59004021 -19.43050957 175.43051147</float_array>
          <technique_common>
            <accessor source="#pos_5-array" count="117" stride="3">
              <param name="X" type="float"/>
              <param name="Y" type="float"/>
              <param name="Z" type="float"/>
            </accessor>
          </technique_common>
        </source>
        <source id="norm_5">
          <float_array id="norm_5-array" count="66">-0.93246 0 -0.36128 -0.93246 0 -0.36128 -0.93246 0 -0.36128 0 0 1 0.94156 0 0.33684 0.96047 0 0.27837 0.95964 0 0.28124 0.95842 0 0.28536 0.95198 0 0.30615 0.9456 0 0.32532 0.94339 0 0.33168 -0.93974 0 0.3419 -0.94092 0 0.33864 -0.94234 0 0.33465 -0.94982 0 0.3128 -0.95688 0 0.29047 -0.95912 0 0.283 -0.9373 0 0.34852 0.93117 0 -0.36459 0 0 -1 0 -1 0 0 1 0</float_array>
          <technique_common>
            <accessor source="#norm_5-array" count="66" stride="3">
              <param name="X" type="float"/>
              <param name="Y" type="float"/>
              <param name="Z" type="float"/>
            </accessor>
          </technique_common>
        </source>
        <source id="uvs_5">
          <float_array id="uvs_5-array" count="0"></float_array>
          <technique_common>
            <accessor source="#uvs_5-array" count="0" stride="2">
              <param name="S" type="float"/>
              <param name="T" type="float"/>
            </accessor>
          </technique_common>
        </source>
        <vertices id="vert_5">
          <input semantic="POSITION" source="#pos_5"/>
        </vertices>
        <triangles count="74" material="mat_3">
          <input semantic="VERTEX" source="#vert_5" offset="0"/>
          <input semantic="NORMAL" source="#norm_5" offset="1"/>
          <p>0 0 1 0 2 1 2 1 1 0 3 2 2 1 3 2 4 2 4 2 0 0 2 1 5 3 6 3 7 3 7 3 6 3 1 3 7 3 1 3 0 3 0 3 5 3 7 3 8 4 9 4 10 4 10 4 9 4 6 4 10 4 6 4 5 4 5 4 8 4 10 4 11 5 12 5 13 6 13 6 12 5 14 7 13 6 14 7 15 8 15 8 16 9 13 6 13 6 16 9 17 8 13 6 17 8 18 7 17 8 16 9 19 9 19 9 16 9 9 10 19 9 9 10 8 10 18 7 11 5 13 6 20 11 21 11 22 12 22 12 21 11 23 13 22 12 23 13 24 14 24 14 25 15 22 12 22 12 25 15 26 14 22 12 26 14 27 13 26 14 25 15 28 15 28 15 25 15 12 16 28 15 12 16 11 16 27 13 20 11 22 12 29 17 30 17 31 17 31 17 30 17 21 17 31 17 21 17 20 17 20 17 29 17 31 17 32 3 33 3 34 3 34 3 33 3 30 3 34 3 30 3 29 3 29 3 32 3 34 3 35 18 36 18 37 18 37 18 36 18 33 18 37 18 33 18 32 18 32 18 35 18 37 18 4 19 3 19 38 19 38 19 3 19 36 19 38 19 36 19 35 19 35 19 4 19 38 19 35 20 11 20 4 20 4 20 11 20 18 20 4 20 18 20 17 20 32 20 20 20 35 20 35 20 20 20 27 20 35 20 27 20 26 20 32 20 29 20 20 20 26 20 28 20 35 20 35 20 28 20 11 20 17 20 19 20 4 20 4 20 19 20 8 20 4 20 8 20 0 20 0 20 8 20 5 20 3 21 12 21 36 21 36 21 12 21 25 21 36 21 25 21 24 21 1 21 9 21 3 21 3 21 9 21 16 21 3 21 16 21 15 21 1 21 6 21 9 21 15 21 14 21 3 21 3 21 14 21 12 21 24 21 23 21 36 21 36 21 23 21 21 21 36 21 21 21 33 21 33 21 21 21 30 21</p>
        </triangles>
      </mesh>
    </geometry>
    <geometry id="geometry_53da27d7_8de3_4bb5_9557_97b982dcdb16">
      <mesh>
        <source id="pos_6">
          <float_array id="pos_6-array" count="1032">-13.35061741 -20.43050957 178.60240173 -13.35061741 -18.43050957 178.60240173 -14.01228046 -19.43050957 178.76953125 -14.67394352 -18.43050957 178.93664551 -14.67394352 -20.43050957 178.93664551 -14.84788609 -20.43050957 176.11604309 -14.84788609 -18.43050957 176.11604309 -14.51545048 -19.43050957 176.44903564 -14.32919025 -18.43050957 176.64891052 -14.10733032 -19.43050957 176.9155426 -14.09547997 -18.43050957 176.93110657 -13.93235874 -19.43050957 177.16667175 -13.89250183 -18.43050957 177.23217773 -13.7829895 -19.43050957 177.43351746 -13.72479439 -18.43050957 177.55493164 -13.54478931 -19.43050957 178.00444031 -13.58471775 -18.43050957 177.89465332 -13.54478931 -19.93050957 178.00444031 -13.7829895 -19.93050957 177.43351746 -13.72479439 -20.43050957 177.55493164 -13.89250183 -20.43050957 177.23217773 -13.58471775 -20.43050957 177.89465332 -13.93235874 -19.93050957 177.16667175 -14.09547997 -20.43050957 176.93110657 -14.10733032 -19.93050957 176.9155426 -14.32919025 -20.43050957 176.64891052 -14.51545048 -19.93050957 176.44903564 -17.49113464 -20.43050957 175.25997925 -17.49113464 -18.43050957 175.25997925 -16.99855423 -19.43050957 175.29508972 -16.77884865 -18.43050957 175.31819153 -16.4196682 -19.43050957 175.37556458 -16.4312706 -18.43050957 175.37321472 -16.13993835 -19.43050957 175.44520569 -16.09397507 -18.43050957 175.45936584 -15.86907196 -19.43050957 175.54167175 -15.7696209 -18.43050957 175.58470154 -15.4562645 -18.43050957 175.74331665 -15.35016251 -19.43050957 175.80368042 -15.35016251 -19.93050957 175.80368042 -15.4562645 -20.43050957 175.74331665 -15.7696209 -20.43050957 175.58470154 -15.86907196 -19.93050957 175.54167175 -16.09397507 -20.43050957 175.45936584 -16.13993835 -19.93050957 175.44520569 -16.4312706 -20.43050957 175.37321472 -16.4196682 -19.93050957 175.37556458 -16.77884865 -20.43050957 175.31819153 -16.99855423 -19.93050957 175.29508972 -20.12073708 -20.43050957 175.91822815 -20.12073708 -18.43050957 175.91822815 -19.73910332 -19.43050957 175.72955322 -19.49847984 -18.43050957 175.61967468 -19.20564842 -19.43050957 175.50335693 -19.18099022 -18.43050957 175.49464417 -18.85589409 -18.43050957 175.39862061 -18.65151787 -19.43050957 175.35597229 -18.18223572 -18.43050957 175.29605103 -18.07661057 -19.43050957 175.28782654 -18.07661057 -19.93050957 175.28782654 -18.18223572 -20.43050957 175.29605103 -18.65151787 -19.93050957 175.35597229 -18.85589409 -20.43050957 175.39862061 -19.20564842 -19.93050957 175.50335693 -19.18099022 -20.43050957 175.49464417 -19.49847984 -20.43050957 175.61967468 -19.73910332 -19.93050957 175.72955322 -21.66234589 -20.43050957 177.82478333 -21.66234589 -18.43050957 177.82478333 -21.46858215 -19.43050957 177.43922424 -21.37573242 -18.43050957 177.26750183 -21.2107563 -19.43050957 176.99438477 -21.03639412 -18.43050957 176.75325012 -20.89853477 -19.43050957 176.59393311 -20.6065979 -18.43050957 176.31285095 -20.52556229 -19.43050957 176.24307251 -20.52556229 -19.93050957 176.24307251 -20.6065979 -20.43050957 176.31285095 -20.89853477 -19.93050957 176.59393311 -21.03639412 -20.43050957 176.75325012 -21.2107563 -19.93050957 176.99438477 -21.37573242 -20.43050957 177.26750183 -21.46858215 -19.93050957 177.43922424 -22.19099617 -20.43050957 180.50553894 -22.19099617 -18.43050957 180.50553894 -22.16765785 -19.43050957 180.03929138 -22.15193176 -18.43050957 179.81684875 -22.11606979 -19.43050957 179.47080994 -22.06260109 -18.43050957 179.13815308 -22.01267815 -19.43050957 178.91262817 -21.88833046 -18.43050957 178.47633362 -21.85234833 -19.43050957 178.36575317 -21.85234833 -19.93050957 178.36575317 -21.88833046 -20.43050957 178.47633362 -22.01267815 -19.93050957 178.91262817 -22.06260109 -20.43050957 179.13815308 -22.11606979 -19.93050957 179.47080994 -22.15193176 -20.43050957 179.81684875 -22.16765785 -19.93050957 180.03929138 -21.59413338 -20.43050957 183.23065186 -21.59413338 -18.43050957 183.23065186 -21.76536369 -19.43050957 182.81466675 -21.85707474 -18.43050957 182.57493591 -21.96377754 -19.43050957 182.2580719 -22.05578423 -18.43050957 181.90480042 -22.09649277 -19.43050957 181.68670654 -22.15266991 -18.43050957 181.21174622 -22.16116333 -19.43050957 181.10003662 -22.16116333 -19.93050957 181.10003662 -22.15266991 -20.43050957 181.21174622 -22.09649277 -19.93050957 181.68670654 -22.05578423 -20.43050957 181.90480042 -21.96377754 -19.93050957 182.2580719 -21.85707474 -20.43050957 182.57493591 -21.76536369 -19.93050957 182.81466675 -19.8956356 -20.43050957 184.99736023 -19.8956356 -18.43050957 184.99736023 -20.24039459 -19.43050957 184.76843262 -20.41351128 -18.43050957 184.64562988 -20.65393448 -19.43050957 184.45643616 -20.88012505 -18.43050957 184.2444458 -21.0147686 -19.43050957 184.09358215 -21.26222038 -18.43050957 183.76174927 -21.31906509 -19.43050957 183.6762085 -21.31906509 -19.93050957 183.6762085 -21.26222038 -20.43050957 183.76174927 -21.0147686 -19.93050957 184.09358215 -20.88012505 -20.43050957 184.2444458 -20.65393448 -19.93050957 184.45643616 -20.41351128 -20.43050957 184.64562988 -20.24039459 -19.93050957 184.76843262 -17.47066879 -20.43050957 185.6010437 -17.47066879 -18.43050957 185.6010437 -17.89922333 -19.43050957 185.57434082 -18.10354805 -18.43050957 185.55633545 -18.41971207 -19.43050957 185.5153656 -18.72204018 -18.43050957 185.45425415 -18.92537498 -19.43050957 185.39727783 -19.31623077 -18.43050957 185.25527954 -19.41474915 -19.43050957 185.2142334 -19.41474915 -19.93050957 185.2142334 -19.31623077 -20.43050957 185.25527954 -18.92537498 -19.93050957 185.39727783 -18.72204018 -20.43050957 185.45425415 -18.41971207 -19.93050957 185.5153656 -18.10354805 -20.43050957 185.55633545 -17.89922333 -19.93050957 185.57434082 -14.94679356 -20.43050957 184.83705139 -14.94679356 -18.43050957 184.83705139 -15.31889057 -19.43050957 185.0562439 -15.53283119 -18.43050957 185.17272949 -15.82049751 -19.43050957 185.30944824 -15.83376503 -18.43050957 185.31507874 -16.14418983 -18.43050957 185.42686462 -16.34801674 -19.43050957 185.47921753 -16.46565437 -18.43050957 185.50311279 -16.90244865 -19.43050957 185.56233215 -16.79582214 -18.43050957 185.55133057 -16.90244865 -19.93050957 185.56233215 -16.34801674 -19.93050957 185.47921753 -16.46565437 -20.43050957 185.50311279 -16.14418983 -20.43050957 185.42686462 -16.79582214 -20.43050957 185.55133057 -15.82049751 -19.93050957 185.30944824 -15.83376503 -20.43050957 185.31507874 -15.53283119 -20.43050957 185.17272949 -15.31889057 -19.93050957 185.0562439 -13.52114964 -20.43050957 182.68835449 -13.52114964 -18.43050957 182.68835449 -13.67877293 -19.43050957 183.11717224 -13.75575924 -18.43050957 183.30731201 -13.89823437 -19.43050957 183.61264038 -13.89334965 -18.43050957 183.60316467 -14.05528164 -18.43050957 183.88267517 -14.18467426 -19.43050957 184.06312561 -14.24783707 -18.43050957 184.14163208 -14.46638107 -18.43050957 184.38313293 -14.54606915 -19.43050957 184.46330261 -14.54606915 -19.93050957 184.46330261 -14.46638107 -20.43050957 184.38313293 -14.24783707 -20.43050957 184.14163208 -14.18467426 -19.93050957 184.06312561 -14.05528164 -20.43050957 183.88267517 -13.89823437 -19.93050957 183.61264038 -13.89334965 -20.43050957 183.60316467 -13.75575924 -20.43050957 183.30731201 -13.67877293 -19.93050957 183.11717224 -14.82401371 -20.43050957 182.38139343 -14.82401371 -18.43050957 182.38139343 -14.17258167 -19.43050957 182.53488159 -15.8335619 -20.43050957 183.9707489 -15.8335619 -18.43050957 183.9707489 -15.62395477 -19.43050957 183.76525879 -15.49475384 -18.43050957 183.62995911 -15.35371113 -19.43050957 183.46525574 -15.20630646 -18.43050957 183.25621033 -15.13459301 -19.43050957 183.13180542 -14.99394608 -18.43050957 182.83268738 -14.96638012 -19.43050957 182.76506042 -14.96638012 -19.93050957 182.76506042 -14.99394608 -20.43050957 182.83268738 -15.13459301 -19.93050957 183.13180542 -15.20630646 -20.43050957 183.25621033 -15.35371113 -19.93050957 183.46525574 -15.49475384 -20.43050957 183.62995911 -15.62395477 -19.93050957 183.76525879 -17.49795532 -20.43050957 184.46870422 -17.49795532 -18.43050957 184.46870422 -17.18517685 -19.43050957 184.44976807 -17.05307007 -18.43050957 184.43753052 -16.82427597 -19.43050957 184.40455627 -16.62333298 -18.43050957 184.35725403 -16.47901726 -19.43050957 184.30863953 -16.22005272 -18.43050957 184.19120789 -16.1515789 -19.43050957 184.15496826 -16.1515789 -19.93050957 184.15496826 -16.22005272 -20.43050957 184.19120789 -16.47901726 -19.93050957 184.30863953 -16.62333298 -20.43050957 184.35725403 -16.82427597 -19.93050957 184.40455627 -17.05307007 -20.43050957 184.43753052 -17.18517685 -19.93050957 184.44976807 -19.42496681 -20.43050957 183.91618347 -19.42496681 -18.43050957 183.91618347 -19.14136696 -19.43050957 184.07467651 -18.97468758 -18.43050957 184.16078186 -18.75599289 -19.43050957 184.2593689 -18.50656128 -18.43050957 184.34501648 -18.35238075 -19.43050957 184.38237 -18.01031113 -18.43050957 184.43409729 -17.9299736 -19.43050957 184.44180298 -17.9299736 -19.93050957 184.44180298 -18.01031113 -20.43050957 184.43409729 -18.35238075 -19.93050957 184.38237 -18.50656128 -20.43050957 184.34501648 -18.75599289 -19.93050957 184.2593689 -18.97468758 -20.43050957 184.16078186 -19.14136696 -19.93050957 184.07467651 -20.51296043 -20.43050957 182.43255615 -20.51296043 -18.43050957 182.43255615 -20.38807106 -19.43050957 182.72467041 -20.32317924 -18.43050957 182.86393738 -20.21334648 -19.43050957 183.07112122 -20.08883476 -18.43050957 183.26254272 -19.99271393 -19.43050957 183.38381958 -19.77957535 -18.43050957 183.60603333 -19.72189331 -19.43050957 183.65960693 -19.72189331 -19.93050957 183.65960693 -19.77957535 -20.43050957 183.60603333 -19.99271393 -19.93050957 183.38381958 -20.08883476 -20.43050957 183.26254272 -20.21334648 -19.93050957 183.07112122 -20.32317924 -20.43050957 182.86393738 -20.38807106 -19.93050957 182.72467041 -20.82674026 -20.43050957 180.51235962 -20.82674026 -18.43050957 180.51235962 -20.8122921 -19.43050957 180.83914185 -20.80238342 -18.43050957 181.00126648 -20.78095245 -19.43050957 181.24461365 -20.74855995 -18.43050957 181.4853363 -20.71927834 -19.43050957 181.64511108 -20.64554405 -18.43050957 181.96136475 -20.64554405 -20.43050957 181.96136475 -20.71927834 -19.93050957 181.64511108 -20.74855995 -20.43050957 181.4853363 -20.78095245 -19.93050957 181.24461365 -20.80238342 -20.43050957 181.00126648 -20.8122921 -19.93050957 180.83914185 -20.45498085 -20.43050957 178.28521729 -20.45498085 -18.43050957 178.28521729 -20.56160545 -19.43050957 178.62704468 -20.62037659 -18.43050957 178.82951355 -20.68658257 -19.43050957 179.08825684 -20.74452019 -18.43050957 179.38092041 -20.7694397 -19.43050957 179.55673218 -20.80405045 -18.43050957 179.94346619 -20.80405045 -20.43050957 179.94346619 -20.7694397 -19.93050957 179.55673218 -20.74452019 -20.43050957 179.38092041 -20.68658257 -19.93050957 179.08825684 -20.62037659 -20.43050957 178.82951355 -20.56160545 -19.93050957 178.62704468 -19.29877281 -20.43050957 176.86297607 -19.29877281 -18.43050957 176.86297607 -19.54267502 -19.43050957 177.04612732 -19.67138863 -18.43050957 177.14990234 -19.83821678 -19.43050957 177.30049133 -19.99739647 -18.43050957 177.47509766 -20.0859642 -19.43050957 177.59410095 -20.24814034 -18.43050957 177.86212158 -20.2834053 -19.43050957 177.92903137 -20.2834053 -19.93050957 177.92903137 -20.24814034 -20.43050957 177.86212158 -20.0859642 -19.93050957 177.59410095 -19.99739647 -20.43050957 177.47509766 -19.83821678 -19.93050957 177.30049133 -19.67138863 -20.43050957 177.14990234 -19.54267502 -19.93050957 177.04612732 -17.60027313 -20.43050957 176.39230347 -17.60027313 -18.43050957 176.39230347 -17.89898109 -19.43050957 176.41412354 -18.04730415 -18.43050957 176.42910767 -18.26695061 -19.43050957 176.46128845 -18.48211288 -18.43050957 176.51002502 -18.62233925 -19.43050957 176.55387878 -18.89655113 -18.43050957 176.66445923 -18.89655113 -20.43050957 176.66445923 -18.62233925 -19.93050957 176.55387878 -18.48211288 -20.43050957 176.51002502 -18.26695061 -19.93050957 176.46128845 -18.04730415 -20.43050957 176.42910767 -17.89898109 -19.93050957 176.41412354 -15.71759892 -20.43050957 177.0335083 -15.71759892 -18.43050957 177.0335083 -15.9947443 -19.43050957 176.84950256 -16.1476059 -18.43050957 176.75578308 -16.36330414 -19.43050957 176.64042664 -16.6002636 -18.43050957 176.54347229 -16.75509834 -19.43050957 176.49842834 -17.08956718 -18.43050957 176.4369812 -17.17138672 -19.43050957 176.42718506 -17.17138672 -19.93050957 176.42718506 -17.08956718 -20.43050957 176.4369812 -16.75509834 -19.93050957 176.49842834 -16.6002636 -20.43050957 176.54347229 -16.36330414 -19.93050957 176.64042664 -16.1476059 -20.43050957 176.75578308 -15.9947443 -19.93050957 176.84950256 -14.77919483 -19.43050957 178.55239868 -14.82637119 -18.43050957 178.39971924 -14.92732906 -19.43050957 178.12394714 -15.03526592 -18.43050957 177.8946228 -15.13377666 -19.43050957 177.72836304 -15.17756462 -18.43050957 177.66340637 -15.34408855 -18.43050957 177.4458313 -15.40771198 -19.43050957 177.37080383 -15.40771198 -19.93050957 177.37080383 -15.34408855 -20.43050957 177.4458313 -15.17756462 -20.43050957 177.66340637 -15.13377666 -19.93050957 177.72836304 -15.03526592 -20.43050957 177.8946228 -14.92732906 -19.93050957 178.12394714 -14.82637119 -20.43050957 178.39971924 -14.77919483 -19.93050957 178.55239868</float_array>
          <technique_common>
            <accessor source="#pos_6-array" count="1032" stride="3">
              <param name="X" type="float"/>
              <param name="Y" type="float"/>
              <param name="Z" type="float"/>
            </accessor>
          </technique_common>
        </source>
        <source id="norm_6">
          <float_array id="norm_6-array" count="585">0.24489 0 0.96955 0.7018 0 -0.71237 0.71942 0 -0.69458 0.74555 0 -0.66645 0.79406 0 -0.60784 0.79723 0 -0.60367 0.84747 0 -0.53084 0.86091 0 -0.50875 0.89397 0 -0.44814 0.90895 0 -0.4169 0.9425 0 -0.33422 0.93681 0 -0.34984 0.95513 0 -0.29619 0.06179 0 -0.99809 0.08985 0 -0.99595 0.12122 0 -0.99263 0.19994 0 -0.97981 0.19684 0 -0.98044 0.28645 0 -0.9581 0.3028 0 -0.95305 0.38176 0 -0.92426 0.41181 0 -0.91127 0.48533 0 -0.87433 0.50305 0 -0.86426 0.54034 0 -0.84145 -0.44959 -0 -0.89324 -0.43025 -0 -0.90271 -0.39774 -0 -0.9175 -0.33611 -0 -0.94182 -0.3298 -0 -0.94405 -0.23312 -0 -0.97245 -0.17686 -0 -0.98424 -0.08468 -0 -0.99641 -0.07076 -0 -0.99749 -0.03597 -0 -0.99935 -0.89721 -0 -0.44161 -0.88588 -0 -0.46392 -0.87241 -0 -0.48878 -0.83577 -0 -0.54907 -0.78041 -0 -0.62527 -0.73229 -0 -0.681 -0.65951 -0 -0.75169 -0.64589 -0 -0.76343 -0.61576 -0 -0.78793 -0.99901 -0 -0.04441 -0.99813 -0 -0.06118 -0.9967 -0 -0.08118 -0.99175 -0 -0.1282 -0.98138 -0 -0.19209 -0.97111 -0 -0.23865 -0.95278 -0 -0.30366 -0.94914 -0 -0.31486 -0.94058 -0 -0.33957 -0.92235 0 0.38635 -0.92936 0 0.36916 -0.93918 0 0.34342 -0.95669 0 0.29111 -0.97794 0 0.20888 -0.98721 0 0.15945 -0.99662 0 0.08214 -0.99756 0 0.06985 -0.99919 0 0.04029 -0.54646 0 0.83748 -0.56653 0 0.82404 -0.59238 0 0.80566 -0.64759 0 0.76199 -0.722 0 0.69189 -0.76782 0 0.64066 -0.82807 0 0.56062 -0.8373 0 0.54674 -0.85746 0 0.51455 -0.05524 0 0.99847 -0.07612 0 0.9971 -0.10111 0 0.99488 -0.15993 0 0.98713 -0.23991 0 0.97079 -0.29775 0 0.95464 -0.37758 0 0.92598 -0.39117 0 0.92032 -0.42096 0 0.90708 0.51468 0 0.85738 0.49309 0 0.86998 0.4606 0 0.88761 0.39258 0 0.91972 0.38876 0 0.92134 0.28327 0 0.95904 0.216 0 0.97639 0.18281 0 0.98315 0.09452 0 0.99552 0.11117 0 0.9938 0.0548 0 0.9985 0.94167 0 0.33652 0.93217 0 0.36201 0.92068 0 0.39032 0.88794 0 0.45995 0.8893 0 0.45732 0.83615 0 0.54851 0.78912 0 0.61424 0.76932 0 0.63886 0.7163 0 0.69779 0.70245 0 0.71173 0.67178 0 0.74075 0.22932 0 -0.97335 0.22932 0 -0.97335 0.22932 0 -0.97335 -0.69466 -0 -0.71934 -0.71081 -0 -0.70339 -0.73766 -0 -0.67517 -0.78351 -0 -0.62137 -0.8504 -0 -0.52613 -0.88062 -0 -0.47382 -0.92315 -0 -0.38443 -0.92867 -0 -0.37091 -0.94172 -0 -0.3364 -0.05133 -0 -0.99868 -0.07878 -0 -0.99689 -0.10748 -0 -0.99421 -0.18333 -0 -0.98305 -0.27903 -0 -0.96028 -0.35719 -0 -0.93403 -0.45854 -0 -0.88867 -0.47644 -0 -0.87921 -0.51337 -0 -0.85817 0.49477 0 -0.86902 0.47382 0 -0.88062 0.44147 0 -0.89728 0.37542 0 -0.92686 0.26832 0 -0.96333 0.20437 0 -0.97889 0.10352 0 -0.99463 0.08769 0 -0.99615 0.0495 0 -0.99877 0.92282 0 -0.38522 0.91257 0 -0.40893 0.89916 0 -0.43762 0.86416 0 -0.50321 0.80723 0 -0.59024 0.76059 0 -0.64923 0.68734 0 -0.72633 0.67402 0 -0.73872 0.64365 0 -0.76532 0.99921 0 -0.03968 0.99859 0 -0.05317 0.99755 0 -0.06997 0.99415 0 -0.10805 0.98693 0 -0.16114 0.98016 0 -0.1982 0.96792 0 -0.25125 0.95983 0 -0.28059 0.9532 0 0.30235 0.95746 0 0.28857 0.96362 0 0.26729 0.97421 0 0.22565 0.98714 0 0.15984 0.99254 0 0.12189 0.9981 0 0.06158 0.99958 0 0.02903 0.59355 0 0.8048 0.6143 0 0.78907 0.64286 0 0.76599 0.70031 0 0.71384 0.77901 0 0.62702 0.82295 0 0.56811 0.88035 0 0.47432 0.8886 0 0.45868 0.90677 0 0.42163 0.06544 0 0.99786 0.08759 0 0.99616 0.1155 0 0.99331 0.17872 0 0.9839 0.26707 0 0.96368 0.32756 0 0.94483 0.41221 0 0.91109 0.45746 0 0.88923 -0.5607 0 0.82802 -0.53776 0 0.8431 -0.50487 0 0.8632 -0.43244 0 0.90166 -0.31776 0 0.94817 -0.24282 0 0.97007 -0.12856 0 0.9917 -0.10999 0 0.99393 -0.06669 0 0.99777 -0.96693 0 0.25504 -0.95925 0 0.28255 -0.95093 0 0.30941 -0.92363 0 0.38327 -0.88181 0 0.4716 -0.83784 0 0.54591 -0.82064 0 0.57145 -0.76983 0 0.63825 -0.75598 0 0.65459 -0.72646 0 0.68721 -0 -1 -0 0 1 0</float_array>
          <technique_common>
            <accessor source="#norm_6-array" count="585" stride="3">
              <param name="X" type="float"/>
              <param name="Y" type="float"/>
              <param name="Z" type="float"/>
            </accessor>
          </technique_common>
        </source>
        <source id="uvs_6">
          <float_array id="uvs_6-array" count="0"></float_array>
          <technique_common>
            <accessor source="#uvs_6-array" count="0" stride="2">
              <param name="S" type="float"/>
              <param name="T" type="float"/>
            </accessor>
          </technique_common>
        </source>
        <vertices id="vert_6">
          <input semantic="POSITION" source="#pos_6"/>
        </vertices>
        <triangles count="684" material="mat_3">
          <input semantic="VERTEX" source="#vert_6" offset="0"/>
          <input semantic="NORMAL" source="#norm_6" offset="1"/>
          <p>0 0 1 0 2 0 2 0 1 0 3 0 2 0 3 0 4 0 4 0 0 0 2 0 5 1 6 1 7 2 7 2 6 1 8 3 7 2 8 3 9 4 9 4 8 3 10 5 9 4 10 5 11 6 11 6 10 5 12 7 11 6 12 7 13 8 13 8 12 7 14 9 13 8 14 9 15 10 15 10 14 9 16 11 15 10 16 11 1 12 1 12 0 12 15 10 15 10 0 12 17 10 15 10 17 10 18 8 18 8 17 10 19 9 18 8 19 9 20 7 0 12 21 11 17 10 17 10 21 11 19 9 18 8 20 7 22 6 22 6 20 7 23 5 22 6 23 5 24 4 24 4 23 5 25 3 24 4 25 3 26 2 26 2 25 3 5 1 26 2 5 1 7 2 15 10 18 8 13 8 13 8 18 8 22 6 13 8 22 6 11 6 11 6 22 6 24 4 11 6 24 4 9 4 9 4 24 4 26 2 9 4 26 2 7 2 27 13 28 13 29 14 29 14 28 13 30 15 29 14 30 15 31 16 31 16 30 15 32 17 31 16 32 17 33 18 33 18 32 17 34 19 33 18 34 19 35 20 35 20 34 19 36 21 35 20 36 21 37 22 35 20 37 22 38 23 38 23 37 22 6 24 38 23 6 24 5 24 38 23 5 24 39 23 39 23 5 24 40 22 39 23 40 22 41 21 39 23 41 21 42 20 42 20 41 21 43 19 42 20 43 19 44 18 44 18 43 19 45 17 44 18 45 17 46 16 46 16 45 17 47 15 46 16 47 15 48 14 48 14 47 15 27 13 48 14 27 13 29 14 39 23 42 20 38 23 38 23 42 20 35 20 42 20 44 18 35 20 35 20 44 18 33 18 48 14 29 14 31 16 44 18 46 16 33 18 33 18 46 16 31 16 46 16 48 14 31 16 49 25 50 25 51 26 51 26 50 25 52 27 51 26 52 27 53 28 53 28 52 27 54 29 53 28 54 29 55 30 53 28 55 30 56 31 56 31 55 30 57 32 56 31 57 32 58 33 58 33 57 32 28 34 58 33 28 34 27 34 58 33 27 34 59 33 59 33 27 34 60 32 59 33 60 32 61 31 61 31 60 32 62 30 61 31 62 30 63 28 63 28 62 30 64 29 63 28 64 29 65 27 63 28 65 27 66 26 66 26 65 27 49 25 66 26 49 25 51 26 59 33 61 31 58 33 58 33 61 31 56 31 66 26 51 26 53 28 61 31 63 28 56 31 56 31 63 28 53 28 63 28 66 26 53 28 67 35 68 35 69 36 69 36 68 35 70 37 69 36 70 37 71 38 71 38 70 37 72 39 71 38 72 39 73 40 73 40 72 39 74 41 73 40 74 41 75 42 75 42 74 41 50 43 75 42 50 43 49 43 75 42 49 43 76 42 76 42 49 43 77 41 76 42 77 41 78 40 78 40 77 41 79 39 78 40 79 39 80 38 80 38 79 39 81 37 80 38 81 37 82 36 82 36 81 37 67 35 82 36 67 35 69 36 76 42 78 40 75 42 75 42 78 40 73 40 82 36 69 36 71 38 78 40 80 38 73 40 73 40 80 38 71 38 80 38 82 36 71 38 83 44 84 44 85 45 85 45 84 44 86 46 85 45 86 46 87 47 87 47 86 46 88 48 87 47 88 48 89 49 89 49 88 48 90 50 89 49 90 50 91 51 91 51 90 50 68 52 91 51 68 52 67 52 91 51 67 52 92 51 92 51 67 52 93 50 92 51 93 50 94 49 94 49 93 50 95 48 94 49 95 48 96 47 96 47 95 48 97 46 96 47 97 46 98 45 98 45 97 46 83 44 98 45 83 44 85 45 92 51 94 49 91 51 91 51 94 49 89 49 98 45 85 45 87 47 94 49 96 47 89 49 89 49 96 47 87 47 96 47 98 45 87 47 99 53 100 53 101 54 101 54 100 53 102 55 101 54 102 55 103 56 103 56 102 55 104 57 103 56 104 57 105 58 105 58 104 57 106 59 105 58 106 59 107 60 107 60 106 59 84 61 107 60 84 61 83 61 107 60 83 61 108 60 108 60 83 61 109 59 108 60 109 59 110 58 110 58 109 59 111 57 110 58 111 57 112 56 112 56 111 57 113 55 112 56 113 55 114 54 114 54 113 55 99 53 114 54 99 53 101 54 108 60 110 58 107 60 107 60 110 58 105 58 114 54 101 54 103 56 110 58 112 56 105 58 105 58 112 56 103 56 112 56 114 54 103 56 115 62 116 62 117 63 117 63 116 62 118 64 117 63 118 64 119 65 119 65 118 64 120 66 119 65 120 66 121 67 121 67 120 66 122 68 121 67 122 68 123 69 123 69 122 68 100 70 123 69 100 70 99 70 123 69 99 70 124 69 124 69 99 70 125 68 124 69 125 68 126 67 126 67 125 68 127 66 126 67 127 66 128 65 128 65 127 66 129 64 128 65 129 64 130 63 130 63 129 64 115 62 130 63 115 62 117 63 124 69 126 67 123 69 123 69 126 67 121 67 130 63 117 63 119 65 126 67 128 65 121 67 121 67 128 65 119 65 128 65 130 63 119 65 131 71 132 71 133 72 133 72 132 71 134 73 133 72 134 73 135 74 135 74 134 73 136 75 135 74 136 75 137 76 137 76 136 75 138 77 137 76 138 77 139 78 139 78 138 77 116 79 139 78 116 79 115 79 139 78 115 79 140 78 140 78 115 79 141 77 140 78 141 77 142 76 142 76 141 77 143 75 142 76 143 75 144 74 144 74 143 75 145 73 144 74 145 73 146 72 146 72 145 73 131 71 146 72 131 71 133 72 140 78 142 76 139 78 139 78 142 76 137 76 146 72 133 72 135 74 142 76 144 74 137 76 137 76 144 74 135 74 144 74 146 72 135 74 147 80 148 80 149 81 149 81 148 80 150 82 149 81 150 82 151 83 151 83 150 82 152 84 151 83 152 84 153 85 151 83 153 85 154 86 154 86 153 85 155 87 154 86 155 87 156 88 156 88 155 87 157 89 156 88 157 89 132 90 132 90 131 90 156 88 156 88 131 90 158 88 156 88 158 88 159 86 159 86 158 88 160 87 159 86 160 87 161 85 131 90 162 89 158 88 158 88 162 89 160 87 159 86 161 85 163 83 163 83 161 85 164 84 163 83 164 84 165 82 163 83 165 82 166 81 166 81 165 82 147 80 166 81 147 80 149 81 156 88 159 86 154 86 154 86 159 86 163 83 154 86 163 83 151 83 151 83 163 83 166 81 151 83 166 81 149 81 167 91 168 91 169 92 169 92 168 91 170 93 169 92 170 93 171 94 171 94 170 93 172 95 171 94 172 95 173 96 171 94 173 96 174 97 174 97 173 96 175 98 174 97 175 98 176 99 174 97 176 99 177 100 177 100 176 99 148 101 177 100 148 101 147 101 177 100 147 101 178 100 178 100 147 101 179 99 178 100 179 99 180 98 178 100 180 98 181 97 181 97 180 98 182 96 181 97 182 96 183 94 183 94 182 96 184 95 183 94 184 95 185 93 183 94 185 93 186 92 186 92 185 93 167 91 186 92 167 91 169 92 178 100 181 97 177 100 177 100 181 97 174 97 186 92 169 92 171 94 181 97 183 94 174 97 174 97 183 94 171 94 183 94 186 92 171 94 187 102 188 102 189 103 189 103 188 102 168 104 189 103 168 104 167 104 167 104 187 102 189 103 190 105 191 105 192 106 192 106 191 105 193 107 192 106 193 107 194 108 194 108 193 107 195 109 194 108 195 109 196 110 196 110 195 109 197 111 196 110 197 111 198 112 198 112 197 111 188 113 198 112 188 113 187 113 198 112 187 113 199 112 199 112 187 113 200 111 199 112 200 111 201 110 201 110 200 111 202 109 201 110 202 109 203 108 203 108 202 109 204 107 203 108 204 107 205 106 205 106 204 107 190 105 205 106 190 105 192 106 199 112 201 110 198 112 198 112 201 110 196 110 205 106 192 106 194 108 201 110 203 108 196 110 196 110 203 108 194 108 203 108 205 106 194 108 206 114 207 114 208 115 208 115 207 114 209 116 208 115 209 116 210 117 210 117 209 116 211 118 210 117 211 118 212 119 212 119 211 118 213 120 212 119 213 120 214 121 214 121 213 120 191 122 214 121 191 122 190 122 214 121 190 122 215 121 215 121 190 122 216 120 215 121 216 120 217 119 217 119 216 120 218 118 217 119 218 118 219 117 219 117 218 118 220 116 219 117 220 116 221 115 221 115 220 116 206 114 221 115 206 114 208 115 215 121 217 119 214 121 214 121 217 119 212 119 221 115 208 115 210 117 217 119 219 117 212 119 212 119 219 117 210 117 219 117 221 115 210 117 222 123 223 123 224 124 224 124 223 123 225 125 224 124 225 125 226 126 226 126 225 125 227 127 226 126 227 127 228 128 228 128 227 127 229 129 228 128 229 129 230 130 230 130 229 129 207 131 230 130 207 131 206 131 230 130 206 131 231 130 231 130 206 131 232 129 231 130 232 129 233 128 233 128 232 129 234 127 233 128 234 127 235 126 235 126 234 127 236 125 235 126 236 125 237 124 237 124 236 125 222 123 237 124 222 123 224 124 231 130 233 128 230 130 230 130 233 128 228 128 237 124 224 124 226 126 233 128 235 126 228 128 228 128 235 126 226 126 235 126 237 124 226 126 238 132 239 132 240 133 240 133 239 132 241 134 240 133 241 134 242 135 242 135 241 134 243 136 242 135 243 136 244 137 244 137 243 136 245 138 244 137 245 138 246 139 246 139 245 138 223 140 246 139 223 140 222 140 246 139 222 140 247 139 247 139 222 140 248 138 247 139 248 138 249 137 249 137 248 138 250 136 249 137 250 136 251 135 251 135 250 136 252 134 251 135 252 134 253 133 253 133 252 134 238 132 253 133 238 132 240 133 247 139 249 137 246 139 246 139 249 137 244 137 253 133 240 133 242 135 249 137 251 135 244 137 244 137 251 135 242 135 251 135 253 133 242 135 254 141 255 141 256 142 256 142 255 141 257 143 256 142 257 143 258 144 258 144 257 143 259 145 258 144 259 145 260 146 260 146 259 145 261 147 260 146 261 147 239 148 238 148 262 147 239 148 239 148 262 147 260 146 260 146 262 147 263 146 263 146 262 147 264 145 263 146 264 145 265 144 265 144 264 145 266 143 265 144 266 143 267 142 267 142 266 143 254 141 267 142 254 141 256 142 267 142 256 142 258 144 263 146 265 144 260 146 260 146 265 144 258 144 265 144 267 142 258 144 268 149 269 149 270 150 270 150 269 149 271 151 270 150 271 151 272 152 272 152 271 151 273 153 272 152 273 153 274 154 274 154 273 153 275 155 274 154 275 155 255 156 254 156 276 155 255 156 255 156 276 155 274 154 274 154 276 155 277 154 277 154 276 155 278 153 277 154 278 153 279 152 279 152 278 153 280 151 279 152 280 151 281 150 281 150 280 151 268 149 281 150 268 149 270 150 281 150 270 150 272 152 277 154 279 152 274 154 274 154 279 152 272 152 279 152 281 150 272 152 282 157 283 157 284 158 284 158 283 157 285 159 284 158 285 159 286 160 286 160 285 159 287 161 286 160 287 161 288 162 288 162 287 161 289 163 288 162 289 163 290 164 290 164 289 163 269 165 290 164 269 165 268 165 290 164 268 165 291 164 291 164 268 165 292 163 291 164 292 163 293 162 293 162 292 163 294 161 293 162 294 161 295 160 295 160 294 161 296 159 295 160 296 159 297 158 297 158 296 159 282 157 297 158 282 157 284 158 291 164 293 162 290 164 290 164 293 162 288 162 297 158 284 158 286 160 293 162 295 160 288 162 288 162 295 160 286 160 295 160 297 158 286 160 298 166 299 166 300 167 300 167 299 166 301 168 300 167 301 168 302 169 302 169 301 168 303 170 302 169 303 170 304 171 304 171 303 170 305 172 304 171 305 172 283 173 282 173 306 172 283 173 283 173 306 172 304 171 304 171 306 172 307 171 307 171 306 172 308 170 307 171 308 170 309 169 309 169 308 170 310 168 309 169 310 168 311 167 311 167 310 168 298 166 311 167 298 166 300 167 311 167 300 167 302 169 307 171 309 169 304 171 304 171 309 169 302 169 309 169 311 167 302 169 312 174 313 174 314 175 314 175 313 174 315 176 314 175 315 176 316 177 316 177 315 176 317 178 316 177 317 178 318 179 318 179 317 178 319 180 318 179 319 180 320 181 320 181 319 180 299 182 320 181 299 182 298 182 320 181 298 182 321 181 321 181 298 182 322 180 321 181 322 180 323 179 323 179 322 180 324 178 323 179 324 178 325 177 325 177 324 178 326 176 325 177 326 176 327 175 327 175 326 176 312 174 327 175 312 174 314 175 321 181 323 179 320 181 320 181 323 179 318 179 327 175 314 175 316 177 323 179 325 177 318 179 318 179 325 177 316 177 325 177 327 175 316 177 4 183 3 183 328 184 328 184 3 183 329 185 328 184 329 185 330 186 330 186 329 185 331 187 330 186 331 187 332 188 332 188 331 187 333 189 332 188 333 189 334 190 332 188 334 190 335 191 335 191 334 190 313 192 335 191 313 192 312 192 335 191 312 192 336 191 336 191 312 192 337 190 336 191 337 190 338 189 336 191 338 189 339 188 339 188 338 189 340 187 339 188 340 187 341 186 341 186 340 187 342 185 341 186 342 185 343 184 343 184 342 185 4 183 343 184 4 183 328 184 336 191 339 188 335 191 335 191 339 188 332 188 343 184 328 184 330 186 339 188 341 186 332 188 332 188 341 186 330 186 341 186 343 184 330 186 0 193 4 193 21 193 21 193 4 193 342 193 21 193 342 193 19 193 19 193 342 193 340 193 19 193 340 193 20 193 20 193 340 193 23 193 23 193 340 193 338 193 23 193 338 193 25 193 25 193 338 193 337 193 25 193 337 193 5 193 5 193 337 193 312 193 5 193 312 193 40 193 40 193 312 193 326 193 40 193 326 193 41 193 41 193 326 193 43 193 43 193 326 193 324 193 43 193 324 193 45 193 45 193 324 193 47 193 47 193 324 193 322 193 47 193 322 193 27 193 27 193 322 193 298 193 27 193 298 193 60 193 60 193 298 193 310 193 60 193 310 193 308 193 60 193 308 193 62 193 62 193 308 193 306 193 62 193 306 193 64 193 64 193 306 193 65 193 65 193 306 193 282 193 65 193 282 193 49 193 49 193 282 193 296 193 49 193 296 193 77 193 77 193 296 193 294 193 77 193 294 193 79 193 79 193 294 193 292 193 79 193 292 193 81 193 81 193 292 193 268 193 81 193 268 193 67 193 67 193 268 193 280 193 67 193 280 193 93 193 93 193 280 193 278 193 93 193 278 193 95 193 95 193 278 193 276 193 95 193 276 193 97 193 97 193 276 193 254 193 97 193 254 193 83 193 83 193 254 193 266 193 83 193 266 193 109 193 109 193 266 193 264 193 109 193 264 193 111 193 111 193 264 193 262 193 111 193 262 193 113 193 113 193 262 193 238 193 113 193 238 193 99 193 99 193 238 193 252 193 99 193 252 193 125 193 125 193 252 193 250 193 125 193 250 193 127 193 127 193 250 193 248 193 127 193 248 193 129 193 129 193 248 193 222 193 129 193 222 193 115 193 115 193 222 193 141 193 141 193 222 193 236 193 141 193 236 193 234 193 232 193 145 193 234 193 234 193 145 193 143 193 234 193 143 193 141 193 232 193 206 193 145 193 145 193 206 193 131 193 131 193 206 193 220 193 131 193 220 193 162 193 162 193 220 193 218 193 162 193 218 193 160 193 160 193 218 193 161 193 161 193 218 193 216 193 161 193 216 193 164 193 164 193 216 193 165 193 165 193 216 193 190 193 165 193 190 193 147 193 147 193 190 193 204 193 147 193 204 193 179 193 179 193 204 193 202 193 179 193 202 193 180 193 180 193 202 193 182 193 182 193 202 193 200 193 182 193 200 193 184 193 184 193 200 193 185 193 185 193 200 193 187 193 185 193 187 193 167 193 334 194 6 194 313 194 313 194 6 194 37 194 313 194 37 194 315 194 315 194 37 194 36 194 315 194 36 194 34 194 6 194 334 194 8 194 8 194 334 194 333 194 8 194 333 194 10 194 10 194 333 194 331 194 10 194 331 194 12 194 12 194 331 194 14 194 14 194 331 194 329 194 14 194 329 194 16 194 16 194 329 194 3 194 16 194 3 194 1 194 315 194 34 194 317 194 317 194 34 194 32 194 317 194 32 194 30 194 317 194 30 194 319 194 319 194 30 194 28 194 319 194 28 194 299 194 299 194 28 194 57 194 299 194 57 194 301 194 301 194 57 194 303 194 303 194 57 194 55 194 303 194 55 194 305 194 305 194 55 194 54 194 305 194 54 194 52 194 305 194 52 194 283 194 283 194 52 194 50 194 283 194 50 194 285 194 285 194 50 194 74 194 285 194 74 194 287 194 287 194 74 194 72 194 287 194 72 194 289 194 289 194 72 194 70 194 289 194 70 194 269 194 269 194 70 194 68 194 269 194 68 194 271 194 271 194 68 194 90 194 271 194 90 194 273 194 273 194 90 194 88 194 273 194 88 194 275 194 275 194 88 194 86 194 275 194 86 194 255 194 255 194 86 194 84 194 255 194 84 194 257 194 257 194 84 194 106 194 257 194 106 194 259 194 259 194 106 194 104 194 259 194 104 194 261 194 261 194 104 194 102 194 261 194 102 194 239 194 239 194 102 194 100 194 239 194 100 194 241 194 241 194 100 194 122 194 241 194 122 194 243 194 243 194 122 194 120 194 243 194 120 194 245 194 245 194 120 194 118 194 245 194 118 194 223 194 223 194 118 194 116 194 223 194 116 194 138 194 136 194 227 194 138 194 138 194 227 194 225 194 138 194 225 194 223 194 136 194 134 194 227 194 227 194 134 194 229 194 229 194 134 194 207 194 207 194 134 194 132 194 207 194 132 194 209 194 209 194 132 194 157 194 209 194 157 194 211 194 211 194 157 194 155 194 211 194 155 194 153 194 211 194 153 194 213 194 213 194 153 194 152 194 213 194 152 194 150 194 213 194 150 194 191 194 191 194 150 194 148 194 191 194 148 194 193 194 193 194 148 194 176 194 193 194 176 194 195 194 195 194 176 194 175 194 195 194 175 194 173 194 195 194 173 194 197 194 197 194 173 194 172 194 197 194 172 194 170 194 168 194 188 194 170 194 170 194 188 194 197 194</p>
        </triangles>
      </mesh>
    </geometry>
    <geometry id="geometry_d1b96cc9_ce22_416c_b8b1_cb207ab0e2e6">
      <mesh>
        <source id="pos_7">
          <float_array id="pos_7-array" count="42">-45.64938354 -20.43050957 185.43051147 -45.64938354 -18.43050957 185.43051147 -45.64938354 -19.43050957 180.43051147 -45.64938354 -18.43050957 175.43051147 -45.64938354 -20.43050957 175.43051147 -44.32605743 -20.43050957 185.43051147 -44.32605743 -18.43050957 185.43051147 -44.98772049 -19.43050957 185.43051147 -44.32605743 -20.43050957 175.43051147 -44.32605743 -18.43050957 175.43051147 -44.32605743 -19.43050957 180.43051147 -44.98772049 -19.43050957 175.43051147 -44.98772049 -20.43050957 180.43051147 -44.98772049 -18.43050957 180.43051147</float_array>
          <technique_common>
            <accessor source="#pos_7-array" count="42" stride="3">
              <param name="X" type="float"/>
              <param name="Y" type="float"/>
              <param name="Z" type="float"/>
            </accessor>
          </technique_common>
        </source>
        <source id="norm_7">
          <float_array id="norm_7-array" count="18">-1 -0 -0 0 0 1 1 0 0 0 0 -1 0 -1 0 0 1 0</float_array>
          <technique_common>
            <accessor source="#norm_7-array" count="18" stride="3">
              <param name="X" type="float"/>
              <param name="Y" type="float"/>
              <param name="Z" type="float"/>
            </accessor>
          </technique_common>
        </source>
        <source id="uvs_7">
          <float_array id="uvs_7-array" count="0"></float_array>
          <technique_common>
            <accessor source="#uvs_7-array" count="0" stride="2">
              <param name="S" type="float"/>
              <param name="T" type="float"/>
            </accessor>
          </technique_common>
        </source>
        <vertices id="vert_7">
          <input semantic="POSITION" source="#pos_7"/>
        </vertices>
        <triangles count="24" material="mat_3">
          <input semantic="VERTEX" source="#vert_7" offset="0"/>
          <input semantic="NORMAL" source="#norm_7" offset="1"/>
          <p>0 0 1 0 2 0 2 0 1 0 3 0 2 0 3 0 4 0 4 0 0 0 2 0 5 1 6 1 7 1 7 1 6 1 1 1 7 1 1 1 0 1 0 1 5 1 7 1 8 2 9 2 10 2 10 2 9 2 6 2 10 2 6 2 5 2 5 2 8 2 10 2 4 3 3 3 11 3 11 3 3 3 9 3 11 3 9 3 8 3 8 3 4 3 11 3 0 4 4 4 12 4 12 4 4 4 8 4 12 4 8 4 5 4 5 4 0 4 12 4 6 5 9 5 13 5 13 5 9 5 3 5 13 5 3 5 1 5 1 5 6 5 13 5</p>
        </triangles>
      </mesh>
    </geometry>
  </library_geometries>
  <library_visual_scenes>
    <visual_scene id="DefaultScene">
      <node id="node_09cdee06_bc95_4c8e_abd6_289ed258b479" type="NODE">
        <matrix>1 0 0 0 0 1 0 0 0 0 1 0 0 0 0 1</matrix>
        <node id="node_09cdee06_bc95_4c8e_abd6_289ed258b479_mesh0" type="NODE">
          <matrix>10 0 0 0 0 10 0 0 0 0 10 0 0 0 0 1</matrix>
          <instance_geometry url="#geometry_19002b74_e155_47e8_945d_0ecacde42dc6">
            <bind_material>
              <technique_common>
                <instance_material symbol="mat_0" target="#mat_0"/>
              </technique_common>
            </bind_material>
          </instance_geometry>
        </node>
        <node id="node_09cdee06_bc95_4c8e_abd6_289ed258b479_mesh1" type="NODE">
          <matrix>10 0 0 0 0 10 0 0 0 0 10 0 0 0 0 1</matrix>
          <instance_geometry url="#geometry_7c28588e_6ade_400f_980e_28272a6469d8">
            <bind_material>
              <technique_common>
                <instance_material symbol="mat_1" target="#mat_1"/>
              </technique_common>
            </bind_material>
          </instance_geometry>
        </node>
        <node id="node_09cdee06_bc95_4c8e_abd6_289ed258b479_mesh2" type="NODE">
          <matrix>10 0 0 0 0 10 0 0 0 0 10 0 0 0 0 1</matrix>
          <instance_geometry url="#geometry_87ceb489_2472_40ac_8ca3_4f772613380e">
            <bind_material>
              <technique_common>
                <instance_material symbol="mat_2" target="#mat_2"/>
              </technique_common>
            </bind_material>
          </instance_geometry>
        </node>
        <node id="node_09cdee06_bc95_4c8e_abd6_289ed258b479_mesh3" type="NODE">
          <matrix>10 0 0 0 0 10 0 0 0 0 10 0 0 0 0 1</matrix>
          <instance_geometry url="#geometry_06f826a2_662c_4c9d_8cd6_6a2babfb1e2e">
            <bind_material>
              <technique_common>
                <instance_material symbol="mat_3" target="#mat_3"/>
              </technique_common>
            </bind_material>
          </instance_geometry>
        </node>
        <node id="node_09cdee06_bc95_4c8e_abd6_289ed258b479_mesh4" type="NODE">
          <matrix>10 0 0 0 0 10 0 0 0 0 10 0 0 0 0 1</matrix>
          <instance_geometry url="#geometry_f393b4ba_190d_4311_b6b6_f24500ef9ad9">
            <bind_material>
              <technique_common>
                <instance_material symbol="mat_3" target="#mat_3"/>
              </technique_common>
            </bind_material>
          </instance_geometry>
        </node>
        <node id="node_09cdee06_bc95_4c8e_abd6_289ed258b479_mesh5" type="NODE">
          <matrix>10 0 0 0 0 10 0 0 0 0 10 0 0 0 0 1</matrix>
          <instance_geometry url="#geometry_b2943e8a_9250_492b_be6f_c94c87cf2074">
            <bind_material>
              <technique_common>
                <instance_material symbol="mat_3" target="#mat_3"/>
              </technique_common>
            </bind_material>
          </instance_geometry>
        </node>
        <node id="node_09cdee06_bc95_4c8e_abd6_289ed258b479_mesh6" type="NODE">
          <matrix>10 0 0 0 0 10 0 0 0 0 10 0 0 0 0 1</matrix>
          <instance_geometry url="#geometry_53da27d7_8de3_4bb5_9557_97b982dcdb16">
            <bind_material>
              <technique_common>
                <instance_material symbol="mat_3" target="#mat_3"/>
              </technique_common>
            </bind_material>
          </instance_geometry>
        </node>
        <node id="node_09cdee06_bc95_4c8e_abd6_289ed258b479_mesh7" type="NODE">
          <matrix>10 0 0 0 0 10 0 0 0 0 10 0 0 0 0 1</matrix>
          <instance_geometry url="#geometry_d1b96cc9_ce22_416c_b8b1_cb207ab0e2e6">
            <bind_material>
              <technique_common>
                <instance_material symbol="mat_3" target="#mat_3"/>
              </technique_common>
            </bind_material>
          </instance_geometry>
        </node>
      </node>
    </visual_scene>
  </library_visual_scenes>
  <scene>
    <instance_visual_scene url="#DefaultScene"/>
  </scene>
</COLLADA>
